player_name,position,game_info,stats,salary,fppg,points,row_number,scrape_date,week,day
Drake Maye,QB,"NE 42 @ NYJ 10, Final","256 PASS YD,5 PASS TD,3 RUSH ATT,22 RUSH YD",$41,21.5,32.44,1,2025-12-29 16:26:42,Week 17,Sunday
Chase Brown,RB,"ARI 14 @ CIN 37, Final","22 RUSH ATT,101 RUSH YD,2 RUSH TD,3 TGT,3 REC,40 REC YD",$38,14.4,27.60,2,2025-12-29 16:26:42,Week 17,Sunday
Zach Charbonnet,RB,"SEA 27 @ CAR 10, Final","18 RUSH ATT,110 RUSH YD,2 RUSH TD,2 TGT,2 REC,12 REC YD",$20,10.3,25.20,3,2025-12-29 16:26:42,Week 17,Sunday
Jaxson Dart,QB,"NYG 34 @ LV 10, Final","207 PASS YD,9 RUSH ATT,48 RUSH YD,2 RUSH TD",$35,17.4,25.08,4,2025-12-29 16:26:42,Week 17,Sunday
Rhamondre Stevenson,RB,"NE 42 @ NYJ 10, Final","8 RUSH ATT,47 RUSH YD,RUSH TD,5 TGT,5 REC,55 REC YD,REC TD",$19,9.9,24.70,5,2025-12-29 16:26:42,Week 17,Sunday
Trevor Lawrence,QB,"JAC 23 @ IND 17, Final","263 PASS YD,INT,8 RUSH ATT,26 RUSH YD,2 RUSH TD",$42,20.4,24.12,6,2025-12-29 16:26:42,Week 17,Sunday
Josh AllenQ,QB,"PHI 13 @ BUF 12, Final","262 PASS YD,7 RUSH ATT,27 RUSH YD,2 RUSH TD,FUM LOST",$43,23.4,23.18,7,2025-12-29 16:26:42,Week 17,Sunday
Tyler Shough,QB,"NO 34 @ TEN 26, Final","333 PASS YD,2 PASS TD,4 RUSH ATT,6 RUSH YD",$32,14.1,21.92,8,2025-12-29 16:26:42,Week 17,Sunday
Chris Olave,WR,"NO 34 @ TEN 26, Final","11 TGT,8 REC,119 REC YD,REC TD",$38,13.7,21.90,9,2025-12-29 16:26:42,Week 17,Sunday
Ja'Marr Chase,WR,"ARI 14 @ CIN 37, Final","9 TGT,7 REC,60 REC YD,2 REC TD",$40,15.4,21.50,10,2025-12-29 16:26:42,Week 17,Sunday
Joe Burrow,QB,"ARI 14 @ CIN 37, Final","305 PASS YD,2 PASS TD,3 RUSH ATT,2 RUSH YD",$39,16.8,20.40,11,2025-12-29 16:26:42,Week 17,Sunday
Chris Godwin Jr.,WR,"TB 17 @ MIA 20, Final","8 TGT,7 REC,108 REC YD,REC TD",$23,8.1,20.30,12,2025-12-29 16:26:42,Week 17,Sunday
Breece HallQ,RB,"NE 42 @ NYJ 10, Final","14 RUSH ATT,111 RUSH YD,RUSH TD,3 TGT,2 REC,18 REC YD",$27,11.9,19.90,13,2025-12-29 16:26:42,Week 17,Sunday
Baker Mayfield,QB,"TB 17 @ MIA 20, Final","346 PASS YD,2 PASS TD,2 INT,3 RUSH ATT,16 RUSH YD,FUM LOST",$33,16.8,19.44,14,2025-12-29 16:26:42,Week 17,Sunday
Stefon Diggs,WR,"NE 42 @ NYJ 10, Final","6 TGT,6 REC,101 REC YD,REC TD",$25,10.1,19.10,15,2025-12-29 16:26:42,Week 17,Sunday
Trey McBride,TE,"ARI 14 @ CIN 37, Final","13 TGT,10 REC,76 REC YD,REC TD",$30,15.2,18.60,16,2025-12-29 16:26:42,Week 17,Sunday
New York Giants,DEF,"NYG 34 @ LV 10, Final","10 PTS ALLOWED,4 SACK,2 INT,RET TD",$12,4.5,18.00,17,2025-12-29 16:26:42,Week 17,Sunday
Michael Wilson,WR,"ARI 14 @ CIN 37, Final","10 TGT,5 REC,89 REC YD,REC TD",$29,10.2,17.40,18,2025-12-29 16:26:42,Week 17,Sunday
Cam Ward,QB,"NO 34 @ TEN 26, Final","251 PASS YD,2 PASS TD,2 RUSH ATT,10 RUSH YD,FUM LOST",$26,11.5,17.04,19,2025-12-29 16:26:42,Week 17,Sunday
Wan'Dale Robinson,WR,"NYG 34 @ LV 10, Final","14 TGT,11 REC,113 REC YD",$26,10.7,16.80,20,2025-12-29 16:26:42,Week 17,Sunday
Jacoby Brissett,QB,"ARI 14 @ CIN 37, Final","212 PASS YD,2 PASS TD",$39,16.8,16.48,21,2025-12-29 16:26:43,Week 17,Sunday
Audric Estime,RB,"NO 34 @ TEN 26, Final","14 RUSH ATT,94 RUSH YD,RUSH TD,TGT,REC,4 REC YD",$10,5.8,16.30,22,2025-12-29 16:26:43,Week 17,Sunday
Jonathan Taylor,RB,"JAC 23 @ IND 17, Final","21 RUSH ATT,70 RUSH YD,RUSH TD,6 TGT,3 REC,14 REC YD",$41,20.9,15.90,23,2025-12-29 16:26:43,Week 17,Sunday
Quinn Ewers,QB,"TB 17 @ MIA 20, Final","172 PASS YD,2 PASS TD,4 RUSH ATT,5 RUSH YD,TGT,REC,-6 REC YD",$21,8.8,15.28,24,2025-12-29 16:26:43,Week 17,Sunday
Devin Singletary,RB,"NYG 34 @ LV 10, Final","8 RUSH ATT,45 RUSH YD,RUSH TD,4 TGT,4 REC,25 REC YD",$15,5.6,15.00,25,2025-12-29 16:26:43,Week 17,Sunday
Parker Washington,WR,"JAC 23 @ IND 17, Final","RUSH ATT,-5 RUSH YD,10 TGT,8 REC,115 REC YD",$20,9.2,15.00,26,2025-12-29 16:26:43,Week 17,Sunday
Jalen McMillan,WR,"TB 17 @ MIA 20, Final","9 TGT,7 REC,114 REC YD",$14,7.4,14.90,27,2025-12-29 16:26:43,Week 17,Sunday
Greg Dulcich,TE,"TB 17 @ MIA 20, Final","RUSH ATT,-7 RUSH YD,6 TGT,5 REC,58 REC YD,REC TD",$10,5.6,13.60,28,2025-12-29 16:26:43,Week 17,Sunday
Michael Mayer,TE,"NYG 34 @ LV 10, Final","10 TGT,9 REC,89 REC YD",$10,4.2,13.40,29,2025-12-29 16:26:43,Week 17,Sunday
Kevin Austin Jr.,WR,"NO 34 @ TEN 26, Final","5 TGT,4 REC,52 REC YD,REC TD",$10,5.2,13.20,30,2025-12-29 16:26:43,Week 17,Sunday
Chig Okonkwo,TE,"NO 34 @ TEN 26, Final","7 TGT,3 REC,55 REC YD,REC TD",$13,5.9,13.00,31,2025-12-29 16:26:43,Week 17,Sunday
Philadelphia Eagles,DEF,"PHI 13 @ BUF 12, Final","12 PTS ALLOWED,5 SACK,FUM REC,BLK KICK",$15,8.2,13.00,32,2025-12-29 16:26:43,Week 17,Sunday
Theo Wease Jr.,WR,"TB 17 @ MIA 20, Final","TGT,REC,63 REC YD,REC TD",$10,8.5,12.80,33,2025-12-29 16:26:43,Week 17,Sunday
De'Von Achane,RB,"TB 17 @ MIA 20, Final","18 RUSH ATT,83 RUSH YD,3 TGT,3 REC,29 REC YD",$43,18.1,12.70,34,2025-12-29 16:26:43,Week 17,Sunday
Hunter Henry,TE,"NE 42 @ NYJ 10, Final","3 TGT,3 REC,49 REC YD,REC TD",$18,8.8,12.40,35,2025-12-29 16:26:43,Week 17,Sunday
Brandin Cooks,WR,"PHI 13 @ BUF 12, Final","6 TGT,4 REC,101 REC YD",$10,2.9,12.10,36,2025-12-29 16:26:43,Week 17,Sunday
Miami Dolphins,DEF,"TB 17 @ MIA 20, Final","17 PTS ALLOWED,3 SACK,2 INT,FUM REC,BLK KICK",$12,6.1,12.00,37,2025-12-29 16:26:43,Week 17,Sunday
New Orleans Saints,DEF,"NO 34 @ TEN 26, Final","26 PTS ALLOWED,4 SACK,FUM REC,TD",$15,7.0,12.00,38,2025-12-29 16:26:43,Week 17,Sunday
AJ Barner,TE,"SEA 27 @ CAR 10, Final","3 TGT,3 REC,43 REC YD,REC TD",$12,7.4,11.80,39,2025-12-29 16:26:43,Week 17,Sunday
Elic Ayomanor,WR,"NO 34 @ TEN 26, Final","7 TGT,4 REC,37 REC YD,REC TD",$15,6.0,11.70,40,2025-12-29 16:26:43,Week 17,Sunday
Jaxon Smith-Njigba,WR,"SEA 27 @ CAR 10, Final","12 TGT,9 REC,72 REC YD",$42,18.1,11.70,41,2025-12-29 16:26:43,Week 17,Sunday
Juwan Johnson,TE,"NO 34 @ TEN 26, Final","4 TGT,4 REC,95 REC YD",$16,8.5,11.50,42,2025-12-29 16:26:43,Week 17,Sunday
Shedeur Sanders,QB,"PIT 6 @ CLE 13, Final","186 PASS YD,PASS TD,2 INT,4 RUSH ATT,20 RUSH YD",$28,12.8,11.44,43,2025-12-29 16:26:43,Week 17,Sunday
Efton Chism III,WR,"NE 42 @ NYJ 10, Final","2 TGT,2 REC,40 REC YD,REC TD",$10,1.6,11.00,44,2025-12-29 16:26:43,Week 17,Sunday
Mike Evans,WR,"TB 17 @ MIA 20, Final","7 TGT,3 REC,31 REC YD,REC TD",$27,9.3,10.60,45,2025-12-29 16:26:43,Week 17,Sunday
Tony Pollard,RB,"NO 34 @ TEN 26, Final","18 RUSH ATT,85 RUSH YD,2 TGT,2 REC,10 REC YD",$28,10.1,10.50,46,2025-12-29 16:26:44,Week 17,Sunday
Travis Etienne Jr.,RB,"JAC 23 @ IND 17, Final","17 RUSH ATT,76 RUSH YD,3 TGT,2 REC,16 REC YD",$35,14.5,10.20,47,2025-12-29 16:26:44,Week 17,Sunday
Harold Fannin Jr.Q,TE,"PIT 6 @ CLE 13, Final","2 TGT,2 REC,30 REC YD,REC TD",$20,9.4,10.00,48,2025-12-29 16:26:44,Week 17,Sunday
Pittsburgh Steelers,DEF,"PIT 6 @ CLE 13, Final","13 PTS ALLOWED,2 SACK,2 INT",$16,7.8,10.00,49,2025-12-29 16:26:44,Week 17,Sunday
Seattle Seahawks,DEF,"SEA 27 @ CAR 10, Final","10 PTS ALLOWED,2 SACK,INT,FUM REC",$20,10.4,10.00,50,2025-12-29 16:26:44,Week 17,Sunday
Bryce Young,QB,"SEA 27 @ CAR 10, Final","54 PASS YD,INT,9 RUSH ATT,27 RUSH YD,RUSH TD",$27,14.1,9.86,51,2025-12-29 16:26:44,Week 17,Sunday
Mo Alie-Cox,TE,"JAC 23 @ IND 17, Final","3 TGT,3 REC,20 REC YD,REC TD",$10,2.1,9.50,52,2025-12-29 16:26:44,Week 17,Sunday
A.J. Brown,WR,"PHI 13 @ BUF 12, Final","7 TGT,5 REC,68 REC YD",$31,12.1,9.30,53,2025-12-29 16:26:44,Week 17,Sunday
Geno SmithD,QB,"NYG 34 @ LV 10, Final","176 PASS YD,PASS TD,2 INT,RUSH ATT,RUSH YD",$30,12.7,9.14,54,2025-12-29 16:26:44,Week 17,Sunday
Cleveland Browns,DEF,"PIT 6 @ CLE 13, Final","6 PTS ALLOWED,2 SACK",$11,7.0,9.00,55,2025-12-29 16:26:44,Week 17,Sunday
Jalen Hurts,QB,"PHI 13 @ BUF 12, Final","110 PASS YD,PASS TD,3 RUSH ATT,5 RUSH YD",$36,19.1,8.90,56,2025-12-29 16:26:44,Week 17,Sunday
Philip Rivers,QB,"JAC 23 @ IND 17, Final","147 PASS YD,PASS TD,INT,RUSH ATT,-1 RUSH YD",$21,11.6,8.78,57,2025-12-29 16:26:44,Week 17,Sunday
Ashton Jeanty,RB,"NYG 34 @ LV 10, Final","16 RUSH ATT,60 RUSH YD,2 TGT,2 REC,13 REC YD",$36,12.9,8.30,58,2025-12-29 16:26:44,Week 17,Sunday
Dallas Goedert,TE,"PHI 13 @ BUF 12, Final","6 TGT,3 REC,8 REC YD,REC TD",$19,10.3,8.30,59,2025-12-29 16:26:44,Week 17,Sunday
TreVeyon Henderson,RB,"NE 42 @ NYJ 10, Final","19 RUSH ATT,82 RUSH YD",$29,10.7,8.20,60,2025-12-29 16:26:44,Week 17,Sunday
Chimere Dike,WR,"NO 34 @ TEN 26, Final","RUSH ATT,7 RUSH YD,5 TGT,4 REC,55 REC YD",$15,6.1,8.20,61,2025-12-29 16:26:44,Week 17,Sunday
James Cook III,RB,"PHI 13 @ BUF 12, Final","20 RUSH ATT,74 RUSH YD,4 TGT,REC,3 REC YD",$40,17.8,8.20,62,2025-12-29 16:26:44,Week 17,Sunday
Austin Hooper,TE,"NE 42 @ NYJ 10, Final","2 TGT,2 REC,11 REC YD,REC TD",$10,4.0,8.10,63,2025-12-29 16:26:44,Week 17,Sunday
Tyler Lockett,WR,"NYG 34 @ LV 10, Final","3 TGT,2 REC,9 REC YD,REC TD",$10,3.1,7.90,64,2025-12-29 16:26:44,Week 17,Sunday
Jerry Jeudy,WR,"PIT 6 @ CLE 13, Final","7 TGT,5 REC,54 REC YD",$17,5.8,7.90,65,2025-12-29 16:26:44,Week 17,Sunday
Tee Higgins,WR,"ARI 14 @ CIN 37, Final","5 TGT,4 REC,59 REC YD",$34,11.9,7.90,66,2025-12-29 16:26:44,Week 17,Sunday
Pat Freiermuth,TE,"PIT 6 @ CLE 13, Final","5 TGT,3 REC,63 REC YD",$12,6.2,7.80,67,2025-12-29 16:26:44,Week 17,Sunday
Samaje Perine,RB,"ARI 14 @ CIN 37, Final","3 RUSH ATT,5 RUSH YD,RUSH TD,TGT,REC,8 REC YD",$14,4.5,7.80,68,2025-12-29 16:26:44,Week 17,Sunday
Rico Dowdle,RB,"SEA 27 @ CAR 10, Final","12 RUSH ATT,59 RUSH YD,5 TGT,3 REC,4 REC YD",$24,12.2,7.80,69,2025-12-29 16:26:44,Week 17,Sunday
Tre Tucker,WR,"NYG 34 @ LV 10, Final","2 RUSH ATT,6 TGT,5 REC,49 REC YD",$13,8.1,7.40,70,2025-12-29 16:26:44,Week 17,Sunday
Aaron Rodgers,QB,"PIT 6 @ CLE 13, Final","168 PASS YD,RUSH ATT,6 RUSH YD",$30,14.4,7.32,71,2025-12-29 16:26:45,Week 17,Sunday
Sam Darnold,QB,"SEA 27 @ CAR 10, Final","147 PASS YD,PASS TD,INT,3 RUSH ATT,2 RUSH YD,FUM LOST",$31,15.0,7.08,72,2025-12-29 16:26:45,Week 17,Sunday
New England Patriots,DEF,"NE 42 @ NYJ 10, Final","10 PTS ALLOWED,SACK,INT",$15,7.2,7.00,73,2025-12-29 16:26:45,Week 17,Sunday
Jacksonville Jaguars,DEF,"JAC 23 @ IND 17, Final","17 PTS ALLOWED,2 SACK,2 INT",$19,8.2,7.00,74,2025-12-29 16:26:45,Week 17,Sunday
Carolina Panthers,DEF,"SEA 27 @ CAR 10, Final","27 PTS ALLOWED,3 SACK,INT,FUM REC",$12,6.0,7.00,75,2025-12-29 16:26:45,Week 17,Sunday
Brenton Strange,TE,"JAC 23 @ IND 17, Final","5 TGT,3 REC,54 REC YD",$16,7.3,6.90,76,2025-12-29 16:26:45,Week 17,Sunday
Tyler Warren,TE,"JAC 23 @ IND 17, Final","5 TGT,5 REC,43 REC YD",$17,9.1,6.80,77,2025-12-29 16:26:45,Week 17,Sunday
Saquon Barkley,RB,"PHI 13 @ BUF 12, Final","19 RUSH ATT,68 RUSH YD",$36,13.4,6.80,78,2025-12-29 16:26:45,Week 17,Sunday
Kenneth Walker III,RB,"SEA 27 @ CAR 10, Final","15 RUSH ATT,51 RUSH YD,2 TGT,2 REC,6 REC YD",$25,10.1,6.70,79,2025-12-29 16:26:45,Week 17,Sunday
Khalil Shakir,WR,"PHI 13 @ BUF 12, Final","7 TGT,6 REC,35 REC YD",$18,8.2,6.50,80,2025-12-29 16:26:45,Week 17,Sunday
Jaylen Warren,RB,"PIT 6 @ CLE 13, Final","12 RUSH ATT,64 RUSH YD",$30,12.3,6.40,81,2025-12-29 16:26:45,Week 17,Sunday
Ty Johnson,RB,"PHI 13 @ BUF 12, Final","5 RUSH ATT,15 RUSH YD,4 TGT,3 REC,33 REC YD",$11,4.4,6.30,82,2025-12-29 16:26:45,Week 17,Sunday
Tyrone Tracy Jr.,RB,"NYG 34 @ LV 10, Final","14 RUSH ATT,62 RUSH YD,2 TGT,REC,-5 REC YD",$27,8.5,6.20,83,2025-12-29 16:26:45,Week 17,Sunday
Andrei Iosivas,WR,"ARI 14 @ CIN 37, Final","6 TGT,4 REC,41 REC YD",$11,5.1,6.10,84,2025-12-29 16:26:45,Week 17,Sunday
Van JeffersonO,WR,"NO 34 @ TEN 26, Final","3 TGT,3 REC,46 REC YD",$11,4.0,6.10,85,2025-12-29 16:26:45,Week 17,Sunday
Indianapolis Colts,DEF,"JAC 23 @ IND 17, Final","23 PTS ALLOWED,2 SACK,INT,FUM REC",$11,6.3,6.00,86,2025-12-29 16:26:45,Week 17,Sunday
Brian Thomas Jr.,WR,"JAC 23 @ IND 17, Final","7 TGT,4 REC,39 REC YD",$24,8.3,5.90,87,2025-12-29 16:26:45,Week 17,Sunday
Bucky Irving,RB,"TB 17 @ MIA 20, Final","9 RUSH ATT,19 RUSH YD,6 TGT,5 REC,14 REC YD",$32,12.6,5.80,88,2025-12-29 16:26:45,Week 17,Sunday
Mike Gesicki,TE,"ARI 14 @ CIN 37, Final","2 TGT,2 REC,47 REC YD",$12,4.9,5.70,89,2025-12-29 16:26:45,Week 17,Sunday
Jaylen Wright,RB,"TB 17 @ MIA 20, Final","5 RUSH ATT,56 RUSH YD",$10,4.7,5.60,90,2025-12-29 16:26:45,Week 17,Sunday
John Metchie III,WR,"NE 42 @ NYJ 10, Final","3 TGT,3 REC,41 REC YD",$11,4.3,5.60,91,2025-12-29 16:26:45,Week 17,Sunday
Isaiah Williams,WR,"NE 42 @ NYJ 10, Final","RUSH ATT,5 RUSH YD,5 TGT,4 REC,30 REC YD",$10,3.3,5.50,92,2025-12-29 16:26:45,Week 17,Sunday
Dawson Knox,TE,"PHI 13 @ BUF 12, Final","5 TGT,5 REC,30 REC YD",$12,5.1,5.50,93,2025-12-29 16:26:45,Week 17,Sunday
Cade Otton,TE,"TB 17 @ MIA 20, Final","4 TGT,4 REC,33 REC YD",$10,5.3,5.30,94,2025-12-29 16:26:45,Week 17,Sunday
Kenneth Gainwell,RB,"PIT 6 @ CLE 13, Final","7 RUSH ATT,26 RUSH YD,4 TGT,3 REC,12 REC YD",$23,10.5,5.30,95,2025-12-29 16:26:45,Week 17,Sunday
Michael Carter,RB,"ARI 14 @ CIN 37, Final","7 RUSH ATT,29 RUSH YD,4 TGT,2 REC,14 REC YD",$19,6.4,5.30,96,2025-12-29 16:26:45,Week 17,Sunday
Jonnu Smith,TE,"PIT 6 @ CLE 13, Final","2 RUSH ATT,9 RUSH YD,5 TGT,5 REC,18 REC YD",$10,4.1,5.20,97,2025-12-29 16:26:46,Week 17,Sunday
Brady Cook,QB,"NE 42 @ NYJ 10, Final","152 PASS YD,INT,2 RUSH ATT,RUSH YD",$20,6.6,5.18,98,2025-12-29 16:26:46,Week 17,Sunday
Cincinnati Bengals,DEF,"ARI 14 @ CIN 37, Final","14 PTS ALLOWED,4 SACK",$12,4.2,5.00,99,2025-12-29 16:26:46,Week 17,Sunday
Buffalo Bills,DEF,"PHI 13 @ BUF 12, Final","13 PTS ALLOWED,SACK",$14,6.6,5.00,100,2025-12-29 16:26:46,Week 17,Sunday
Jakobi Meyers,WR,"JAC 23 @ IND 17, Final","9 TGT,6 REC,39 REC YD,FUM LOST",$22,8.8,4.90,101,2025-12-29 16:26:46,Week 17,Sunday
Dante Pettis,WR,"NO 34 @ TEN 26, Final","4 TGT,3 REC,53 REC YD,FUM LOST",$10,1.1,4.80,102,2025-12-29 16:26:46,Week 17,Sunday
Cedric Tillman,WR,"PIT 6 @ CLE 13, Final","TGT,REC,42 REC YD",$10,4.2,4.70,103,2025-12-29 16:26:46,Week 17,Sunday
Darius Slayton,WR,"NYG 34 @ LV 10, Final","3 TGT,2 REC,36 REC YD",$19,5.6,4.60,104,2025-12-29 16:26:46,Week 17,Sunday
Tyrell Shavers,WR,"PHI 13 @ BUF 12, Final","3 TGT,2 REC,36 REC YD",$10,3.5,4.60,105,2025-12-29 16:26:46,Week 17,Sunday
Josh Downs,WR,"JAC 23 @ IND 17, Final","5 TGT,2 REC,34 REC YD",$17,6.7,4.40,106,2025-12-29 16:26:46,Week 17,Sunday
Dylan Sampson,RB,"PIT 6 @ CLE 13, Final","11 RUSH ATT,27 RUSH YD,3 TGT,3 REC",$19,4.7,4.20,107,2025-12-29 16:26:46,Week 17,Sunday
Tanner Hudson,TE,"ARI 14 @ CIN 37, Final","2 TGT,2 REC,31 REC YD",$10,3.8,4.10,108,2025-12-29 16:26:46,Week 17,Sunday
Scotty Miller,WR,"PIT 6 @ CLE 13, Final","7 TGT,3 REC,25 REC YD",$10,2.2,4.00,109,2025-12-29 16:26:46,Week 17,Sunday
Mason Kinsey,WR,"NO 34 @ TEN 26, Final","TGT,REC,34 REC YD",$10,1.2,3.90,110,2025-12-29 16:26:46,Week 17,Sunday
Adonai Mitchell,WR,"NE 42 @ NYJ 10, Final","9 TGT,3 REC,22 REC YD",$16,4.8,3.70,111,2025-12-29 16:26:46,Week 17,Sunday
Raheim Sanders,RB,"PIT 6 @ CLE 13, Final","8 RUSH ATT,21 RUSH YD,2 TGT,REC,10 REC YD",$10,3.8,3.60,112,2025-12-29 16:26:46,Week 17,Sunday
Marquez Valdes-Scantling,WR,"PIT 6 @ CLE 13, Final","9 TGT,3 REC,21 REC YD",$10,2.4,3.60,113,2025-12-29 16:26:46,Week 17,Sunday
Emeka Egbuka,WR,"TB 17 @ MIA 20, Final","5 TGT,3 REC,20 REC YD",$17,10.2,3.50,114,2025-12-29 16:26:46,Week 17,Sunday
Kyle Williams,WR,"NE 42 @ NYJ 10, Final","5 TGT,3 REC,20 REC YD",$10,3.4,3.50,115,2025-12-29 16:26:46,Week 17,Sunday
DeVonta Smith,WR,"PHI 13 @ BUF 12, Final","5 TGT,2 REC,25 REC YD",$24,9.8,3.50,116,2025-12-29 16:26:46,Week 17,Sunday
Xavier Weaver,WR,"ARI 14 @ CIN 37, Final","3 TGT,2 REC,24 REC YD",$10,1.5,3.40,117,2025-12-29 16:26:46,Week 17,Sunday
Kene Nwangwu,RB,"NE 42 @ NYJ 10, Final","6 RUSH ATT,31 RUSH YD",$10,1.0,3.10,118,2025-12-29 16:26:46,Week 17,Sunday
Tampa Bay Buccaneers,DEF,"TB 17 @ MIA 20, Final","20 PTS ALLOWED,2 SACK",$12,5.7,3.00,119,2025-12-29 16:26:46,Week 17,Sunday
Emari Demercado,RB,"ARI 14 @ CIN 37, Final","5 RUSH ATT,11 RUSH YD,3 TGT,2 REC,9 REC YD",$14,4.1,3.00,120,2025-12-29 16:26:46,Week 17,Sunday
Tennessee Titans,DEF,"NO 34 @ TEN 26, Final","28 PTS ALLOWED,2 SACK,FUM REC",$12,5.6,3.00,121,2025-12-29 16:26:47,Week 17,Sunday
Tez Johnson,WR,"TB 17 @ MIA 20, Final","2 TGT,2 REC,19 REC YD",$10,5.1,2.90,122,2025-12-29 16:26:47,Week 17,Sunday
Stone Smartt,TE,"NE 42 @ NYJ 10, Final","3 TGT,2 REC,18 REC YD",$10,1.5,2.80,123,2025-12-29 16:26:47,Week 17,Sunday
Rachaad White,RB,"TB 17 @ MIA 20, Final","2 RUSH ATT,10 RUSH YD,2 TGT,2 REC,7 REC YD",$13,7.4,2.70,124,2025-12-29 16:26:47,Week 17,Sunday
Connor Heyward,TE,"PIT 6 @ CLE 13, Final","2 RUSH ATT,26 RUSH YD",$10,1.6,2.60,125,2025-12-29 16:26:47,Week 17,Sunday
Michael Pittman Jr.,WR,"JAC 23 @ IND 17, Final","3 TGT,2 REC,16 REC YD",$21,10.0,2.60,126,2025-12-29 16:26:47,Week 17,Sunday
Jalen Coker,WR,"SEA 27 @ CAR 10, Final","2 TGT,2 REC,16 REC YD",$17,6.0,2.60,127,2025-12-29 16:26:47,Week 17,Sunday
Isaiah DavisQ,RB,"NE 42 @ NYJ 10, Final","3 RUSH ATT,11 RUSH YD,TGT,REC,9 REC YD",$12,3.8,2.50,128,2025-12-29 16:26:47,Week 17,Sunday
Darnell WashingtonD,TE,"PIT 6 @ CLE 13, Final","2 TGT,2 REC,15 REC YD",$10,3.9,2.50,129,2025-12-29 16:26:47,Week 17,Sunday
Gunner Olszewski,WR,"NYG 34 @ LV 10, Final","TGT,REC,19 REC YD",$10,1.1,2.40,130,2025-12-29 16:26:47,Week 17,Sunday
Adam Thielen,WR,"PIT 6 @ CLE 13, Final","5 TGT,2 REC,14 REC YD",$10,1.9,2.40,131,2025-12-29 16:26:47,Week 17,Sunday
Brenden Bates,TE,"PIT 6 @ CLE 13, Final","TGT,REC,19 REC YD",$10,1.4,2.40,132,2025-12-29 16:26:47,Week 17,Sunday
Tahj Brooks,RB,"ARI 14 @ CIN 37, Final","3 RUSH ATT,10 RUSH YD,TGT,REC,9 REC YD",$10,0.5,2.40,133,2025-12-29 16:26:47,Week 17,Sunday
Dont'e Thornton Jr.,WR,"NYG 34 @ LV 10, Final","4 TGT,2 REC,12 REC YD",$10,1.9,2.20,134,2025-12-29 16:26:47,Week 17,Sunday
Julian Hill,TE,"TB 17 @ MIA 20, Final","2 TGT,REC,16 REC YD",$10,2.0,2.10,135,2025-12-29 16:26:47,Week 17,Sunday
Daniel Bellinger,TE,"NYG 34 @ LV 10, Final","3 TGT,2 REC,11 REC YD",$10,3.3,2.10,136,2025-12-29 16:26:47,Week 17,Sunday
Isaiah Bond,WR,"PIT 6 @ CLE 13, Final","TGT,REC,16 REC YD",$10,3.1,2.10,137,2025-12-29 16:26:47,Week 17,Sunday
Will Mallory,TE,"JAC 23 @ IND 17, Final","TGT,REC,16 REC YD",$10,2.1,2.10,138,2025-12-29 16:26:47,Week 17,Sunday
DeeJay Dallas,RB,"JAC 23 @ IND 17, Final","2 RUSH ATT,21 RUSH YD,TGT",$10,0.5,2.10,139,2025-12-29 16:26:47,Week 17,Sunday
Ray Davis,RB,"PHI 13 @ BUF 12, Final","RUSH ATT,4 RUSH YD,TGT,REC,12 REC YD",$10,2.2,2.10,140,2025-12-29 16:26:47,Week 17,Sunday
Moliki Matavao,TE,"NO 34 @ TEN 26, Final","2 TGT,2 REC,10 REC YD",$10,2.0,2.00,141,2025-12-29 16:26:47,Week 17,Sunday
Jimmy Horn Jr.,WR,"SEA 27 @ CAR 10, Final","2 TGT,2 REC,9 REC YD",$10,2.4,1.90,142,2025-12-29 16:26:47,Week 17,Sunday
Joshua Palmer,WR,"PHI 13 @ BUF 12, Final","2 TGT,REC,12 REC YD",$11,3.7,1.70,143,2025-12-29 16:26:47,Week 17,Sunday
DeMario Douglas,WR,"NE 42 @ NYJ 10, Final","2 TGT,REC,10 REC YD",$10,5.1,1.50,144,2025-12-29 16:26:47,Week 17,Sunday
David Martin-Robinson,TE,"NO 34 @ TEN 26, Final","TGT,REC,9 REC YD",$10,1.0,1.40,145,2025-12-29 16:26:47,Week 17,Sunday
Tank Bigsby,RB,"PHI 13 @ BUF 12, Final","2 RUSH ATT,7 RUSH YD,TGT,REC,2 REC YD",$10,2.5,1.40,146,2025-12-29 16:26:47,Week 17,Sunday
Cedrick Wilson Jr.,WR,"TB 17 @ MIA 20, Final","2 TGT,REC,8 REC YD",$10,1.4,1.30,147,2025-12-29 16:26:48,Week 17,Sunday
Isaiah Hodgins,WR,"NYG 34 @ LV 10, Final","2 TGT,REC,8 REC YD",$10,3.8,1.30,148,2025-12-29 16:26:48,Week 17,Sunday
Drew Sample,TE,"ARI 14 @ CIN 37, Final","TGT,REC,8 REC YD",$10,1.9,1.30,149,2025-12-29 16:26:48,Week 17,Sunday
Rashid ShaheedQ,WR,"SEA 27 @ CAR 10, Final","TGT,REC,8 REC YD",$16,7.4,1.30,150,2025-12-29 16:26:48,Week 17,Sunday
Chuba Hubbard,RB,"SEA 27 @ CAR 10, Final","4 RUSH ATT,12 RUSH YD,3 TGT,3 REC,6 REC YD,FUM LOST",$17,7.7,1.30,151,2025-12-29 16:26:48,Week 17,Sunday
Joe Flacco,QB,"ARI 14 @ CIN 37, Final","24 PASS YD,4 RUSH ATT,2 RUSH YD",$20,13.0,1.16,152,2025-12-29 16:26:48,Week 17,Sunday
Joshua Dobbs,QB,"NE 42 @ NYJ 10, Final","30 PASS YD,2 RUSH ATT,-1 RUSH YD",$20,0.4,1.10,153,2025-12-29 16:26:48,Week 17,Sunday
Cooper Kupp,WR,"SEA 27 @ CAR 10, Final","3 TGT,REC,6 REC YD",$17,6.0,1.10,154,2025-12-29 16:26:48,Week 17,Sunday
Tommy Tremble,TE,"SEA 27 @ CAR 10, Final","TGT,REC,6 REC YD",$10,2.6,1.10,155,2025-12-29 16:26:48,Week 17,Sunday
Mitchell Evans,TE,"SEA 27 @ CAR 10, Final","RUSH ATT,RUSH YD,2 TGT,REC,5 REC YD",$10,3.1,1.10,156,2025-12-29 16:26:48,Week 17,Sunday
Malik Washington,WR,"TB 17 @ MIA 20, Final","RUSH ATT,RUSH YD,3 TGT,REC,4 REC YD",$12,5.2,1.00,157,2025-12-29 16:26:48,Week 17,Sunday
Arian Smith,WR,"NE 42 @ NYJ 10, Final","TGT,REC,5 REC YD",$10,0.8,1.00,158,2025-12-29 16:26:48,Week 17,Sunday
Las Vegas Raiders,DEF,"NYG 34 @ LV 10, Final","34 PTS ALLOWED,2 SACK",$10,3.6,1.00,159,2025-12-29 16:26:48,Week 17,Sunday
Trayveon Williams,RB,"PIT 6 @ CLE 13, Final","2 RUSH ATT,10 RUSH YD",$10,1.8,1.00,160,2025-12-29 16:26:48,Week 17,Sunday
Ke'Shawn Williams,WR,"ARI 14 @ CIN 37, Final","TGT,REC,5 REC YD",$10,0.1,1.00,161,2025-12-29 16:26:48,Week 17,Sunday
James Proche II,WR,"NO 34 @ TEN 26, Final","5 TGT,REC,5 REC YD",$10,1.7,1.00,162,2025-12-29 16:26:48,Week 17,Sunday
Tetairoa McMillan,WR,"SEA 27 @ CAR 10, Final","4 TGT,REC,5 REC YD",$29,10.5,1.00,163,2025-12-29 16:26:48,Week 17,Sunday
Jelani Woods,TE,"NE 42 @ NYJ 10, Final","TGT,REC,4 REC YD",$10,0.5,0.90,164,2025-12-29 16:26:48,Week 17,Sunday
Malachi Corley,WR,"PIT 6 @ CLE 13, Final","TGT,REC,4 REC YD",$10,1.9,0.90,165,2025-12-29 16:26:48,Week 17,Sunday
Ameer Abdullah,RB,"JAC 23 @ IND 17, Final","TGT,REC,4 REC YD",$10,2.0,0.90,166,2025-12-29 16:26:48,Week 17,Sunday
Darius Cooper,WR,"PHI 13 @ BUF 12, Final","TGT,REC,4 REC YD",$10,1.8,0.90,167,2025-12-29 16:26:48,Week 17,Sunday
Sean Tucker,RB,"TB 17 @ MIA 20, Final","2 RUSH ATT,8 RUSH YD,TGT",$12,5.5,0.80,168,2025-12-29 16:26:48,Week 17,Sunday
Tyler Johnson,WR,"NE 42 @ NYJ 10, Final","TGT,REC,3 REC YD",$10,3.5,0.80,169,2025-12-29 16:26:48,Week 17,Sunday
Xavier Legette,WR,"SEA 27 @ CAR 10, Final","TGT,REC,3 REC YD",$12,4.9,0.80,170,2025-12-29 16:26:48,Week 17,Sunday
Grant Calcaterra,TE,"PHI 13 @ BUF 12, Final","TGT,REC,3 REC YD",$10,1.1,0.80,171,2025-12-29 16:26:48,Week 17,Sunday
Jaylen Waddle,WR,"TB 17 @ MIA 20, Final","RUSH ATT,7 RUSH YD,TGT",$27,10.1,0.70,172,2025-12-29 16:26:48,Week 17,Sunday
Jeremy Ruckert,TE,"NE 42 @ NYJ 10, Final","3 TGT,REC,2 REC YD",$10,2.5,0.70,173,2025-12-29 16:26:49,Week 17,Sunday
Kenny Pickett,QB,"NYG 34 @ LV 10, Final",16 PASS YD,$20,1.9,0.64,174,2025-12-29 16:26:49,Week 17,Sunday
Tyjae Spears,RB,"NO 34 @ TEN 26, Final","6 RUSH ATT,2 RUSH YD,2 TGT,REC,-1 REC YD",$18,6.9,0.60,175,2025-12-29 16:26:49,Week 17,Sunday
Gunnar Helm,TE,"NO 34 @ TEN 26, Final","2 TGT,REC,REC YD",$10,4.4,0.60,176,2025-12-29 16:26:49,Week 17,Sunday
Darren Waller,TE,"TB 17 @ MIA 20, Final","3 TGT,REC",$18,9.6,0.50,177,2025-12-29 16:26:49,Week 17,Sunday
Khalil Herbert,RB,"NE 42 @ NYJ 10, Final","2 RUSH ATT,5 RUSH YD,TGT",$10,0.3,0.50,178,2025-12-29 16:26:49,Week 17,Sunday
D'Ernest Johnson,RB,"NE 42 @ NYJ 10, Final","4 RUSH ATT,5 RUSH YD",$10,0.3,0.50,179,2025-12-29 16:26:49,Week 17,Sunday
Kalel Mullings,RB,"NO 34 @ TEN 26, Final","RUSH ATT,4 RUSH YD",$10,0.2,0.40,180,2025-12-29 16:26:49,Week 17,Sunday
Evan Hull,RB,"NO 34 @ TEN 26, Final","2 RUSH ATT,3 RUSH YD",$10,1.0,0.30,181,2025-12-29 16:26:49,Week 17,Sunday
LeQuint Allen Jr.,RB,"JAC 23 @ IND 17, Final","RUSH ATT,3 RUSH YD",$10,1.2,0.30,182,2025-12-29 16:26:49,Week 17,Sunday
Zamir White,RB,"NYG 34 @ LV 10, Final","RUSH ATT,2 RUSH YD",$10,1.5,0.20,183,2025-12-29 16:26:49,Week 17,Sunday
Corey Kiner,RB,"ARI 14 @ CIN 37, Final","RUSH ATT,2 RUSH YD",$10,1.5,0.20,184,2025-12-29 16:26:49,Week 17,Sunday
Will Shipley,RB,"PHI 13 @ BUF 12, Final","2 RUSH ATT,2 RUSH YD",$10,0.8,0.20,185,2025-12-29 16:26:49,Week 17,Sunday
Teddy Bridgewater,QB,"TB 17 @ MIA 20, Final",,$20,1.0,0.00,186,2025-12-29 16:26:49,Week 17,Sunday
Sterling ShepardO,WR,"TB 17 @ MIA 20, Final",,$10,4.8,0.00,187,2025-12-29 16:26:49,Week 17,Sunday
Payne Durham,TE,"TB 17 @ MIA 20, Final",,$10,0.3,0.00,188,2025-12-29 16:26:49,Week 17,Sunday
Devin Culp,TE,"TB 17 @ MIA 20, Final",,$10,3.6,0.00,189,2025-12-29 16:26:49,Week 17,Sunday
Kameron Johnson,WR,"TB 17 @ MIA 20, Final",,$10,1.0,0.00,190,2025-12-29 16:26:49,Week 17,Sunday
Connor BazelakO,QB,"TB 17 @ MIA 20, Final",,$20,—,0.00,191,2025-12-29 16:26:49,Week 17,Sunday
Josh Williams,RB,"TB 17 @ MIA 20, Final",,$10,0.6,0.00,192,2025-12-29 16:26:49,Week 17,Sunday
Alec Ingold,RB,"TB 17 @ MIA 20, Final",,$10,1.2,0.00,193,2025-12-29 16:26:49,Week 17,Sunday
Tua TagovailoaO,QB,"TB 17 @ MIA 20, Final",,$20,12.5,0.00,194,2025-12-29 16:26:49,Week 17,Sunday
Nick Westbrook-IkhineO,WR,"TB 17 @ MIA 20, Final",,$10,1.2,0.00,195,2025-12-29 16:26:49,Week 17,Sunday
Zach Wilson,QB,"TB 17 @ MIA 20, Final",,$20,0.5,0.00,196,2025-12-29 16:26:49,Week 17,Sunday
Dee EskridgeIR,WR,"TB 17 @ MIA 20, Final",,$10,0.6,0.00,197,2025-12-29 16:26:49,Week 17,Sunday
Tahj Washington,WR,"TB 17 @ MIA 20, Final",,$10,-0.4,0.00,198,2025-12-29 16:26:49,Week 17,Sunday
Ollie Gordon II,RB,"TB 17 @ MIA 20, Final",,$10,3.1,0.00,199,2025-12-29 16:26:50,Week 17,Sunday
Mack HollinsIR,WR,"NE 42 @ NYJ 10, Final",,$13,6.5,0.00,200,2025-12-29 16:26:50,Week 17,Sunday
Kayshon BoutteO,WR,"NE 42 @ NYJ 10, Final",,$14,8.0,0.00,201,2025-12-29 16:26:50,Week 17,Sunday
Tommy DeVitoO,QB,"NE 42 @ NYJ 10, Final",,$20,6.7,0.00,202,2025-12-29 16:26:50,Week 17,Sunday
Jack Westover,RB,"NE 42 @ NYJ 10, Final",,$10,—,0.00,203,2025-12-29 16:26:50,Week 17,Sunday
CJ Dippre,TE,"NE 42 @ NYJ 10, Final",,$10,—,0.00,204,2025-12-29 16:26:50,Week 17,Sunday
Tyrod TaylorO,QB,"NE 42 @ NYJ 10, Final",,$20,10.7,0.00,205,2025-12-29 16:26:50,Week 17,Sunday
Andrew Beck,RB,"NE 42 @ NYJ 10, Final",,$10,1.3,0.00,206,2025-12-29 16:26:50,Week 17,Sunday
Justin FieldsIR,QB,"NE 42 @ NYJ 10, Final",,$20,16.0,0.00,207,2025-12-29 16:26:50,Week 17,Sunday
Irvin CharlesPUP,WR,"NE 42 @ NYJ 10, Final",,$10,—,0.00,208,2025-12-29 16:26:50,Week 17,Sunday
Mason TaylorO,TE,"NE 42 @ NYJ 10, Final",,$12,5.1,0.00,209,2025-12-29 16:26:50,Week 17,Sunday
Braelon AllenIR,RB,"NE 42 @ NYJ 10, Final",,$10,—,0.00,210,2025-12-29 16:26:50,Week 17,Sunday
Josh ReynoldsIR,WR,"NE 42 @ NYJ 10, Final",,$10,3.5,0.00,211,2025-12-29 16:26:50,Week 17,Sunday
Russell WilsonO,QB,"NYG 34 @ LV 10, Final",,$20,8.8,0.00,212,2025-12-29 16:26:50,Week 17,Sunday
Chris Manhertz,TE,"NYG 34 @ LV 10, Final",,$10,0.6,0.00,213,2025-12-29 16:26:50,Week 17,Sunday
Jameis Winston,QB,"NYG 34 @ LV 10, Final",,$20,14.9,0.00,214,2025-12-29 16:26:50,Week 17,Sunday
Jalin HyattO,WR,"NYG 34 @ LV 10, Final",,$10,1.0,0.00,215,2025-12-29 16:26:50,Week 17,Sunday
Eric Gray,RB,"NYG 34 @ LV 10, Final",,$10,—,0.00,216,2025-12-29 16:26:50,Week 17,Sunday
Theo JohnsonO,TE,"NYG 34 @ LV 10, Final",,$14,7.0,0.00,217,2025-12-29 16:26:50,Week 17,Sunday
Raheem MostertO,RB,"NYG 34 @ LV 10, Final",,$10,2.0,0.00,218,2025-12-29 16:26:50,Week 17,Sunday
Ian Thomas,TE,"NYG 34 @ LV 10, Final",,$10,2.2,0.00,219,2025-12-29 16:26:50,Week 17,Sunday
Alex Bachman,WR,"NYG 34 @ LV 10, Final",,$10,0.2,0.00,220,2025-12-29 16:26:50,Week 17,Sunday
Aidan O'Connell,QB,"NYG 34 @ LV 10, Final",,$20,10.8,0.00,221,2025-12-29 16:26:50,Week 17,Sunday
Brock BowersIR,TE,"NYG 34 @ LV 10, Final",,$26,12.0,0.00,222,2025-12-29 16:26:50,Week 17,Sunday
Dylan Laube,RB,"NYG 34 @ LV 10, Final",,$10,0.3,0.00,223,2025-12-29 16:26:50,Week 17,Sunday
Jack BechO,WR,"NYG 34 @ LV 10, Final",,$11,2.3,0.00,224,2025-12-29 16:26:50,Week 17,Sunday
Carter Runyon,TE,"NYG 34 @ LV 10, Final",,$10,0.2,0.00,225,2025-12-29 16:26:51,Week 17,Sunday
Ryan Miller,WR,"NYG 34 @ LV 10, Final",,$10,1.2,0.00,226,2025-12-29 16:26:51,Week 17,Sunday
Dalen Cambre,WR,"NYG 34 @ LV 10, Final",,$10,—,0.00,227,2025-12-29 16:26:51,Week 17,Sunday
Beaux CollinsIR,WR,"NYG 34 @ LV 10, Final",,$10,0.9,0.00,228,2025-12-29 16:26:51,Week 17,Sunday
Mason Rudolph,QB,"PIT 6 @ CLE 13, Final",,$20,3.4,0.00,229,2025-12-29 16:26:51,Week 17,Sunday
DK MetcalfSUSP,WR,"PIT 6 @ CLE 13, Final",,$26,10.5,0.00,230,2025-12-29 16:26:51,Week 17,Sunday
Ben Skowronek,WR,"PIT 6 @ CLE 13, Final",,$10,1.0,0.00,231,2025-12-29 16:26:51,Week 17,Sunday
Calvin Austin IIIO,WR,"PIT 6 @ CLE 13, Final",,$10,4.4,0.00,232,2025-12-29 16:26:51,Week 17,Sunday
Roman Wilson,WR,"PIT 6 @ CLE 13, Final",,$10,3.3,0.00,233,2025-12-29 16:26:51,Week 17,Sunday
Kaleb JohnsonO,RB,"PIT 6 @ CLE 13, Final",,$10,0.8,0.00,234,2025-12-29 16:26:51,Week 17,Sunday
Will HowardO,QB,"PIT 6 @ CLE 13, Final",,$20,—,0.00,235,2025-12-29 16:26:51,Week 17,Sunday
Deshaun WatsonPUP,QB,"PIT 6 @ CLE 13, Final",,$20,11.4,0.00,236,2025-12-29 16:26:51,Week 17,Sunday
David NjokuO,TE,"PIT 6 @ CLE 13, Final",,$10,6.3,0.00,237,2025-12-29 16:26:51,Week 17,Sunday
Blake Whiteheart,TE,"PIT 6 @ CLE 13, Final",TGT,$10,0.2,0.00,238,2025-12-29 16:26:51,Week 17,Sunday
Quinshon JudkinsIR,RB,"PIT 6 @ CLE 13, Final",,$21,11.2,0.00,239,2025-12-29 16:26:51,Week 17,Sunday
Dillon GabrielO,QB,"PIT 6 @ CLE 13, Final",,$20,7.2,0.00,240,2025-12-29 16:26:51,Week 17,Sunday
Gage Larvadain,WR,"PIT 6 @ CLE 13, Final",,$10,0.8,0.00,241,2025-12-29 16:26:51,Week 17,Sunday
Jamari Thrash,WR,"PIT 6 @ CLE 13, Final",,$10,2.0,0.00,242,2025-12-29 16:26:51,Week 17,Sunday
Pharaoh Brown,TE,"ARI 14 @ CIN 37, Final",,$10,0.4,0.00,243,2025-12-29 16:26:51,Week 17,Sunday
Josiah Deguara,TE,"ARI 14 @ CIN 37, Final",,$10,0.2,0.00,244,2025-12-29 16:26:51,Week 17,Sunday
Elijah Higgins,TE,"ARI 14 @ CIN 37, Final",TGT,$10,2.6,0.00,245,2025-12-29 16:26:51,Week 17,Sunday
Marvin Harrison Jr.Q,WR,"ARI 14 @ CIN 37, Final",TGT,$29,8.9,0.00,246,2025-12-29 16:26:51,Week 17,Sunday
Kedon Slovis,QB,"ARI 14 @ CIN 37, Final",,$20,-0.0,0.00,247,2025-12-29 16:26:51,Week 17,Sunday
Noah Fant,TE,"ARI 14 @ CIN 37, Final",TGT,$10,4.9,0.00,248,2025-12-29 16:26:51,Week 17,Sunday
Jake Browning,QB,"ARI 14 @ CIN 37, Final",,$20,11.3,0.00,249,2025-12-29 16:26:51,Week 17,Sunday
Charlie JonesO,WR,"ARI 14 @ CIN 37, Final",,$10,0.5,0.00,250,2025-12-29 16:26:51,Week 17,Sunday
Mitch Tinsley,WR,"ARI 14 @ CIN 37, Final",,$10,3.5,0.00,251,2025-12-29 16:26:52,Week 17,Sunday
Erick All Jr.PUP,TE,"ARI 14 @ CIN 37, Final",,$10,3.2,0.00,252,2025-12-29 16:26:52,Week 17,Sunday
Cam GrandyO,TE,"ARI 14 @ CIN 37, Final",,$10,0.9,0.00,253,2025-12-29 16:26:52,Week 17,Sunday
Jalen Brooks,WR,"ARI 14 @ CIN 37, Final",,$10,1.2,0.00,254,2025-12-29 16:26:52,Week 17,Sunday
Steven Sims,WR,"ARI 14 @ CIN 37, Final",,$10,—,0.00,255,2025-12-29 16:26:52,Week 17,Sunday
Alvin KamaraO,RB,"NO 34 @ TEN 26, Final",,$25,7.7,0.00,256,2025-12-29 16:26:52,Week 17,Sunday
Taysom Hill,TE,"NO 34 @ TEN 26, Final",3 RUSH ATT,$10,2.6,0.00,257,2025-12-29 16:26:52,Week 17,Sunday
Foster MoreauIR,TE,"NO 34 @ TEN 26, Final",,$10,1.3,0.00,258,2025-12-29 16:26:52,Week 17,Sunday
Jack StollQ,TE,"NO 34 @ TEN 26, Final",,$10,1.4,0.00,259,2025-12-29 16:26:52,Week 17,Sunday
Zaire Mitchell-PadenO,TE,"NO 34 @ TEN 26, Final",,$10,0.9,0.00,260,2025-12-29 16:26:52,Week 17,Sunday
Spencer Rattler,QB,"NO 34 @ TEN 26, Final",,$20,11.5,0.00,261,2025-12-29 16:26:52,Week 17,Sunday
Mason TiptonO,WR,"NO 34 @ TEN 26, Final",,$10,1.9,0.00,262,2025-12-29 16:26:52,Week 17,Sunday
Brandon Allen,QB,"NO 34 @ TEN 26, Final",,$20,2.8,0.00,263,2025-12-29 16:26:52,Week 17,Sunday
Julius Chestnut,RB,"NO 34 @ TEN 26, Final",,$10,0.3,0.00,264,2025-12-29 16:26:52,Week 17,Sunday
Bryce OliverIR,WR,"NO 34 @ TEN 26, Final",,$10,0.7,0.00,265,2025-12-29 16:26:52,Week 17,Sunday
Trey PalmerIR,WR,"NO 34 @ TEN 26, Final",,$10,1.9,0.00,266,2025-12-29 16:26:52,Week 17,Sunday
Johnny Mundt,TE,"JAC 23 @ IND 17, Final",TGT,$10,1.4,0.00,267,2025-12-29 16:26:52,Week 17,Sunday
Tim Patrick,WR,"JAC 23 @ IND 17, Final",TGT,$10,3.6,0.00,268,2025-12-29 16:26:52,Week 17,Sunday
Nick Mullens,QB,"JAC 23 @ IND 17, Final",,$20,-0.2,0.00,269,2025-12-29 16:26:52,Week 17,Sunday
Hunter Long,TE,"JAC 23 @ IND 17, Final",,$10,3.8,0.00,270,2025-12-29 16:26:52,Week 17,Sunday
Dyami Brown,WR,"JAC 23 @ IND 17, Final",,$11,3.8,0.00,271,2025-12-29 16:26:52,Week 17,Sunday
Quintin Morris,TE,"JAC 23 @ IND 17, Final",,$10,0.8,0.00,272,2025-12-29 16:26:52,Week 17,Sunday
Bhayshul TutenO,RB,"JAC 23 @ IND 17, Final",,$10,5.4,0.00,273,2025-12-29 16:26:52,Week 17,Sunday
Laquon Treadwell,WR,"JAC 23 @ IND 17, Final",,$10,—,0.00,274,2025-12-29 16:26:52,Week 17,Sunday
Alec Pierce,WR,"JAC 23 @ IND 17, Final",5 TGT,$21,9.5,0.00,275,2025-12-29 16:26:52,Week 17,Sunday
Drew OgletreeIR,TE,"JAC 23 @ IND 17, Final",,$10,1.1,0.00,276,2025-12-29 16:26:52,Week 17,Sunday
Tyler GoodsonO,RB,"JAC 23 @ IND 17, Final",,$10,0.4,0.00,277,2025-12-29 16:26:52,Week 17,Sunday
Anthony GouldIR,WR,"JAC 23 @ IND 17, Final",,$10,0.2,0.00,278,2025-12-29 16:26:53,Week 17,Sunday
DJ Giddens,RB,"JAC 23 @ IND 17, Final",,$10,1.7,0.00,279,2025-12-29 16:26:53,Week 17,Sunday
Brett RypienO,QB,"JAC 23 @ IND 17, Final",,$20,—,0.00,280,2025-12-29 16:26:53,Week 17,Sunday
Anthony Richardson Sr.IR,QB,"JAC 23 @ IND 17, Final",,$20,0.8,0.00,281,2025-12-29 16:26:53,Week 17,Sunday
Drew Lock,QB,"SEA 27 @ CAR 10, Final",,$20,0.0,0.00,282,2025-12-29 16:26:53,Week 17,Sunday
Cody WhiteQ,WR,"SEA 27 @ CAR 10, Final",,$10,2.1,0.00,283,2025-12-29 16:26:53,Week 17,Sunday
Jake Bobo,WR,"SEA 27 @ CAR 10, Final",,$10,0.8,0.00,284,2025-12-29 16:26:53,Week 17,Sunday
Brady Russell,RB,"SEA 27 @ CAR 10, Final",,$10,—,0.00,285,2025-12-29 16:26:53,Week 17,Sunday
Jalen MilroeO,QB,"SEA 27 @ CAR 10, Final",,$20,-0.4,0.00,286,2025-12-29 16:26:53,Week 17,Sunday
Robbie Ouzts,RB,"SEA 27 @ CAR 10, Final",,$10,—,0.00,287,2025-12-29 16:26:53,Week 17,Sunday
Nick Kallerup,TE,"SEA 27 @ CAR 10, Final",,$10,—,0.00,288,2025-12-29 16:26:53,Week 17,Sunday
Andy Dalton,QB,"SEA 27 @ CAR 10, Final",,$20,2.6,0.00,289,2025-12-29 16:26:53,Week 17,Sunday
Hunter Renfrow,WR,"SEA 27 @ CAR 10, Final",,$10,4.7,0.00,290,2025-12-29 16:26:53,Week 17,Sunday
James Mitchell,TE,"SEA 27 @ CAR 10, Final",,$10,2.2,0.00,291,2025-12-29 16:26:53,Week 17,Sunday
Brycen Tremayne,WR,"SEA 27 @ CAR 10, Final",TGT,$10,1.5,0.00,292,2025-12-29 16:26:53,Week 17,Sunday
Jonathon BrooksPUP,RB,"SEA 27 @ CAR 10, Final",,$10,2.0,0.00,293,2025-12-29 16:26:53,Week 17,Sunday
Ja'Tavion SandersO,TE,"SEA 27 @ CAR 10, Final",,$10,3.6,0.00,294,2025-12-29 16:26:53,Week 17,Sunday
Trevor Etienne,RB,"SEA 27 @ CAR 10, Final",,$10,0.8,0.00,295,2025-12-29 16:26:53,Week 17,Sunday
Eric Saubert,TE,"SEA 27 @ CAR 10, Final",2 TGT,$10,0.6,0.00,296,2025-12-29 16:26:53,Week 17,Sunday
Dareke Young,WR,"SEA 27 @ CAR 10, Final",TGT,$10,0.7,0.00,297,2025-12-29 16:26:53,Week 17,Sunday
David MooreIR,WR,"SEA 27 @ CAR 10, Final",,$10,0.7,0.00,298,2025-12-29 16:26:53,Week 17,Sunday
Cam Akers,RB,"SEA 27 @ CAR 10, Final",,$10,2.4,0.00,299,2025-12-29 16:26:53,Week 17,Sunday
Tory HortonIR,WR,"SEA 27 @ CAR 10, Final",,$11,7.3,0.00,300,2025-12-29 16:26:53,Week 17,Sunday
A.J. DillonO,RB,"PHI 13 @ BUF 12, Final",,$10,1.4,0.00,301,2025-12-29 16:26:53,Week 17,Sunday
Kylen Granson,TE,"PHI 13 @ BUF 12, Final",,$10,0.2,0.00,302,2025-12-29 16:26:53,Week 17,Sunday
Jahan Dotson,WR,"PHI 13 @ BUF 12, Final",TGT,$10,2.6,0.00,303,2025-12-29 16:26:53,Week 17,Sunday
Sam HowellO,QB,"PHI 13 @ BUF 12, Final",,$20,0.2,0.00,304,2025-12-29 16:26:54,Week 17,Sunday
Britain Covey,WR,"PHI 13 @ BUF 12, Final",,$10,—,0.00,305,2025-12-29 16:26:54,Week 17,Sunday
Cameron Latu,TE,"PHI 13 @ BUF 12, Final",,$10,—,0.00,306,2025-12-29 16:26:54,Week 17,Sunday
Tanner McKee,QB,"PHI 13 @ BUF 12, Final",,$20,0.6,0.00,307,2025-12-29 16:26:54,Week 17,Sunday
Mitchell Trubisky,QB,"PHI 13 @ BUF 12, Final",,$20,0.8,0.00,308,2025-12-29 16:26:54,Week 17,Sunday
Gabe Davis,WR,"PHI 13 @ BUF 12, Final",TGT,$10,2.5,0.00,309,2025-12-29 16:26:54,Week 17,Sunday
Reggie Gilliam,RB,"PHI 13 @ BUF 12, Final",,$10,0.1,0.00,310,2025-12-29 16:26:54,Week 17,Sunday
Dalton KincaidO,TE,"PHI 13 @ BUF 12, Final",,$14,9.1,0.00,311,2025-12-29 16:26:54,Week 17,Sunday
Keon Coleman,WR,"PHI 13 @ BUF 12, Final",,$14,6.3,0.00,312,2025-12-29 16:26:54,Week 17,Sunday
Jackson Hawes,TE,"PHI 13 @ BUF 12, Final",,$10,3.7,0.00,313,2025-12-29 16:26:54,Week 17,Sunday
Mecole Hardman Jr.,WR,"PHI 13 @ BUF 12, Final",,$10,-1.0,0.00,314,2025-12-29 16:26:54,Week 17,Sunday
Curtis SamuelIR,WR,"PHI 13 @ BUF 12, Final",,$10,2.9,0.00,315,2025-12-29 16:26:54,Week 17,Sunday
Arizona Cardinals,DEF,"ARI 14 @ CIN 37, Final","37 PTS ALLOWED,3 SACK",$10,4.8,-1.00,316,2025-12-29 16:26:54,Week 17,Sunday
Riley Leonard,QB,"JAC 23 @ IND 17, Final",INT,$20,2.6,-1.00,317,2025-12-29 16:26:54,Week 17,Sunday
New York Jets,DEF,"NE 42 @ NYJ 10, Final","42 PTS ALLOWED,SACK",$10,3.2,-3.00,318,2025-12-29 16:26:54,Week 17,Sunday
Drake Maye,QB,"NE 42 @ NYJ 10, Final","256 PASS YD,5 PASS TD,3 RUSH ATT,22 RUSH YD",$41,21.5,32.44,1,2025-12-29 16:27:10,Week 17,Sunday
Chase Brown,RB,"ARI 14 @ CIN 37, Final","22 RUSH ATT,101 RUSH YD,2 RUSH TD,3 TGT,3 REC,40 REC YD",$38,14.4,27.60,2,2025-12-29 16:27:10,Week 17,Sunday
Zach Charbonnet,RB,"SEA 27 @ CAR 10, Final","18 RUSH ATT,110 RUSH YD,2 RUSH TD,2 TGT,2 REC,12 REC YD",$20,10.3,25.20,3,2025-12-29 16:27:11,Week 17,Sunday
Rhamondre Stevenson,RB,"NE 42 @ NYJ 10, Final","8 RUSH ATT,47 RUSH YD,RUSH TD,5 TGT,5 REC,55 REC YD,REC TD",$19,9.9,24.70,4,2025-12-29 16:27:11,Week 17,Sunday
Trevor Lawrence,QB,"JAC 23 @ IND 17, Final","263 PASS YD,INT,8 RUSH ATT,26 RUSH YD,2 RUSH TD",$42,20.4,24.12,5,2025-12-29 16:27:11,Week 17,Sunday
Tyler Shough,QB,"NO 34 @ TEN 26, Final","333 PASS YD,2 PASS TD,4 RUSH ATT,6 RUSH YD",$32,14.1,21.92,6,2025-12-29 16:27:11,Week 17,Sunday
Chris Olave,WR,"NO 34 @ TEN 26, Final","11 TGT,8 REC,119 REC YD,REC TD",$38,13.7,21.90,7,2025-12-29 16:27:11,Week 17,Sunday
Ja'Marr Chase,WR,"ARI 14 @ CIN 37, Final","9 TGT,7 REC,60 REC YD,2 REC TD",$40,15.4,21.50,8,2025-12-29 16:27:11,Week 17,Sunday
Joe Burrow,QB,"ARI 14 @ CIN 37, Final","305 PASS YD,2 PASS TD,3 RUSH ATT,2 RUSH YD",$39,16.8,20.40,9,2025-12-29 16:27:11,Week 17,Sunday
Chris Godwin Jr.,WR,"TB 17 @ MIA 20, Final","8 TGT,7 REC,108 REC YD,REC TD",$23,8.1,20.30,10,2025-12-29 16:27:11,Week 17,Sunday
Breece HallQ,RB,"NE 42 @ NYJ 10, Final","14 RUSH ATT,111 RUSH YD,RUSH TD,3 TGT,2 REC,18 REC YD",$27,11.9,19.90,11,2025-12-29 16:27:11,Week 17,Sunday
Baker Mayfield,QB,"TB 17 @ MIA 20, Final","346 PASS YD,2 PASS TD,2 INT,3 RUSH ATT,16 RUSH YD,FUM LOST",$33,16.8,19.44,12,2025-12-29 16:27:11,Week 17,Sunday
Stefon Diggs,WR,"NE 42 @ NYJ 10, Final","6 TGT,6 REC,101 REC YD,REC TD",$25,10.1,19.10,13,2025-12-29 16:27:11,Week 17,Sunday
Trey McBride,TE,"ARI 14 @ CIN 37, Final","13 TGT,10 REC,76 REC YD,REC TD",$30,15.2,18.60,14,2025-12-29 16:27:11,Week 17,Sunday
Michael Wilson,WR,"ARI 14 @ CIN 37, Final","10 TGT,5 REC,89 REC YD,REC TD",$29,10.2,17.40,15,2025-12-29 16:27:11,Week 17,Sunday
Cam Ward,QB,"NO 34 @ TEN 26, Final","251 PASS YD,2 PASS TD,2 RUSH ATT,10 RUSH YD,FUM LOST",$26,11.5,17.04,16,2025-12-29 16:27:11,Week 17,Sunday
Jacoby Brissett,QB,"ARI 14 @ CIN 37, Final","212 PASS YD,2 PASS TD",$39,16.8,16.48,17,2025-12-29 16:27:11,Week 17,Sunday
Audric Estime,RB,"NO 34 @ TEN 26, Final","14 RUSH ATT,94 RUSH YD,RUSH TD,TGT,REC,4 REC YD",$10,5.8,16.30,18,2025-12-29 16:27:11,Week 17,Sunday
Jonathan Taylor,RB,"JAC 23 @ IND 17, Final","21 RUSH ATT,70 RUSH YD,RUSH TD,6 TGT,3 REC,14 REC YD",$41,20.9,15.90,19,2025-12-29 16:27:11,Week 17,Sunday
Quinn Ewers,QB,"TB 17 @ MIA 20, Final","172 PASS YD,2 PASS TD,4 RUSH ATT,5 RUSH YD,TGT,REC,-6 REC YD",$21,8.8,15.28,20,2025-12-29 16:27:11,Week 17,Sunday
Parker Washington,WR,"JAC 23 @ IND 17, Final","RUSH ATT,-5 RUSH YD,10 TGT,8 REC,115 REC YD",$20,9.2,15.00,21,2025-12-29 16:27:11,Week 17,Sunday
Jalen McMillan,WR,"TB 17 @ MIA 20, Final","9 TGT,7 REC,114 REC YD",$14,7.4,14.90,22,2025-12-29 16:27:11,Week 17,Sunday
Greg Dulcich,TE,"TB 17 @ MIA 20, Final","RUSH ATT,-7 RUSH YD,6 TGT,5 REC,58 REC YD,REC TD",$10,5.6,13.60,23,2025-12-29 16:27:11,Week 17,Sunday
Kevin Austin Jr.,WR,"NO 34 @ TEN 26, Final","5 TGT,4 REC,52 REC YD,REC TD",$10,5.2,13.20,24,2025-12-29 16:27:11,Week 17,Sunday
Chig Okonkwo,TE,"NO 34 @ TEN 26, Final","7 TGT,3 REC,55 REC YD,REC TD",$13,5.9,13.00,25,2025-12-29 16:27:11,Week 17,Sunday
Theo Wease Jr.,WR,"TB 17 @ MIA 20, Final","TGT,REC,63 REC YD,REC TD",$10,8.5,12.80,26,2025-12-29 16:27:11,Week 17,Sunday
De'Von Achane,RB,"TB 17 @ MIA 20, Final","18 RUSH ATT,83 RUSH YD,3 TGT,3 REC,29 REC YD",$43,18.1,12.70,27,2025-12-29 16:27:11,Week 17,Sunday
Hunter Henry,TE,"NE 42 @ NYJ 10, Final","3 TGT,3 REC,49 REC YD,REC TD",$18,8.8,12.40,28,2025-12-29 16:27:12,Week 17,Sunday
Miami Dolphins,DEF,"TB 17 @ MIA 20, Final","17 PTS ALLOWED,3 SACK,2 INT,FUM REC,BLK KICK",$12,6.1,12.00,29,2025-12-29 16:27:12,Week 17,Sunday
New Orleans Saints,DEF,"NO 34 @ TEN 26, Final","26 PTS ALLOWED,4 SACK,FUM REC,TD",$15,7.0,12.00,30,2025-12-29 16:27:12,Week 17,Sunday
AJ Barner,TE,"SEA 27 @ CAR 10, Final","3 TGT,3 REC,43 REC YD,REC TD",$12,7.4,11.80,31,2025-12-29 16:27:12,Week 17,Sunday
Elic Ayomanor,WR,"NO 34 @ TEN 26, Final","7 TGT,4 REC,37 REC YD,REC TD",$15,6.0,11.70,32,2025-12-29 16:27:12,Week 17,Sunday
Jaxon Smith-Njigba,WR,"SEA 27 @ CAR 10, Final","12 TGT,9 REC,72 REC YD",$42,18.1,11.70,33,2025-12-29 16:27:12,Week 17,Sunday
Juwan Johnson,TE,"NO 34 @ TEN 26, Final","4 TGT,4 REC,95 REC YD",$16,8.5,11.50,34,2025-12-29 16:27:12,Week 17,Sunday
Shedeur Sanders,QB,"PIT 6 @ CLE 13, Final","186 PASS YD,PASS TD,2 INT,4 RUSH ATT,20 RUSH YD",$28,12.8,11.44,35,2025-12-29 16:27:12,Week 17,Sunday
Efton Chism III,WR,"NE 42 @ NYJ 10, Final","2 TGT,2 REC,40 REC YD,REC TD",$10,1.6,11.00,36,2025-12-29 16:27:12,Week 17,Sunday
Mike Evans,WR,"TB 17 @ MIA 20, Final","7 TGT,3 REC,31 REC YD,REC TD",$27,9.3,10.60,37,2025-12-29 16:27:12,Week 17,Sunday
Tony Pollard,RB,"NO 34 @ TEN 26, Final","18 RUSH ATT,85 RUSH YD,2 TGT,2 REC,10 REC YD",$28,10.1,10.50,38,2025-12-29 16:27:12,Week 17,Sunday
Travis Etienne Jr.,RB,"JAC 23 @ IND 17, Final","17 RUSH ATT,76 RUSH YD,3 TGT,2 REC,16 REC YD",$35,14.5,10.20,39,2025-12-29 16:27:12,Week 17,Sunday
Harold Fannin Jr.Q,TE,"PIT 6 @ CLE 13, Final","2 TGT,2 REC,30 REC YD,REC TD",$20,9.4,10.00,40,2025-12-29 16:27:12,Week 17,Sunday
Pittsburgh Steelers,DEF,"PIT 6 @ CLE 13, Final","13 PTS ALLOWED,2 SACK,2 INT",$16,7.8,10.00,41,2025-12-29 16:27:12,Week 17,Sunday
Seattle Seahawks,DEF,"SEA 27 @ CAR 10, Final","10 PTS ALLOWED,2 SACK,INT,FUM REC",$20,10.4,10.00,42,2025-12-29 16:27:12,Week 17,Sunday
Bryce Young,QB,"SEA 27 @ CAR 10, Final","54 PASS YD,INT,9 RUSH ATT,27 RUSH YD,RUSH TD",$27,14.1,9.86,43,2025-12-29 16:27:12,Week 17,Sunday
Mo Alie-Cox,TE,"JAC 23 @ IND 17, Final","3 TGT,3 REC,20 REC YD,REC TD",$10,2.1,9.50,44,2025-12-29 16:27:12,Week 17,Sunday
Cleveland Browns,DEF,"PIT 6 @ CLE 13, Final","6 PTS ALLOWED,2 SACK",$11,7.0,9.00,45,2025-12-29 16:27:12,Week 17,Sunday
Philip Rivers,QB,"JAC 23 @ IND 17, Final","147 PASS YD,PASS TD,INT,RUSH ATT,-1 RUSH YD",$21,11.6,8.78,46,2025-12-29 16:27:12,Week 17,Sunday
TreVeyon Henderson,RB,"NE 42 @ NYJ 10, Final","19 RUSH ATT,82 RUSH YD",$29,10.7,8.20,47,2025-12-29 16:27:12,Week 17,Sunday
Chimere Dike,WR,"NO 34 @ TEN 26, Final","RUSH ATT,7 RUSH YD,5 TGT,4 REC,55 REC YD",$15,6.1,8.20,48,2025-12-29 16:27:12,Week 17,Sunday
Austin Hooper,TE,"NE 42 @ NYJ 10, Final","2 TGT,2 REC,11 REC YD,REC TD",$10,4.0,8.10,49,2025-12-29 16:27:12,Week 17,Sunday
Jerry Jeudy,WR,"PIT 6 @ CLE 13, Final","7 TGT,5 REC,54 REC YD",$17,5.8,7.90,50,2025-12-29 16:27:12,Week 17,Sunday
Tee Higgins,WR,"ARI 14 @ CIN 37, Final","5 TGT,4 REC,59 REC YD",$34,11.9,7.90,51,2025-12-29 16:27:12,Week 17,Sunday
Pat Freiermuth,TE,"PIT 6 @ CLE 13, Final","5 TGT,3 REC,63 REC YD",$12,6.2,7.80,52,2025-12-29 16:27:12,Week 17,Sunday
Samaje Perine,RB,"ARI 14 @ CIN 37, Final","3 RUSH ATT,5 RUSH YD,RUSH TD,TGT,REC,8 REC YD",$14,4.5,7.80,53,2025-12-29 16:27:13,Week 17,Sunday
Rico Dowdle,RB,"SEA 27 @ CAR 10, Final","12 RUSH ATT,59 RUSH YD,5 TGT,3 REC,4 REC YD",$24,12.2,7.80,54,2025-12-29 16:27:13,Week 17,Sunday
Aaron Rodgers,QB,"PIT 6 @ CLE 13, Final","168 PASS YD,RUSH ATT,6 RUSH YD",$30,14.4,7.32,55,2025-12-29 16:27:13,Week 17,Sunday
Sam Darnold,QB,"SEA 27 @ CAR 10, Final","147 PASS YD,PASS TD,INT,3 RUSH ATT,2 RUSH YD,FUM LOST",$31,15.0,7.08,56,2025-12-29 16:27:13,Week 17,Sunday
New England Patriots,DEF,"NE 42 @ NYJ 10, Final","10 PTS ALLOWED,SACK,INT",$15,7.2,7.00,57,2025-12-29 16:27:13,Week 17,Sunday
Jacksonville Jaguars,DEF,"JAC 23 @ IND 17, Final","17 PTS ALLOWED,2 SACK,2 INT",$19,8.2,7.00,58,2025-12-29 16:27:13,Week 17,Sunday
Carolina Panthers,DEF,"SEA 27 @ CAR 10, Final","27 PTS ALLOWED,3 SACK,INT,FUM REC",$12,6.0,7.00,59,2025-12-29 16:27:13,Week 17,Sunday
Brenton Strange,TE,"JAC 23 @ IND 17, Final","5 TGT,3 REC,54 REC YD",$16,7.3,6.90,60,2025-12-29 16:27:13,Week 17,Sunday
Tyler Warren,TE,"JAC 23 @ IND 17, Final","5 TGT,5 REC,43 REC YD",$17,9.1,6.80,61,2025-12-29 16:27:13,Week 17,Sunday
Kenneth Walker III,RB,"SEA 27 @ CAR 10, Final","15 RUSH ATT,51 RUSH YD,2 TGT,2 REC,6 REC YD",$25,10.1,6.70,62,2025-12-29 16:27:13,Week 17,Sunday
Jaylen Warren,RB,"PIT 6 @ CLE 13, Final","12 RUSH ATT,64 RUSH YD",$30,12.3,6.40,63,2025-12-29 16:27:13,Week 17,Sunday
Andrei Iosivas,WR,"ARI 14 @ CIN 37, Final","6 TGT,4 REC,41 REC YD",$11,5.1,6.10,64,2025-12-29 16:27:13,Week 17,Sunday
Van JeffersonO,WR,"NO 34 @ TEN 26, Final","3 TGT,3 REC,46 REC YD",$11,4.0,6.10,65,2025-12-29 16:27:13,Week 17,Sunday
Indianapolis Colts,DEF,"JAC 23 @ IND 17, Final","23 PTS ALLOWED,2 SACK,INT,FUM REC",$11,6.3,6.00,66,2025-12-29 16:27:13,Week 17,Sunday
Brian Thomas Jr.,WR,"JAC 23 @ IND 17, Final","7 TGT,4 REC,39 REC YD",$24,8.3,5.90,67,2025-12-29 16:27:13,Week 17,Sunday
Bucky Irving,RB,"TB 17 @ MIA 20, Final","9 RUSH ATT,19 RUSH YD,6 TGT,5 REC,14 REC YD",$32,12.6,5.80,68,2025-12-29 16:27:13,Week 17,Sunday
Mike Gesicki,TE,"ARI 14 @ CIN 37, Final","2 TGT,2 REC,47 REC YD",$12,4.9,5.70,69,2025-12-29 16:27:13,Week 17,Sunday
Jaylen Wright,RB,"TB 17 @ MIA 20, Final","5 RUSH ATT,56 RUSH YD",$10,4.7,5.60,70,2025-12-29 16:27:13,Week 17,Sunday
John Metchie III,WR,"NE 42 @ NYJ 10, Final","3 TGT,3 REC,41 REC YD",$11,4.3,5.60,71,2025-12-29 16:27:13,Week 17,Sunday
Isaiah Williams,WR,"NE 42 @ NYJ 10, Final","RUSH ATT,5 RUSH YD,5 TGT,4 REC,30 REC YD",$10,3.3,5.50,72,2025-12-29 16:27:13,Week 17,Sunday
Cade Otton,TE,"TB 17 @ MIA 20, Final","4 TGT,4 REC,33 REC YD",$10,5.3,5.30,73,2025-12-29 16:27:13,Week 17,Sunday
Kenneth Gainwell,RB,"PIT 6 @ CLE 13, Final","7 RUSH ATT,26 RUSH YD,4 TGT,3 REC,12 REC YD",$23,10.5,5.30,74,2025-12-29 16:27:13,Week 17,Sunday
Michael Carter,RB,"ARI 14 @ CIN 37, Final","7 RUSH ATT,29 RUSH YD,4 TGT,2 REC,14 REC YD",$19,6.4,5.30,75,2025-12-29 16:27:13,Week 17,Sunday
Jonnu Smith,TE,"PIT 6 @ CLE 13, Final","2 RUSH ATT,9 RUSH YD,5 TGT,5 REC,18 REC YD",$10,4.1,5.20,76,2025-12-29 16:27:13,Week 17,Sunday
Brady Cook,QB,"NE 42 @ NYJ 10, Final","152 PASS YD,INT,2 RUSH ATT,RUSH YD",$20,6.6,5.18,77,2025-12-29 16:27:13,Week 17,Sunday
Cincinnati Bengals,DEF,"ARI 14 @ CIN 37, Final","14 PTS ALLOWED,4 SACK",$12,4.2,5.00,78,2025-12-29 16:27:14,Week 17,Sunday
Jakobi Meyers,WR,"JAC 23 @ IND 17, Final","9 TGT,6 REC,39 REC YD,FUM LOST",$22,8.8,4.90,79,2025-12-29 16:27:14,Week 17,Sunday
Dante Pettis,WR,"NO 34 @ TEN 26, Final","4 TGT,3 REC,53 REC YD,FUM LOST",$10,1.1,4.80,80,2025-12-29 16:27:14,Week 17,Sunday
Cedric Tillman,WR,"PIT 6 @ CLE 13, Final","TGT,REC,42 REC YD",$10,4.2,4.70,81,2025-12-29 16:27:14,Week 17,Sunday
Josh Downs,WR,"JAC 23 @ IND 17, Final","5 TGT,2 REC,34 REC YD",$17,6.7,4.40,82,2025-12-29 16:27:14,Week 17,Sunday
Dylan Sampson,RB,"PIT 6 @ CLE 13, Final","11 RUSH ATT,27 RUSH YD,3 TGT,3 REC",$19,4.7,4.20,83,2025-12-29 16:27:14,Week 17,Sunday
Tanner Hudson,TE,"ARI 14 @ CIN 37, Final","2 TGT,2 REC,31 REC YD",$10,3.8,4.10,84,2025-12-29 16:27:14,Week 17,Sunday
Scotty Miller,WR,"PIT 6 @ CLE 13, Final","7 TGT,3 REC,25 REC YD",$10,2.2,4.00,85,2025-12-29 16:27:14,Week 17,Sunday
Mason Kinsey,WR,"NO 34 @ TEN 26, Final","TGT,REC,34 REC YD",$10,1.2,3.90,86,2025-12-29 16:27:14,Week 17,Sunday
Adonai Mitchell,WR,"NE 42 @ NYJ 10, Final","9 TGT,3 REC,22 REC YD",$16,4.8,3.70,87,2025-12-29 16:27:14,Week 17,Sunday
Raheim Sanders,RB,"PIT 6 @ CLE 13, Final","8 RUSH ATT,21 RUSH YD,2 TGT,REC,10 REC YD",$10,3.8,3.60,88,2025-12-29 16:27:14,Week 17,Sunday
Marquez Valdes-Scantling,WR,"PIT 6 @ CLE 13, Final","9 TGT,3 REC,21 REC YD",$10,2.4,3.60,89,2025-12-29 16:27:14,Week 17,Sunday
Emeka Egbuka,WR,"TB 17 @ MIA 20, Final","5 TGT,3 REC,20 REC YD",$17,10.2,3.50,90,2025-12-29 16:27:14,Week 17,Sunday
Kyle Williams,WR,"NE 42 @ NYJ 10, Final","5 TGT,3 REC,20 REC YD",$10,3.4,3.50,91,2025-12-29 16:27:14,Week 17,Sunday
Xavier Weaver,WR,"ARI 14 @ CIN 37, Final","3 TGT,2 REC,24 REC YD",$10,1.5,3.40,92,2025-12-29 16:27:14,Week 17,Sunday
Kene Nwangwu,RB,"NE 42 @ NYJ 10, Final","6 RUSH ATT,31 RUSH YD",$10,1.0,3.10,93,2025-12-29 16:27:14,Week 17,Sunday
Tampa Bay Buccaneers,DEF,"TB 17 @ MIA 20, Final","20 PTS ALLOWED,2 SACK",$12,5.7,3.00,94,2025-12-29 16:27:14,Week 17,Sunday
Emari Demercado,RB,"ARI 14 @ CIN 37, Final","5 RUSH ATT,11 RUSH YD,3 TGT,2 REC,9 REC YD",$14,4.1,3.00,95,2025-12-29 16:27:14,Week 17,Sunday
Tennessee Titans,DEF,"NO 34 @ TEN 26, Final","28 PTS ALLOWED,2 SACK,FUM REC",$12,5.6,3.00,96,2025-12-29 16:27:14,Week 17,Sunday
Tez Johnson,WR,"TB 17 @ MIA 20, Final","2 TGT,2 REC,19 REC YD",$10,5.1,2.90,97,2025-12-29 16:27:14,Week 17,Sunday
Stone Smartt,TE,"NE 42 @ NYJ 10, Final","3 TGT,2 REC,18 REC YD",$10,1.5,2.80,98,2025-12-29 16:27:14,Week 17,Sunday
Rachaad White,RB,"TB 17 @ MIA 20, Final","2 RUSH ATT,10 RUSH YD,2 TGT,2 REC,7 REC YD",$13,7.4,2.70,99,2025-12-29 16:27:14,Week 17,Sunday
Connor Heyward,TE,"PIT 6 @ CLE 13, Final","2 RUSH ATT,26 RUSH YD",$10,1.6,2.60,100,2025-12-29 16:27:14,Week 17,Sunday
Michael Pittman Jr.,WR,"JAC 23 @ IND 17, Final","3 TGT,2 REC,16 REC YD",$21,10.0,2.60,101,2025-12-29 16:27:14,Week 17,Sunday
Jalen Coker,WR,"SEA 27 @ CAR 10, Final","2 TGT,2 REC,16 REC YD",$17,6.0,2.60,102,2025-12-29 16:27:14,Week 17,Sunday
Isaiah DavisQ,RB,"NE 42 @ NYJ 10, Final","3 RUSH ATT,11 RUSH YD,TGT,REC,9 REC YD",$12,3.8,2.50,103,2025-12-29 16:27:15,Week 17,Sunday
Darnell WashingtonD,TE,"PIT 6 @ CLE 13, Final","2 TGT,2 REC,15 REC YD",$10,3.9,2.50,104,2025-12-29 16:27:15,Week 17,Sunday
Adam Thielen,WR,"PIT 6 @ CLE 13, Final","5 TGT,2 REC,14 REC YD",$10,1.9,2.40,105,2025-12-29 16:27:15,Week 17,Sunday
Brenden Bates,TE,"PIT 6 @ CLE 13, Final","TGT,REC,19 REC YD",$10,1.4,2.40,106,2025-12-29 16:27:15,Week 17,Sunday
Tahj Brooks,RB,"ARI 14 @ CIN 37, Final","3 RUSH ATT,10 RUSH YD,TGT,REC,9 REC YD",$10,0.5,2.40,107,2025-12-29 16:27:15,Week 17,Sunday
Julian Hill,TE,"TB 17 @ MIA 20, Final","2 TGT,REC,16 REC YD",$10,2.0,2.10,108,2025-12-29 16:27:15,Week 17,Sunday
Isaiah Bond,WR,"PIT 6 @ CLE 13, Final","TGT,REC,16 REC YD",$10,3.1,2.10,109,2025-12-29 16:27:15,Week 17,Sunday
Will Mallory,TE,"JAC 23 @ IND 17, Final","TGT,REC,16 REC YD",$10,2.1,2.10,110,2025-12-29 16:27:15,Week 17,Sunday
DeeJay Dallas,RB,"JAC 23 @ IND 17, Final","2 RUSH ATT,21 RUSH YD,TGT",$10,0.5,2.10,111,2025-12-29 16:27:15,Week 17,Sunday
Moliki Matavao,TE,"NO 34 @ TEN 26, Final","2 TGT,2 REC,10 REC YD",$10,2.0,2.00,112,2025-12-29 16:27:15,Week 17,Sunday
Jimmy Horn Jr.,WR,"SEA 27 @ CAR 10, Final","2 TGT,2 REC,9 REC YD",$10,2.4,1.90,113,2025-12-29 16:27:15,Week 17,Sunday
DeMario Douglas,WR,"NE 42 @ NYJ 10, Final","2 TGT,REC,10 REC YD",$10,5.1,1.50,114,2025-12-29 16:27:15,Week 17,Sunday
David Martin-Robinson,TE,"NO 34 @ TEN 26, Final","TGT,REC,9 REC YD",$10,1.0,1.40,115,2025-12-29 16:27:15,Week 17,Sunday
Cedrick Wilson Jr.,WR,"TB 17 @ MIA 20, Final","2 TGT,REC,8 REC YD",$10,1.4,1.30,116,2025-12-29 16:27:15,Week 17,Sunday
Drew Sample,TE,"ARI 14 @ CIN 37, Final","TGT,REC,8 REC YD",$10,1.9,1.30,117,2025-12-29 16:27:15,Week 17,Sunday
Rashid ShaheedQ,WR,"SEA 27 @ CAR 10, Final","TGT,REC,8 REC YD",$16,7.4,1.30,118,2025-12-29 16:27:15,Week 17,Sunday
Chuba Hubbard,RB,"SEA 27 @ CAR 10, Final","4 RUSH ATT,12 RUSH YD,3 TGT,3 REC,6 REC YD,FUM LOST",$17,7.7,1.30,119,2025-12-29 16:27:15,Week 17,Sunday
Joe Flacco,QB,"ARI 14 @ CIN 37, Final","24 PASS YD,4 RUSH ATT,2 RUSH YD",$20,13.0,1.16,120,2025-12-29 16:27:15,Week 17,Sunday
Joshua Dobbs,QB,"NE 42 @ NYJ 10, Final","30 PASS YD,2 RUSH ATT,-1 RUSH YD",$20,0.4,1.10,121,2025-12-29 16:27:15,Week 17,Sunday
Cooper Kupp,WR,"SEA 27 @ CAR 10, Final","3 TGT,REC,6 REC YD",$17,6.0,1.10,122,2025-12-29 16:27:15,Week 17,Sunday
Tommy Tremble,TE,"SEA 27 @ CAR 10, Final","TGT,REC,6 REC YD",$10,2.6,1.10,123,2025-12-29 16:27:15,Week 17,Sunday
Mitchell Evans,TE,"SEA 27 @ CAR 10, Final","RUSH ATT,RUSH YD,2 TGT,REC,5 REC YD",$10,3.1,1.10,124,2025-12-29 16:27:15,Week 17,Sunday
Malik Washington,WR,"TB 17 @ MIA 20, Final","RUSH ATT,RUSH YD,3 TGT,REC,4 REC YD",$12,5.2,1.00,125,2025-12-29 16:27:15,Week 17,Sunday
Arian Smith,WR,"NE 42 @ NYJ 10, Final","TGT,REC,5 REC YD",$10,0.8,1.00,126,2025-12-29 16:27:15,Week 17,Sunday
Trayveon Williams,RB,"PIT 6 @ CLE 13, Final","2 RUSH ATT,10 RUSH YD",$10,1.8,1.00,127,2025-12-29 16:27:16,Week 17,Sunday
Ke'Shawn Williams,WR,"ARI 14 @ CIN 37, Final","TGT,REC,5 REC YD",$10,0.1,1.00,128,2025-12-29 16:27:16,Week 17,Sunday
James Proche II,WR,"NO 34 @ TEN 26, Final","5 TGT,REC,5 REC YD",$10,1.7,1.00,129,2025-12-29 16:27:16,Week 17,Sunday
Tetairoa McMillan,WR,"SEA 27 @ CAR 10, Final","4 TGT,REC,5 REC YD",$29,10.5,1.00,130,2025-12-29 16:27:16,Week 17,Sunday
Jelani Woods,TE,"NE 42 @ NYJ 10, Final","TGT,REC,4 REC YD",$10,0.5,0.90,131,2025-12-29 16:27:16,Week 17,Sunday
Malachi Corley,WR,"PIT 6 @ CLE 13, Final","TGT,REC,4 REC YD",$10,1.9,0.90,132,2025-12-29 16:27:16,Week 17,Sunday
Ameer Abdullah,RB,"JAC 23 @ IND 17, Final","TGT,REC,4 REC YD",$10,2.0,0.90,133,2025-12-29 16:27:16,Week 17,Sunday
Sean Tucker,RB,"TB 17 @ MIA 20, Final","2 RUSH ATT,8 RUSH YD,TGT",$12,5.5,0.80,134,2025-12-29 16:27:16,Week 17,Sunday
Tyler Johnson,WR,"NE 42 @ NYJ 10, Final","TGT,REC,3 REC YD",$10,3.5,0.80,135,2025-12-29 16:27:16,Week 17,Sunday
Xavier Legette,WR,"SEA 27 @ CAR 10, Final","TGT,REC,3 REC YD",$12,4.9,0.80,136,2025-12-29 16:27:16,Week 17,Sunday
Jaylen Waddle,WR,"TB 17 @ MIA 20, Final","RUSH ATT,7 RUSH YD,TGT",$27,10.1,0.70,137,2025-12-29 16:27:16,Week 17,Sunday
Jeremy Ruckert,TE,"NE 42 @ NYJ 10, Final","3 TGT,REC,2 REC YD",$10,2.5,0.70,138,2025-12-29 16:27:16,Week 17,Sunday
Tyjae Spears,RB,"NO 34 @ TEN 26, Final","6 RUSH ATT,2 RUSH YD,2 TGT,REC,-1 REC YD",$18,6.9,0.60,139,2025-12-29 16:27:16,Week 17,Sunday
Gunnar Helm,TE,"NO 34 @ TEN 26, Final","2 TGT,REC,REC YD",$10,4.4,0.60,140,2025-12-29 16:27:16,Week 17,Sunday
Darren Waller,TE,"TB 17 @ MIA 20, Final","3 TGT,REC",$18,9.6,0.50,141,2025-12-29 16:27:16,Week 17,Sunday
Khalil Herbert,RB,"NE 42 @ NYJ 10, Final","2 RUSH ATT,5 RUSH YD,TGT",$10,0.3,0.50,142,2025-12-29 16:27:16,Week 17,Sunday
D'Ernest Johnson,RB,"NE 42 @ NYJ 10, Final","4 RUSH ATT,5 RUSH YD",$10,0.3,0.50,143,2025-12-29 16:27:16,Week 17,Sunday
Kalel Mullings,RB,"NO 34 @ TEN 26, Final","RUSH ATT,4 RUSH YD",$10,0.2,0.40,144,2025-12-29 16:27:16,Week 17,Sunday
Evan Hull,RB,"NO 34 @ TEN 26, Final","2 RUSH ATT,3 RUSH YD",$10,1.0,0.30,145,2025-12-29 16:27:16,Week 17,Sunday
LeQuint Allen Jr.,RB,"JAC 23 @ IND 17, Final","RUSH ATT,3 RUSH YD",$10,1.2,0.30,146,2025-12-29 16:27:16,Week 17,Sunday
Corey Kiner,RB,"ARI 14 @ CIN 37, Final","RUSH ATT,2 RUSH YD",$10,1.5,0.20,147,2025-12-29 16:27:16,Week 17,Sunday
Teddy Bridgewater,QB,"TB 17 @ MIA 20, Final",,$20,1.0,0.00,148,2025-12-29 16:27:16,Week 17,Sunday
Sterling ShepardO,WR,"TB 17 @ MIA 20, Final",,$10,4.8,0.00,149,2025-12-29 16:27:16,Week 17,Sunday
Payne Durham,TE,"TB 17 @ MIA 20, Final",,$10,0.3,0.00,150,2025-12-29 16:27:16,Week 17,Sunday
Devin Culp,TE,"TB 17 @ MIA 20, Final",,$10,3.6,0.00,151,2025-12-29 16:27:16,Week 17,Sunday
Kameron Johnson,WR,"TB 17 @ MIA 20, Final",,$10,1.0,0.00,152,2025-12-29 16:27:17,Week 17,Sunday
Connor BazelakO,QB,"TB 17 @ MIA 20, Final",,$20,—,0.00,153,2025-12-29 16:27:17,Week 17,Sunday
Josh Williams,RB,"TB 17 @ MIA 20, Final",,$10,0.6,0.00,154,2025-12-29 16:27:17,Week 17,Sunday
Alec Ingold,RB,"TB 17 @ MIA 20, Final",,$10,1.2,0.00,155,2025-12-29 16:27:17,Week 17,Sunday
Tua TagovailoaO,QB,"TB 17 @ MIA 20, Final",,$20,12.5,0.00,156,2025-12-29 16:27:17,Week 17,Sunday
Nick Westbrook-IkhineO,WR,"TB 17 @ MIA 20, Final",,$10,1.2,0.00,157,2025-12-29 16:27:17,Week 17,Sunday
Zach Wilson,QB,"TB 17 @ MIA 20, Final",,$20,0.5,0.00,158,2025-12-29 16:27:17,Week 17,Sunday
Dee EskridgeIR,WR,"TB 17 @ MIA 20, Final",,$10,0.6,0.00,159,2025-12-29 16:27:17,Week 17,Sunday
Tahj Washington,WR,"TB 17 @ MIA 20, Final",,$10,-0.4,0.00,160,2025-12-29 16:27:17,Week 17,Sunday
Ollie Gordon II,RB,"TB 17 @ MIA 20, Final",,$10,3.1,0.00,161,2025-12-29 16:27:17,Week 17,Sunday
Mack HollinsIR,WR,"NE 42 @ NYJ 10, Final",,$13,6.5,0.00,162,2025-12-29 16:27:17,Week 17,Sunday
Kayshon BoutteO,WR,"NE 42 @ NYJ 10, Final",,$14,8.0,0.00,163,2025-12-29 16:27:17,Week 17,Sunday
Tommy DeVitoO,QB,"NE 42 @ NYJ 10, Final",,$20,6.7,0.00,164,2025-12-29 16:27:17,Week 17,Sunday
Jack Westover,RB,"NE 42 @ NYJ 10, Final",,$10,—,0.00,165,2025-12-29 16:27:17,Week 17,Sunday
CJ Dippre,TE,"NE 42 @ NYJ 10, Final",,$10,—,0.00,166,2025-12-29 16:27:17,Week 17,Sunday
Tyrod TaylorO,QB,"NE 42 @ NYJ 10, Final",,$20,10.7,0.00,167,2025-12-29 16:27:17,Week 17,Sunday
Andrew Beck,RB,"NE 42 @ NYJ 10, Final",,$10,1.3,0.00,168,2025-12-29 16:27:17,Week 17,Sunday
Justin FieldsIR,QB,"NE 42 @ NYJ 10, Final",,$20,16.0,0.00,169,2025-12-29 16:27:17,Week 17,Sunday
Irvin CharlesPUP,WR,"NE 42 @ NYJ 10, Final",,$10,—,0.00,170,2025-12-29 16:27:17,Week 17,Sunday
Mason TaylorO,TE,"NE 42 @ NYJ 10, Final",,$12,5.1,0.00,171,2025-12-29 16:27:17,Week 17,Sunday
Braelon AllenIR,RB,"NE 42 @ NYJ 10, Final",,$10,—,0.00,172,2025-12-29 16:27:17,Week 17,Sunday
Josh ReynoldsIR,WR,"NE 42 @ NYJ 10, Final",,$10,3.5,0.00,173,2025-12-29 16:27:17,Week 17,Sunday
Mason Rudolph,QB,"PIT 6 @ CLE 13, Final",,$20,3.4,0.00,174,2025-12-29 16:27:17,Week 17,Sunday
DK MetcalfSUSP,WR,"PIT 6 @ CLE 13, Final",,$26,10.5,0.00,175,2025-12-29 16:27:17,Week 17,Sunday
Ben Skowronek,WR,"PIT 6 @ CLE 13, Final",,$10,1.0,0.00,176,2025-12-29 16:27:17,Week 17,Sunday
Calvin Austin IIIO,WR,"PIT 6 @ CLE 13, Final",,$10,4.4,0.00,177,2025-12-29 16:27:18,Week 17,Sunday
Roman Wilson,WR,"PIT 6 @ CLE 13, Final",,$10,3.3,0.00,178,2025-12-29 16:27:18,Week 17,Sunday
Kaleb JohnsonO,RB,"PIT 6 @ CLE 13, Final",,$10,0.8,0.00,179,2025-12-29 16:27:18,Week 17,Sunday
Will HowardO,QB,"PIT 6 @ CLE 13, Final",,$20,—,0.00,180,2025-12-29 16:27:18,Week 17,Sunday
Deshaun WatsonPUP,QB,"PIT 6 @ CLE 13, Final",,$20,11.4,0.00,181,2025-12-29 16:27:18,Week 17,Sunday
David NjokuO,TE,"PIT 6 @ CLE 13, Final",,$10,6.3,0.00,182,2025-12-29 16:27:18,Week 17,Sunday
Blake Whiteheart,TE,"PIT 6 @ CLE 13, Final",TGT,$10,0.2,0.00,183,2025-12-29 16:27:18,Week 17,Sunday
Quinshon JudkinsIR,RB,"PIT 6 @ CLE 13, Final",,$21,11.2,0.00,184,2025-12-29 16:27:18,Week 17,Sunday
Dillon GabrielO,QB,"PIT 6 @ CLE 13, Final",,$20,7.2,0.00,185,2025-12-29 16:27:18,Week 17,Sunday
Gage Larvadain,WR,"PIT 6 @ CLE 13, Final",,$10,0.8,0.00,186,2025-12-29 16:27:18,Week 17,Sunday
Jamari Thrash,WR,"PIT 6 @ CLE 13, Final",,$10,2.0,0.00,187,2025-12-29 16:27:18,Week 17,Sunday
Pharaoh Brown,TE,"ARI 14 @ CIN 37, Final",,$10,0.4,0.00,188,2025-12-29 16:27:18,Week 17,Sunday
Josiah Deguara,TE,"ARI 14 @ CIN 37, Final",,$10,0.2,0.00,189,2025-12-29 16:27:18,Week 17,Sunday
Elijah Higgins,TE,"ARI 14 @ CIN 37, Final",TGT,$10,2.6,0.00,190,2025-12-29 16:27:18,Week 17,Sunday
Marvin Harrison Jr.Q,WR,"ARI 14 @ CIN 37, Final",TGT,$29,8.9,0.00,191,2025-12-29 16:27:18,Week 17,Sunday
Kedon Slovis,QB,"ARI 14 @ CIN 37, Final",,$20,-0.0,0.00,192,2025-12-29 16:27:18,Week 17,Sunday
Noah Fant,TE,"ARI 14 @ CIN 37, Final",TGT,$10,4.9,0.00,193,2025-12-29 16:27:18,Week 17,Sunday
Jake Browning,QB,"ARI 14 @ CIN 37, Final",,$20,11.3,0.00,194,2025-12-29 16:27:18,Week 17,Sunday
Charlie JonesO,WR,"ARI 14 @ CIN 37, Final",,$10,0.5,0.00,195,2025-12-29 16:27:18,Week 17,Sunday
Mitch Tinsley,WR,"ARI 14 @ CIN 37, Final",,$10,3.5,0.00,196,2025-12-29 16:27:18,Week 17,Sunday
Erick All Jr.PUP,TE,"ARI 14 @ CIN 37, Final",,$10,3.2,0.00,197,2025-12-29 16:27:18,Week 17,Sunday
Cam GrandyO,TE,"ARI 14 @ CIN 37, Final",,$10,0.9,0.00,198,2025-12-29 16:27:18,Week 17,Sunday
Jalen Brooks,WR,"ARI 14 @ CIN 37, Final",,$10,1.2,0.00,199,2025-12-29 16:27:18,Week 17,Sunday
Steven Sims,WR,"ARI 14 @ CIN 37, Final",,$10,—,0.00,200,2025-12-29 16:27:18,Week 17,Sunday
Alvin KamaraO,RB,"NO 34 @ TEN 26, Final",,$25,7.7,0.00,201,2025-12-29 16:27:18,Week 17,Sunday
Taysom Hill,TE,"NO 34 @ TEN 26, Final",3 RUSH ATT,$10,2.6,0.00,202,2025-12-29 16:27:19,Week 17,Sunday
Foster MoreauIR,TE,"NO 34 @ TEN 26, Final",,$10,1.3,0.00,203,2025-12-29 16:27:19,Week 17,Sunday
Jack StollQ,TE,"NO 34 @ TEN 26, Final",,$10,1.4,0.00,204,2025-12-29 16:27:19,Week 17,Sunday
Zaire Mitchell-PadenO,TE,"NO 34 @ TEN 26, Final",,$10,0.9,0.00,205,2025-12-29 16:27:19,Week 17,Sunday
Spencer Rattler,QB,"NO 34 @ TEN 26, Final",,$20,11.5,0.00,206,2025-12-29 16:27:19,Week 17,Sunday
Mason TiptonO,WR,"NO 34 @ TEN 26, Final",,$10,1.9,0.00,207,2025-12-29 16:27:19,Week 17,Sunday
Brandon Allen,QB,"NO 34 @ TEN 26, Final",,$20,2.8,0.00,208,2025-12-29 16:27:19,Week 17,Sunday
Julius Chestnut,RB,"NO 34 @ TEN 26, Final",,$10,0.3,0.00,209,2025-12-29 16:27:19,Week 17,Sunday
Bryce OliverIR,WR,"NO 34 @ TEN 26, Final",,$10,0.7,0.00,210,2025-12-29 16:27:19,Week 17,Sunday
Trey PalmerIR,WR,"NO 34 @ TEN 26, Final",,$10,1.9,0.00,211,2025-12-29 16:27:19,Week 17,Sunday
Johnny Mundt,TE,"JAC 23 @ IND 17, Final",TGT,$10,1.4,0.00,212,2025-12-29 16:27:19,Week 17,Sunday
Tim Patrick,WR,"JAC 23 @ IND 17, Final",TGT,$10,3.6,0.00,213,2025-12-29 16:27:19,Week 17,Sunday
Nick Mullens,QB,"JAC 23 @ IND 17, Final",,$20,-0.2,0.00,214,2025-12-29 16:27:19,Week 17,Sunday
Hunter Long,TE,"JAC 23 @ IND 17, Final",,$10,3.8,0.00,215,2025-12-29 16:27:19,Week 17,Sunday
Dyami Brown,WR,"JAC 23 @ IND 17, Final",,$11,3.8,0.00,216,2025-12-29 16:27:19,Week 17,Sunday
Quintin Morris,TE,"JAC 23 @ IND 17, Final",,$10,0.8,0.00,217,2025-12-29 16:27:19,Week 17,Sunday
Bhayshul TutenO,RB,"JAC 23 @ IND 17, Final",,$10,5.4,0.00,218,2025-12-29 16:27:19,Week 17,Sunday
Laquon Treadwell,WR,"JAC 23 @ IND 17, Final",,$10,—,0.00,219,2025-12-29 16:27:19,Week 17,Sunday
Alec Pierce,WR,"JAC 23 @ IND 17, Final",5 TGT,$21,9.5,0.00,220,2025-12-29 16:27:19,Week 17,Sunday
Drew OgletreeIR,TE,"JAC 23 @ IND 17, Final",,$10,1.1,0.00,221,2025-12-29 16:27:19,Week 17,Sunday
Tyler GoodsonO,RB,"JAC 23 @ IND 17, Final",,$10,0.4,0.00,222,2025-12-29 16:27:19,Week 17,Sunday
Anthony GouldIR,WR,"JAC 23 @ IND 17, Final",,$10,0.2,0.00,223,2025-12-29 16:27:19,Week 17,Sunday
DJ Giddens,RB,"JAC 23 @ IND 17, Final",,$10,1.7,0.00,224,2025-12-29 16:27:19,Week 17,Sunday
Brett RypienO,QB,"JAC 23 @ IND 17, Final",,$20,—,0.00,225,2025-12-29 16:27:19,Week 17,Sunday
Anthony Richardson Sr.IR,QB,"JAC 23 @ IND 17, Final",,$20,0.8,0.00,226,2025-12-29 16:27:19,Week 17,Sunday
Drew Lock,QB,"SEA 27 @ CAR 10, Final",,$20,0.0,0.00,227,2025-12-29 16:27:20,Week 17,Sunday
Cody WhiteQ,WR,"SEA 27 @ CAR 10, Final",,$10,2.1,0.00,228,2025-12-29 16:27:20,Week 17,Sunday
Jake Bobo,WR,"SEA 27 @ CAR 10, Final",,$10,0.8,0.00,229,2025-12-29 16:27:20,Week 17,Sunday
Brady Russell,RB,"SEA 27 @ CAR 10, Final",,$10,—,0.00,230,2025-12-29 16:27:20,Week 17,Sunday
Jalen MilroeO,QB,"SEA 27 @ CAR 10, Final",,$20,-0.4,0.00,231,2025-12-29 16:27:20,Week 17,Sunday
Robbie Ouzts,RB,"SEA 27 @ CAR 10, Final",,$10,—,0.00,232,2025-12-29 16:27:20,Week 17,Sunday
Nick Kallerup,TE,"SEA 27 @ CAR 10, Final",,$10,—,0.00,233,2025-12-29 16:27:20,Week 17,Sunday
Andy Dalton,QB,"SEA 27 @ CAR 10, Final",,$20,2.6,0.00,234,2025-12-29 16:27:20,Week 17,Sunday
Hunter Renfrow,WR,"SEA 27 @ CAR 10, Final",,$10,4.7,0.00,235,2025-12-29 16:27:20,Week 17,Sunday
James Mitchell,TE,"SEA 27 @ CAR 10, Final",,$10,2.2,0.00,236,2025-12-29 16:27:20,Week 17,Sunday
Brycen Tremayne,WR,"SEA 27 @ CAR 10, Final",TGT,$10,1.5,0.00,237,2025-12-29 16:27:20,Week 17,Sunday
Jonathon BrooksPUP,RB,"SEA 27 @ CAR 10, Final",,$10,2.0,0.00,238,2025-12-29 16:27:20,Week 17,Sunday
Ja'Tavion SandersO,TE,"SEA 27 @ CAR 10, Final",,$10,3.6,0.00,239,2025-12-29 16:27:20,Week 17,Sunday
Trevor Etienne,RB,"SEA 27 @ CAR 10, Final",,$10,0.8,0.00,240,2025-12-29 16:27:20,Week 17,Sunday
Eric Saubert,TE,"SEA 27 @ CAR 10, Final",2 TGT,$10,0.6,0.00,241,2025-12-29 16:27:20,Week 17,Sunday
Dareke Young,WR,"SEA 27 @ CAR 10, Final",TGT,$10,0.7,0.00,242,2025-12-29 16:27:20,Week 17,Sunday
David MooreIR,WR,"SEA 27 @ CAR 10, Final",,$10,0.7,0.00,243,2025-12-29 16:27:20,Week 17,Sunday
Cam Akers,RB,"SEA 27 @ CAR 10, Final",,$10,2.4,0.00,244,2025-12-29 16:27:20,Week 17,Sunday
Tory HortonIR,WR,"SEA 27 @ CAR 10, Final",,$11,7.3,0.00,245,2025-12-29 16:27:20,Week 17,Sunday
Arizona Cardinals,DEF,"ARI 14 @ CIN 37, Final","37 PTS ALLOWED,3 SACK",$10,4.8,-1.00,246,2025-12-29 16:27:20,Week 17,Sunday
Riley Leonard,QB,"JAC 23 @ IND 17, Final",INT,$20,2.6,-1.00,247,2025-12-29 16:27:20,Week 17,Sunday
New York Jets,DEF,"NE 42 @ NYJ 10, Final","42 PTS ALLOWED,SACK",$10,3.2,-3.00,248,2025-12-29 16:27:20,Week 17,Sunday
Jaxson Dart,QB,"NYG 34 @ LV 10, Final","207 PASS YD,9 RUSH ATT,48 RUSH YD,2 RUSH TD",$35,17.4,25.08,1,2025-12-29 16:27:37,Week 17,Sunday
Josh AllenQ,QB,"PHI 13 @ BUF 12, Final","262 PASS YD,7 RUSH ATT,27 RUSH YD,2 RUSH TD,FUM LOST",$43,23.4,23.18,2,2025-12-29 16:27:37,Week 17,Sunday
New York Giants,DEF,"NYG 34 @ LV 10, Final","10 PTS ALLOWED,4 SACK,2 INT,RET TD",$12,4.5,18.00,3,2025-12-29 16:27:37,Week 17,Sunday
Wan'Dale Robinson,WR,"NYG 34 @ LV 10, Final","14 TGT,11 REC,113 REC YD",$26,10.7,16.80,4,2025-12-29 16:27:37,Week 17,Sunday
Devin Singletary,RB,"NYG 34 @ LV 10, Final","8 RUSH ATT,45 RUSH YD,RUSH TD,4 TGT,4 REC,25 REC YD",$15,5.6,15.00,5,2025-12-29 16:27:37,Week 17,Sunday
Michael Mayer,TE,"NYG 34 @ LV 10, Final","10 TGT,9 REC,89 REC YD",$10,4.2,13.40,6,2025-12-29 16:27:37,Week 17,Sunday
Philadelphia Eagles,DEF,"PHI 13 @ BUF 12, Final","12 PTS ALLOWED,5 SACK,FUM REC,BLK KICK",$15,8.2,13.00,7,2025-12-29 16:27:37,Week 17,Sunday
Brandin Cooks,WR,"PHI 13 @ BUF 12, Final","6 TGT,4 REC,101 REC YD",$10,2.9,12.10,8,2025-12-29 16:27:37,Week 17,Sunday
A.J. Brown,WR,"PHI 13 @ BUF 12, Final","7 TGT,5 REC,68 REC YD",$31,12.1,9.30,9,2025-12-29 16:27:37,Week 17,Sunday
Geno SmithD,QB,"NYG 34 @ LV 10, Final","176 PASS YD,PASS TD,2 INT,RUSH ATT,RUSH YD",$30,12.7,9.14,10,2025-12-29 16:27:37,Week 17,Sunday
Jalen Hurts,QB,"PHI 13 @ BUF 12, Final","110 PASS YD,PASS TD,3 RUSH ATT,5 RUSH YD",$36,19.1,8.90,11,2025-12-29 16:27:37,Week 17,Sunday
Ashton Jeanty,RB,"NYG 34 @ LV 10, Final","16 RUSH ATT,60 RUSH YD,2 TGT,2 REC,13 REC YD",$36,12.9,8.30,12,2025-12-29 16:27:37,Week 17,Sunday
Dallas Goedert,TE,"PHI 13 @ BUF 12, Final","6 TGT,3 REC,8 REC YD,REC TD",$19,10.3,8.30,13,2025-12-29 16:27:37,Week 17,Sunday
James Cook III,RB,"PHI 13 @ BUF 12, Final","20 RUSH ATT,74 RUSH YD,4 TGT,REC,3 REC YD",$40,17.8,8.20,14,2025-12-29 16:27:37,Week 17,Sunday
Tyler Lockett,WR,"NYG 34 @ LV 10, Final","3 TGT,2 REC,9 REC YD,REC TD",$10,3.1,7.90,15,2025-12-29 16:27:37,Week 17,Sunday
Tre Tucker,WR,"NYG 34 @ LV 10, Final","2 RUSH ATT,6 TGT,5 REC,49 REC YD",$13,8.1,7.40,16,2025-12-29 16:27:37,Week 17,Sunday
Saquon Barkley,RB,"PHI 13 @ BUF 12, Final","19 RUSH ATT,68 RUSH YD",$36,13.4,6.80,17,2025-12-29 16:27:37,Week 17,Sunday
Khalil Shakir,WR,"PHI 13 @ BUF 12, Final","7 TGT,6 REC,35 REC YD",$18,8.2,6.50,18,2025-12-29 16:27:37,Week 17,Sunday
Ty Johnson,RB,"PHI 13 @ BUF 12, Final","5 RUSH ATT,15 RUSH YD,4 TGT,3 REC,33 REC YD",$11,4.4,6.30,19,2025-12-29 16:27:37,Week 17,Sunday
Tyrone Tracy Jr.,RB,"NYG 34 @ LV 10, Final","14 RUSH ATT,62 RUSH YD,2 TGT,REC,-5 REC YD",$27,8.5,6.20,20,2025-12-29 16:27:37,Week 17,Sunday
Dawson Knox,TE,"PHI 13 @ BUF 12, Final","5 TGT,5 REC,30 REC YD",$12,5.1,5.50,21,2025-12-29 16:27:37,Week 17,Sunday
Buffalo Bills,DEF,"PHI 13 @ BUF 12, Final","13 PTS ALLOWED,SACK",$14,6.6,5.00,22,2025-12-29 16:27:37,Week 17,Sunday
Darius Slayton,WR,"NYG 34 @ LV 10, Final","3 TGT,2 REC,36 REC YD",$19,5.6,4.60,23,2025-12-29 16:27:37,Week 17,Sunday
Tyrell Shavers,WR,"PHI 13 @ BUF 12, Final","3 TGT,2 REC,36 REC YD",$10,3.5,4.60,24,2025-12-29 16:27:38,Week 17,Sunday
DeVonta Smith,WR,"PHI 13 @ BUF 12, Final","5 TGT,2 REC,25 REC YD",$24,9.8,3.50,25,2025-12-29 16:27:38,Week 17,Sunday
Gunner Olszewski,WR,"NYG 34 @ LV 10, Final","TGT,REC,19 REC YD",$10,1.1,2.40,26,2025-12-29 16:27:38,Week 17,Sunday
Dont'e Thornton Jr.,WR,"NYG 34 @ LV 10, Final","4 TGT,2 REC,12 REC YD",$10,1.9,2.20,27,2025-12-29 16:27:38,Week 17,Sunday
Daniel Bellinger,TE,"NYG 34 @ LV 10, Final","3 TGT,2 REC,11 REC YD",$10,3.3,2.10,28,2025-12-29 16:27:38,Week 17,Sunday
Ray Davis,RB,"PHI 13 @ BUF 12, Final","RUSH ATT,4 RUSH YD,TGT,REC,12 REC YD",$10,2.2,2.10,29,2025-12-29 16:27:38,Week 17,Sunday
Joshua Palmer,WR,"PHI 13 @ BUF 12, Final","2 TGT,REC,12 REC YD",$11,3.7,1.70,30,2025-12-29 16:27:38,Week 17,Sunday
Tank Bigsby,RB,"PHI 13 @ BUF 12, Final","2 RUSH ATT,7 RUSH YD,TGT,REC,2 REC YD",$10,2.5,1.40,31,2025-12-29 16:27:38,Week 17,Sunday
Isaiah Hodgins,WR,"NYG 34 @ LV 10, Final","2 TGT,REC,8 REC YD",$10,3.8,1.30,32,2025-12-29 16:27:38,Week 17,Sunday
Las Vegas Raiders,DEF,"NYG 34 @ LV 10, Final","34 PTS ALLOWED,2 SACK",$10,3.6,1.00,33,2025-12-29 16:27:38,Week 17,Sunday
Darius Cooper,WR,"PHI 13 @ BUF 12, Final","TGT,REC,4 REC YD",$10,1.8,0.90,34,2025-12-29 16:27:38,Week 17,Sunday
Grant Calcaterra,TE,"PHI 13 @ BUF 12, Final","TGT,REC,3 REC YD",$10,1.1,0.80,35,2025-12-29 16:27:38,Week 17,Sunday
Kenny Pickett,QB,"NYG 34 @ LV 10, Final",16 PASS YD,$20,1.9,0.64,36,2025-12-29 16:27:38,Week 17,Sunday
Zamir White,RB,"NYG 34 @ LV 10, Final","RUSH ATT,2 RUSH YD",$10,1.5,0.20,37,2025-12-29 16:27:38,Week 17,Sunday
Will Shipley,RB,"PHI 13 @ BUF 12, Final","2 RUSH ATT,2 RUSH YD",$10,0.8,0.20,38,2025-12-29 16:27:38,Week 17,Sunday
Russell Wilson,QB,"NYG 34 @ LV 10, Final",,$20,8.8,0.00,39,2025-12-29 16:27:38,Week 17,Sunday
Chris Manhertz,TE,"NYG 34 @ LV 10, Final",,$10,0.6,0.00,40,2025-12-29 16:27:38,Week 17,Sunday
Jameis Winston,QB,"NYG 34 @ LV 10, Final",,$20,14.9,0.00,41,2025-12-29 16:27:38,Week 17,Sunday
Jalin Hyatt,WR,"NYG 34 @ LV 10, Final",,$10,1.0,0.00,42,2025-12-29 16:27:38,Week 17,Sunday
Eric Gray,RB,"NYG 34 @ LV 10, Final",,$10,—,0.00,43,2025-12-29 16:27:38,Week 17,Sunday
Theo JohnsonO,TE,"NYG 34 @ LV 10, Final",,$14,7.0,0.00,44,2025-12-29 16:27:38,Week 17,Sunday
Raheem MostertO,RB,"NYG 34 @ LV 10, Final",,$10,2.0,0.00,45,2025-12-29 16:27:38,Week 17,Sunday
Ian Thomas,TE,"NYG 34 @ LV 10, Final",,$10,2.2,0.00,46,2025-12-29 16:27:38,Week 17,Sunday
Alex Bachman,WR,"NYG 34 @ LV 10, Final",,$10,0.2,0.00,47,2025-12-29 16:27:38,Week 17,Sunday
Aidan O'Connell,QB,"NYG 34 @ LV 10, Final",,$20,10.8,0.00,48,2025-12-29 16:27:38,Week 17,Sunday
Brock BowersIR,TE,"NYG 34 @ LV 10, Final",,$26,12.0,0.00,49,2025-12-29 16:27:39,Week 17,Sunday
Dylan Laube,RB,"NYG 34 @ LV 10, Final",,$10,0.3,0.00,50,2025-12-29 16:27:39,Week 17,Sunday
Jack BechO,WR,"NYG 34 @ LV 10, Final",,$11,2.3,0.00,51,2025-12-29 16:27:39,Week 17,Sunday
Carter Runyon,TE,"NYG 34 @ LV 10, Final",,$10,0.2,0.00,52,2025-12-29 16:27:39,Week 17,Sunday
Ryan Miller,WR,"NYG 34 @ LV 10, Final",,$10,1.2,0.00,53,2025-12-29 16:27:39,Week 17,Sunday
Dalen Cambre,WR,"NYG 34 @ LV 10, Final",,$10,—,0.00,54,2025-12-29 16:27:39,Week 17,Sunday
Beaux CollinsIR,WR,"NYG 34 @ LV 10, Final",,$10,0.9,0.00,55,2025-12-29 16:27:39,Week 17,Sunday
A.J. Dillon,RB,"PHI 13 @ BUF 12, Final",,$10,1.4,0.00,56,2025-12-29 16:27:39,Week 17,Sunday
Kylen Granson,TE,"PHI 13 @ BUF 12, Final",,$10,0.2,0.00,57,2025-12-29 16:27:39,Week 17,Sunday
Jahan Dotson,WR,"PHI 13 @ BUF 12, Final",TGT,$10,2.6,0.00,58,2025-12-29 16:27:39,Week 17,Sunday
Sam Howell,QB,"PHI 13 @ BUF 12, Final",,$20,0.2,0.00,59,2025-12-29 16:27:39,Week 17,Sunday
Britain Covey,WR,"PHI 13 @ BUF 12, Final",,$10,—,0.00,60,2025-12-29 16:27:39,Week 17,Sunday
Cameron Latu,TE,"PHI 13 @ BUF 12, Final",,$10,—,0.00,61,2025-12-29 16:27:39,Week 17,Sunday
Tanner McKee,QB,"PHI 13 @ BUF 12, Final",,$20,0.6,0.00,62,2025-12-29 16:27:39,Week 17,Sunday
Mitchell Trubisky,QB,"PHI 13 @ BUF 12, Final",,$20,0.8,0.00,63,2025-12-29 16:27:39,Week 17,Sunday
Gabe Davis,WR,"PHI 13 @ BUF 12, Final",TGT,$10,2.5,0.00,64,2025-12-29 16:27:39,Week 17,Sunday
Reggie Gilliam,RB,"PHI 13 @ BUF 12, Final",,$10,0.1,0.00,65,2025-12-29 16:27:39,Week 17,Sunday
Dalton KincaidO,TE,"PHI 13 @ BUF 12, Final",,$14,9.1,0.00,66,2025-12-29 16:27:39,Week 17,Sunday
Keon Coleman,WR,"PHI 13 @ BUF 12, Final",,$14,6.3,0.00,67,2025-12-29 16:27:39,Week 17,Sunday
Jackson Hawes,TE,"PHI 13 @ BUF 12, Final",,$10,3.7,0.00,68,2025-12-29 16:27:39,Week 17,Sunday
Mecole Hardman Jr.,WR,"PHI 13 @ BUF 12, Final",,$10,-1.0,0.00,69,2025-12-29 16:27:39,Week 17,Sunday
Curtis SamuelIR,WR,"PHI 13 @ BUF 12, Final",,$10,2.9,0.00,70,2025-12-29 16:27:39,Week 17,Sunday
Brock Purdy,QB,"CHI 38 @ SF 42, Final","303 PASS YD,3 PASS TD,INT,6 RUSH ATT,28 RUSH YD,2 RUSH TD",$38,22.7,37.92,1,2025-12-29 16:27:56,Week 17,Sunday
Christian McCaffrey,RB,"CHI 38 @ SF 42, Final","23 RUSH ATT,140 RUSH YD,RUSH TD,6 TGT,4 REC,41 REC YD",$46,22.3,26.10,2,2025-12-29 16:27:56,Week 17,Sunday
Luther Burden IIIQ,WR,"CHI 38 @ SF 42, Final","9 TGT,8 REC,138 REC YD,REC TD",$15,7.0,23.80,3,2025-12-29 16:27:56,Week 17,Sunday
Caleb Williams,QB,"CHI 38 @ SF 42, Final","330 PASS YD,2 PASS TD,5 RUSH ATT,18 RUSH YD",$34,19.2,23.00,4,2025-12-29 16:27:56,Week 17,Sunday
D'Andre Swift,RB,"CHI 38 @ SF 42, Final","9 RUSH ATT,54 RUSH YD,2 RUSH TD,3 TGT,2 REC,25 REC YD",$30,13.8,20.90,5,2025-12-29 16:27:56,Week 17,Sunday
Colston Loveland,TE,"CHI 38 @ SF 42, Final","10 TGT,6 REC,94 REC YD,REC TD",$15,7.7,18.40,6,2025-12-29 16:27:56,Week 17,Sunday
Jake Tonges,TE,"CHI 38 @ SF 42, Final","9 TGT,7 REC,60 REC YD,REC TD",$10,7.6,15.50,7,2025-12-29 16:27:56,Week 17,Sunday
Jauan Jennings,WR,"CHI 38 @ SF 42, Final","4 TGT,2 REC,42 REC YD,REC TD",$28,10.0,11.20,8,2025-12-29 16:27:56,Week 17,Sunday
Ricky Pearsall,WR,"CHI 38 @ SF 42, Final","8 TGT,5 REC,85 REC YD",$18,7.1,11.00,9,2025-12-29 16:27:56,Week 17,Sunday
Kyle Juszczyk,RB,"CHI 38 @ SF 42, Final","2 TGT,2 REC,14 REC YD,REC TD",$10,2.9,8.40,10,2025-12-29 16:27:56,Week 17,Sunday
Kyle Monangai,RB,"CHI 38 @ SF 42, Final","8 RUSH ATT,38 RUSH YD,4 TGT,3 REC,9 REC YD",$21,8.3,6.20,11,2025-12-29 16:27:56,Week 17,Sunday
Chicago Bears,DEF,"CHI 38 @ SF 42, Final","42 PTS ALLOWED,SACK,INT,TD",$13,6.8,5.00,12,2025-12-29 16:27:56,Week 17,Sunday
Jahdae Walker,WR,"CHI 38 @ SF 42, Final","4 TGT,2 REC,30 REC YD",$10,2.6,4.00,13,2025-12-29 16:27:56,Week 17,Sunday
Demarcus Robinson,WR,"CHI 38 @ SF 42, Final","2 TGT,2 REC,30 REC YD",$10,3.3,4.00,14,2025-12-29 16:27:56,Week 17,Sunday
Brian Robinson Jr.,RB,"CHI 38 @ SF 42, Final","4 RUSH ATT,22 RUSH YD,TGT,REC,6 REC YD",$10,3.6,3.30,15,2025-12-29 16:27:56,Week 17,Sunday
Kendrick Bourne,WR,"CHI 38 @ SF 42, Final","TGT,REC,25 REC YD",$10,5.7,3.00,16,2025-12-29 16:27:56,Week 17,Sunday
Cole Kmet,TE,"CHI 38 @ SF 42, Final","3 TGT,2 REC,16 REC YD",$10,3.9,2.60,17,2025-12-29 16:27:56,Week 17,Sunday
Durham Smythe,TE,"CHI 38 @ SF 42, Final","TGT,REC,11 REC YD",$10,1.1,1.60,18,2025-12-29 16:27:56,Week 17,Sunday
DJ Moore,WR,"CHI 38 @ SF 42, Final","4 TGT,REC,7 REC YD",$26,9.0,1.20,19,2025-12-29 16:27:56,Week 17,Sunday
Skyy Moore,WR,"CHI 38 @ SF 42, Final","RUSH ATT,10 RUSH YD",$10,0.8,1.00,20,2025-12-29 16:27:56,Week 17,Sunday
Case Keenum,QB,"CHI 38 @ SF 42, Final",,$20,—,0.00,21,2025-12-29 16:27:56,Week 17,Sunday
Travis Homer,RB,"CHI 38 @ SF 42, Final",,$10,-0.0,0.00,22,2025-12-29 16:27:56,Week 17,Sunday
Olamide ZaccheausO,WR,"CHI 38 @ SF 42, Final",,$10,4.7,0.00,23,2025-12-29 16:27:56,Week 17,Sunday
Devin Duvernay,WR,"CHI 38 @ SF 42, Final",TGT,$10,0.2,0.00,24,2025-12-29 16:27:56,Week 17,Sunday
Tyson Bagent,QB,"CHI 38 @ SF 42, Final",,$20,1.3,0.00,25,2025-12-29 16:27:57,Week 17,Sunday
Rome OdunzeO,WR,"CHI 38 @ SF 42, Final",,$18,10.3,0.00,26,2025-12-29 16:27:57,Week 17,Sunday
George KittleO,TE,"CHI 38 @ SF 42, Final",,$25,12.8,0.00,27,2025-12-29 16:27:57,Week 17,Sunday
Brandon AiyukDTD,WR,"CHI 38 @ SF 42, Final",,$10,7.1,0.00,28,2025-12-29 16:27:57,Week 17,Sunday
Mac Jones,QB,"CHI 38 @ SF 42, Final",,$20,12.4,0.00,29,2025-12-29 16:27:57,Week 17,Sunday
Luke Farrell,TE,"CHI 38 @ SF 42, Final",,$10,1.8,0.00,30,2025-12-29 16:27:57,Week 17,Sunday
Isaac GuerendoO,RB,"CHI 38 @ SF 42, Final",,$10,—,0.00,31,2025-12-29 16:27:57,Week 17,Sunday
Jordan WatkinsO,WR,"CHI 38 @ SF 42, Final",,$10,1.2,0.00,32,2025-12-29 16:27:57,Week 17,Sunday
Jordan James,RB,"CHI 38 @ SF 42, Final",,$10,—,0.00,33,2025-12-29 16:27:57,Week 17,Sunday
Kurtis RourkeO,QB,"CHI 38 @ SF 42, Final",,$20,—,0.00,34,2025-12-29 16:27:57,Week 17,Sunday
Maurice Alexander,WR,"CHI 38 @ SF 42, Final",,$10,—,0.00,35,2025-12-29 16:27:57,Week 17,Sunday
Roschon JohnsonIR,RB,"CHI 38 @ SF 42, Final",,$10,0.3,0.00,36,2025-12-29 16:27:57,Week 17,Sunday
San Francisco 49ers,DEF,"CHI 38 @ SF 42, Final",32 PTS ALLOWED,$11,4.5,-1.00,37,2025-12-29 16:27:57,Week 17,Sunday
