player_name,position,game_info,stats,salary,fppg,points,row_number,scrape_date,week,day
Jahmyr Gibbs,RB,"NYG 27 @ DET 34, Final OT","15 RUSH ATT,219 RUSH YD,2 RUSH TD,12 TGT,11 REC,45 REC YD,REC TD",$44,21.4,49.90,1,2025-11-24 16:24:04,Week 12,Sunday
Jaxon Smith-Njigba,WR,"SEA 30 @ TEN 24, Final","RUSH ATT,4 RUSH YD,10 TGT,8 REC,167 REC YD,2 REC TD",$43,19.5,33.10,2,2025-11-24 16:24:04,Week 12,Sunday
Jameis Winston,QB,"NYG 27 @ DET 34, Final OT","366 PASS YD,2 PASS TD,INT,4 RUSH ATT,13 RUSH YD,TGT,REC,33 REC YD,REC TD",$22,22.4,32.74,3,2025-11-24 16:24:05,Week 12,Sunday
Jalen Hurts,QB,"PHI 21 @ DAL 24, Final","289 PASS YD,PASS TD,7 RUSH ATT,33 RUSH YD,2 RUSH TD",$41,21.1,30.86,4,2025-11-24 16:24:05,Week 12,Sunday
Dak Prescott,QB,"PHI 21 @ DAL 24, Final","354 PASS YD,2 PASS TD,INT,5 RUSH ATT,9 RUSH YD,RUSH TD",$38,20.7,28.06,5,2025-11-24 16:24:05,Week 12,Sunday
Wan'Dale Robinson,WR,"NYG 27 @ DET 34, Final OT","RUSH ATT,14 TGT,9 REC,156 REC YD,REC TD",$22,10.9,26.10,6,2025-11-24 16:24:05,Week 12,Sunday
Emanuel Wilson,RB,"MIN 6 @ GB 23, Final","28 RUSH ATT,107 RUSH YD,2 RUSH TD,2 TGT,2 REC,18 REC YD",$13,6.2,25.50,7,2025-11-24 16:24:05,Week 12,Sunday
Amon-Ra St. Brown,WR,"NYG 27 @ DET 34, Final OT","13 TGT,9 REC,149 REC YD,REC TD",$35,16.4,25.40,8,2025-11-24 16:24:05,Week 12,Sunday
George Pickens,WR,"PHI 21 @ DAL 24, Final","9 TGT,9 REC,146 REC YD,REC TD",$33,17.0,25.10,9,2025-11-24 16:24:05,Week 12,Sunday
Cam Ward,QB,"SEA 30 @ TEN 24, Final","256 PASS YD,PASS TD,6 RUSH ATT,37 RUSH YD,RUSH TD",$21,10.5,23.94,10,2025-11-24 16:24:05,Week 12,Sunday
Derrick Henry,RB,"NYJ 10 @ BAL 23, Final","21 RUSH ATT,64 RUSH YD,2 RUSH TD,2 TGT,2 REC,24 REC YD",$34,13.9,21.80,11,2025-11-24 16:24:05,Week 12,Sunday
Caleb Williams,QB,"PIT 28 @ CHI 31, Final","239 PASS YD,3 PASS TD,4 RUSH ATT,21 RUSH YD,FUM LOST",$36,19.7,21.66,12,2025-11-24 16:24:05,Week 12,Sunday
Hunter Henry,TE,"NE 26 @ CIN 20, Final","10 TGT,7 REC,115 REC YD,REC TD",$16,8.7,21.00,13,2025-11-24 16:24:05,Week 12,Sunday
A.J. Brown,WR,"PHI 21 @ DAL 24, Final","10 TGT,8 REC,110 REC YD,REC TD",$27,10.4,21.00,14,2025-11-24 16:24:05,Week 12,Sunday
DJ Moore,WR,"PIT 28 @ CHI 31, Final","7 TGT,5 REC,64 REC YD,2 REC TD",$22,8.9,20.90,15,2025-11-24 16:24:05,Week 12,Sunday
Ashton Jeanty,RB,"CLE 24 @ LV 10, Final","17 RUSH ATT,50 RUSH YD,8 TGT,8 REC,58 REC YD,REC TD",$32,13.4,20.80,16,2025-11-24 16:24:05,Week 12,Sunday
Trevor Lawrence,QB,"JAC 27 @ ARI 24, Final OT","256 PASS YD,3 PASS TD,3 INT,5 RUSH ATT,29 RUSH YD,FUM LOST",$34,16.9,20.14,17,2025-11-24 16:24:05,Week 12,Sunday
Rashee Rice,WR,"IND 20 @ KC 23, Final OT","12 TGT,8 REC,141 REC YD,2PT",$35,16.8,20.10,18,2025-11-24 16:24:05,Week 12,Sunday
Travis Etienne Jr.,RB,"JAC 27 @ ARI 24, Final OT","15 RUSH ATT,86 RUSH YD,4 TGT,3 REC,30 REC YD,REC TD",$29,13.8,19.10,19,2025-11-24 16:24:05,Week 12,Sunday
Chimere Dike,WR,"SEA 30 @ TEN 24, Final","7 TGT,5 REC,44 REC YD,REC TD,PRTD",$13,5.9,18.90,20,2025-11-24 16:24:05,Week 12,Sunday
Jacoby Brissett,QB,"JAC 27 @ ARI 24, Final OT","317 PASS YD,PASS TD,3 RUSH ATT,20 RUSH YD",$33,16.1,18.68,21,2025-11-24 16:24:05,Week 12,Sunday
Kareem Hunt,RB,"IND 20 @ KC 23, Final OT","30 RUSH ATT,104 RUSH YD,RUSH TD,3 TGT,3 REC,26 REC YD,FUM LOST",$19,9.8,18.50,22,2025-11-24 16:24:05,Week 12,Sunday
Jared Goff,QB,"NYG 27 @ DET 34, Final OT","279 PASS YD,2 PASS TD,INT",$35,17.8,18.16,23,2025-11-24 16:24:05,Week 12,Sunday
Patrick Mahomes,QB,"IND 20 @ KC 23, Final OT","352 PASS YD,INT,4 RUSH ATT,30 RUSH YD,2PT",$40,22.2,18.08,24,2025-11-24 16:24:05,Week 12,Sunday
Green Bay Packers,DEF,"MIN 6 @ GB 23, Final","6 PTS ALLOWED,5 SACK,2 INT,FUM REC",$13,6.4,18.00,25,2025-11-24 16:24:05,Week 12,Sunday
Sam Darnold,QB,"SEA 30 @ TEN 24, Final","244 PASS YD,2 PASS TD,RUSH ATT,-1 RUSH YD",$32,15.8,17.66,26,2025-11-24 16:24:05,Week 12,Sunday
Arizona Cardinals,DEF,"JAC 27 @ ARI 24, Final OT","27 PTS ALLOWED,3 SACK,3 INT,FUM REC,TD",$11,6.6,17.00,27,2025-11-24 16:24:06,Week 12,Sunday
Drake Maye,QB,"NE 26 @ CIN 20, Final","294 PASS YD,PASS TD,INT,5 RUSH ATT,22 RUSH YD",$41,20.4,16.96,28,2025-11-24 16:24:06,Week 12,Sunday
Daniel Jones,QB,"IND 20 @ KC 23, Final OT","181 PASS YD,2 PASS TD,3 RUSH ATT,16 RUSH YD",$36,19.7,16.84,29,2025-11-24 16:24:06,Week 12,Sunday
Michael Wilson,WR,"JAC 27 @ ARI 24, Final OT","15 TGT,10 REC,118 REC YD",$18,7.5,16.80,30,2025-11-24 16:24:06,Week 12,Sunday
Quinshon Judkins,RB,"CLE 24 @ LV 10, Final","16 RUSH ATT,47 RUSH YD,2 RUSH TD",$26,12.3,16.70,31,2025-11-24 16:24:06,Week 12,Sunday
Cleveland Browns,DEF,"CLE 24 @ LV 10, Final","10 PTS ALLOWED,10 SACK,FUM REC",$18,8.7,16.00,32,2025-11-24 16:24:06,Week 12,Sunday
Atlanta Falcons,DEF,"ATL 24 @ NO 10, Final","4 PTS ALLOWED,5 SACK,INT,FUM REC",$13,7.5,16.00,33,2025-11-24 16:24:06,Week 12,Sunday
Parker Washington,WR,"JAC 27 @ ARI 24, Final OT","7 TGT,5 REC,71 REC YD,REC TD",$17,8.2,15.60,34,2025-11-24 16:24:06,Week 12,Sunday
John Metchie III,WR,"NYJ 10 @ BAL 23, Final","7 TGT,6 REC,65 REC YD,REC TD",$10,4.5,15.50,35,2025-11-24 16:24:06,Week 12,Sunday
Kirk Cousins,QB,"ATL 24 @ NO 10, Final","199 PASS YD,2 PASS TD,INT,2 RUSH ATT,5 RUSH YD",$23,6.5,15.46,36,2025-11-24 16:24:06,Week 12,Sunday
Kenneth Gainwell,RB,"PIT 28 @ CHI 31, Final","10 RUSH ATT,92 RUSH YD,6 TGT,6 REC,30 REC YD",$19,9.6,15.20,37,2025-11-24 16:24:06,Week 12,Sunday
Dylan Sampson,RB,"CLE 24 @ LV 10, Final","7 RUSH ATT,23 RUSH YD,3 TGT,2 REC,59 REC YD,REC TD",$10,4.7,15.20,38,2025-11-24 16:24:06,Week 12,Sunday
Darnell Mooney,WR,"ATL 24 @ NO 10, Final","3 TGT,3 REC,74 REC YD,REC TD",$18,5.0,14.90,39,2025-11-24 16:24:06,Week 12,Sunday
Tyrone Tracy Jr.,RB,"NYG 27 @ DET 34, Final OT","20 RUSH ATT,62 RUSH YD,4 TGT,3 REC,68 REC YD",$20,7.7,14.50,40,2025-11-24 16:24:06,Week 12,Sunday
Geno Smith,QB,"CLE 24 @ LV 10, Final","285 PASS YD,PASS TD,3 RUSH ATT,8 RUSH YD,FUM LOST",$27,13.2,14.20,41,2025-11-24 16:24:06,Week 12,Sunday
Chase Brown,RB,"NE 26 @ CIN 20, Final","19 RUSH ATT,107 RUSH YD,4 TGT,2 REC,23 REC YD",$31,11.7,14.00,42,2025-11-24 16:24:06,Week 12,Sunday
Greg Dortch,WR,"JAC 27 @ ARI 24, Final OT","2 RUSH ATT,-5 RUSH YD,9 TGT,6 REC,53 REC YD,REC TD",$10,5.3,13.80,43,2025-11-24 16:24:06,Week 12,Sunday
Tyrod Taylor,QB,"NYJ 10 @ BAL 23, Final","222 PASS YD,PASS TD,INT,5 RUSH ATT,19 RUSH YD",$20,11.0,13.78,44,2025-11-24 16:24:06,Week 12,Sunday
Bijan Robinson,RB,"ATL 24 @ NO 10, Final","14 RUSH ATT,70 RUSH YD,2 TGT,2 REC,37 REC YD,2PT",$40,18.2,13.70,45,2025-11-24 16:24:06,Week 12,Sunday
Jakobi Meyers,WR,"JAC 27 @ ARI 24, Final OT","6 TGT,4 REC,50 REC YD,REC TD",$16,7.9,13.00,46,2025-11-24 16:24:06,Week 12,Sunday
Colston Loveland,TE,"PIT 28 @ CHI 31, Final","5 TGT,4 REC,49 REC YD,REC TD",$15,7.0,12.90,47,2025-11-24 16:24:06,Week 12,Sunday
Jaylen Warren,RB,"PIT 28 @ CHI 31, Final","18 RUSH ATT,68 RUSH YD,RUSH TD",$28,11.9,12.80,48,2025-11-24 16:24:06,Week 12,Sunday
Trey McBride,TE,"JAC 27 @ ARI 24, Final OT","10 TGT,9 REC,79 REC YD",$30,14.7,12.40,49,2025-11-24 16:24:06,Week 12,Sunday
DK Metcalf,WR,"PIT 28 @ CHI 31, Final","2 RUSH ATT,12 RUSH YD,RUSH TD,8 TGT,5 REC,22 REC YD",$22,10.5,11.90,50,2025-11-24 16:24:06,Week 12,Sunday
Breece Hall,RB,"NYJ 10 @ BAL 23, Final","16 RUSH ATT,44 RUSH YD,4 TGT,4 REC,75 REC YD,FUM LOST",$31,12.6,11.90,51,2025-11-24 16:24:06,Week 12,Sunday
DeVonta Smith,WR,"PHI 21 @ DAL 24, Final","11 TGT,6 REC,89 REC YD",$30,11.0,11.90,52,2025-11-24 16:24:06,Week 12,Sunday
Brenton Strange,TE,"JAC 27 @ ARI 24, Final OT","5 TGT,5 REC,93 REC YD",$13,7.0,11.80,53,2025-11-24 16:24:07,Week 12,Sunday
Kenneth Walker III,RB,"SEA 30 @ TEN 24, Final","11 RUSH ATT,71 RUSH YD,4 TGT,3 REC,30 REC YD",$25,10.5,11.60,54,2025-11-24 16:24:07,Week 12,Sunday
Chris Olave,WR,"ATL 24 @ NO 10, Final","13 TGT,9 REC,70 REC YD",$30,11.9,11.50,55,2025-11-24 16:24:07,Week 12,Sunday
Shedeur Sanders,QB,"CLE 24 @ LV 10, Final","209 PASS YD,PASS TD,INT,RUSH ATT,-1 RUSH YD",$20,6.9,11.26,56,2025-11-24 16:24:07,Week 12,Sunday
Michael Pittman Jr.,WR,"IND 20 @ KC 23, Final OT","8 TGT,5 REC,27 REC YD,REC TD",$26,12.2,11.20,57,2025-11-24 16:24:07,Week 12,Sunday
Isaiah Hodgins,WR,"NYG 27 @ DET 34, Final OT","6 TGT,2 REC,42 REC YD,REC TD",$10,9.7,11.20,58,2025-11-24 16:24:07,Week 12,Sunday
Bam Knight,RB,"JAC 27 @ ARI 24, Final OT","10 RUSH ATT,12 RUSH YD,RUSH TD,5 TGT,4 REC,20 REC YD",$13,6.9,11.20,59,2025-11-24 16:24:07,Week 12,Sunday
Javonte Williams,RB,"PHI 21 @ DAL 24, Final","20 RUSH ATT,87 RUSH YD,3 TGT,2 REC,14 REC YD",$32,14.9,11.10,60,2025-11-24 16:24:07,Week 12,Sunday
Baltimore Ravens,DEF,"NYJ 10 @ BAL 23, Final","10 PTS ALLOWED,3 SACK,INT,FUM REC",$15,5.0,11.00,61,2025-11-24 16:24:07,Week 12,Sunday
New Orleans Saints,DEF,"ATL 24 @ NO 10, Final","24 PTS ALLOWED,3 SACK,INT,TD",$10,6.1,11.00,62,2025-11-24 16:24:07,Week 12,Sunday
Kyle Monangai,RB,"PIT 28 @ CHI 31, Final","12 RUSH ATT,48 RUSH YD,RUSH TD",$20,7.7,10.80,63,2025-11-24 16:24:07,Week 12,Sunday
Joe Flacco,QB,"NE 26 @ CIN 20, Final","183 PASS YD,PASS TD,INT,RUSH ATT,3 RUSH YD",$34,15.5,10.62,64,2025-11-24 16:24:07,Week 12,Sunday
New England Patriots,DEF,"NE 26 @ CIN 20, Final","14 PTS ALLOWED,SACK,INT,TD",$16,7.8,10.00,65,2025-11-24 16:24:07,Week 12,Sunday
Cincinnati Bengals,DEF,"NE 26 @ CIN 20, Final","20 PTS ALLOWED,SACK,INT,TD",$10,3.0,10.00,66,2025-11-24 16:24:07,Week 12,Sunday
Pittsburgh Steelers,DEF,"PIT 28 @ CHI 31, Final","31 PTS ALLOWED,SACK,2 FUM REC,TD",$15,8.5,10.00,67,2025-11-24 16:24:07,Week 12,Sunday
Mitch Tinsley,WR,"NE 26 @ CIN 20, Final","6 TGT,2 REC,29 REC YD,REC TD",$10,4.5,9.90,68,2025-11-24 16:24:07,Week 12,Sunday
TreVeyon Henderson,RB,"NE 26 @ CIN 20, Final","18 RUSH ATT,66 RUSH YD,4 TGT,3 REC,15 REC YD",$30,10.2,9.60,69,2025-11-24 16:24:07,Week 12,Sunday
Zach Charbonnet,RB,"SEA 30 @ TEN 24, Final","6 RUSH ATT,35 RUSH YD,RUSH TD",$22,9.2,9.50,70,2025-11-24 16:24:07,Week 12,Sunday
CeeDee Lamb,WR,"PHI 21 @ DAL 24, Final","11 TGT,4 REC,75 REC YD",$35,12.2,9.50,71,2025-11-24 16:24:07,Week 12,Sunday
Pat Freiermuth,TE,"PIT 28 @ CHI 31, Final","3 TGT,3 REC,19 REC YD,REC TD",$11,6.7,9.40,72,2025-11-24 16:24:07,Week 12,Sunday
Zay Flowers,WR,"NYJ 10 @ BAL 23, Final","2 RUSH ATT,11 RUSH YD,6 TGT,5 REC,58 REC YD",$28,10.3,9.40,73,2025-11-24 16:24:07,Week 12,Sunday
Theo Johnson,TE,"NYG 27 @ DET 34, Final OT","5 TGT,3 REC,77 REC YD",$16,7.7,9.20,74,2025-11-24 16:24:07,Week 12,Sunday
Tyler Shough,QB,"ATL 24 @ NO 10, Final","243 PASS YD,INT,7 RUSH ATT,22 RUSH YD,FUM LOST",$25,8.7,8.92,75,2025-11-24 16:24:07,Week 12,Sunday
Saquon Barkley,RB,"PHI 21 @ DAL 24, Final","10 RUSH ATT,22 RUSH YD,8 TGT,7 REC,52 REC YD,FUM LOST",$34,13.3,8.90,76,2025-11-24 16:24:07,Week 12,Sunday
Andrei Iosivas,WR,"NE 26 @ CIN 20, Final","RUSH ATT,5 RUSH YD,7 TGT,4 REC,61 REC YD",$13,5.6,8.60,77,2025-11-24 16:24:07,Week 12,Sunday
Jake Ferguson,TE,"PHI 21 @ DAL 24, Final","RUSH ATT,RUSH YD,6 TGT,5 REC,60 REC YD",$18,10.8,8.60,78,2025-11-24 16:24:08,Week 12,Sunday
David Sills V,WR,"ATL 24 @ NO 10, Final","3 TGT,2 REC,16 REC YD,REC TD",$10,2.3,8.60,79,2025-11-24 16:24:08,Week 12,Sunday
Devin Neal,RB,"ATL 24 @ NO 10, Final","7 RUSH ATT,18 RUSH YD,7 TGT,5 REC,43 REC YD",$10,3.1,8.60,80,2025-11-24 16:24:08,Week 12,Sunday
Mason Rudolph,QB,"PIT 28 @ CHI 31, Final","171 PASS YD,PASS TD,INT,3 RUSH ATT,7 RUSH YD,FUM LOST",$21,4.5,8.54,81,2025-11-24 16:24:08,Week 12,Sunday
Brock Bowers,TE,"CLE 24 @ LV 10, Final","9 TGT,6 REC,55 REC YD",$27,11.7,8.50,82,2025-11-24 16:24:08,Week 12,Sunday
Tyler Lockett,WR,"CLE 24 @ LV 10, Final","5 TGT,4 REC,62 REC YD",$10,2.9,8.20,83,2025-11-24 16:24:08,Week 12,Sunday
Gunnar Helm,TE,"SEA 30 @ TEN 24, Final","7 TGT,6 REC,51 REC YD",$10,4.3,8.10,84,2025-11-24 16:24:08,Week 12,Sunday
Indianapolis Colts,DEF,"IND 20 @ KC 23, Final OT","23 PTS ALLOWED,4 SACK,INT,FUM REC",$14,7.9,8.00,85,2025-11-24 16:24:08,Week 12,Sunday
Xavier Worthy,WR,"IND 20 @ KC 23, Final OT","8 TGT,4 REC,59 REC YD",$23,7.0,7.90,86,2025-11-24 16:24:08,Week 12,Sunday
Drew Ogletree,TE,"IND 20 @ KC 23, Final OT","2 TGT,2 REC,8 REC YD,REC TD",$10,1.1,7.80,87,2025-11-24 16:24:08,Week 12,Sunday
Jonathan Taylor,RB,"IND 20 @ KC 23, Final OT","16 RUSH ATT,58 RUSH YD,3 TGT,2 REC,8 REC YD",$46,24.2,7.60,88,2025-11-24 16:24:08,Week 12,Sunday
Luther Burden III,WR,"PIT 28 @ CHI 31, Final","RUSH ATT,15 RUSH YD,5 TGT,3 REC,46 REC YD",$10,4.9,7.60,89,2025-11-24 16:24:08,Week 12,Sunday
Juwan Johnson,TE,"ATL 24 @ NO 10, Final","7 TGT,6 REC,46 REC YD",$17,8.6,7.60,90,2025-11-24 16:24:08,Week 12,Sunday
Christian Watson,WR,"MIN 6 @ GB 23, Final","7 TGT,5 REC,49 REC YD",$18,9.8,7.40,91,2025-11-24 16:24:08,Week 12,Sunday
Michael Carter,RB,"JAC 27 @ ARI 24, Final OT","5 RUSH ATT,28 RUSH YD,3 TGT,3 REC,30 REC YD",$10,5.8,7.30,92,2025-11-24 16:24:08,Week 12,Sunday
Lamar Jackson,QB,"NYJ 10 @ BAL 23, Final","153 PASS YD,7 RUSH ATT,11 RUSH YD",$40,18.8,7.22,93,2025-11-24 16:24:08,Week 12,Sunday
Aaron Jones Sr.,RB,"MIN 6 @ GB 23, Final","9 RUSH ATT,41 RUSH YD,4 TGT,3 REC,16 REC YD",$22,8.9,7.20,94,2025-11-24 16:24:08,Week 12,Sunday
Jordan Love,QB,"MIN 6 @ GB 23, Final","139 PASS YD,3 RUSH ATT,15 RUSH YD",$34,15.9,7.06,95,2025-11-24 16:24:08,Week 12,Sunday
Tyler Warren,TE,"IND 20 @ KC 23, Final OT","7 TGT,5 REC,45 REC YD",$20,10.8,7.00,96,2025-11-24 16:24:08,Week 12,Sunday
Jacksonville Jaguars,DEF,"JAC 27 @ ARI 24, Final OT","18 PTS ALLOWED,6 SACK",$14,7.6,7.00,97,2025-11-24 16:24:08,Week 12,Sunday
Brevyn Spann-Ford,TE,"PHI 21 @ DAL 24, Final","TGT,REC,4 REC YD,REC TD",$10,1.1,6.90,98,2025-11-24 16:24:08,Week 12,Sunday
Justin Jefferson,WR,"MIN 6 @ GB 23, Final","6 TGT,4 REC,48 REC YD",$28,11.1,6.80,99,2025-11-24 16:24:08,Week 12,Sunday
Rome Odunze,WR,"PIT 28 @ CHI 31, Final","9 TGT,3 REC,53 REC YD",$26,11.1,6.80,100,2025-11-24 16:24:08,Week 12,Sunday
Isaiah Bond,WR,"CLE 24 @ LV 10, Final","2 TGT,2 REC,58 REC YD",$10,2.9,6.80,101,2025-11-24 16:24:09,Week 12,Sunday
Travis Kelce,TE,"IND 20 @ KC 23, Final OT","RUSH ATT,RUSH YD,6 TGT,4 REC,43 REC YD",$22,11.0,6.40,102,2025-11-24 16:24:09,Week 12,Sunday
Harold Fannin Jr.,TE,"CLE 24 @ LV 10, Final","RUSH ATT,4 RUSH YD,6 TGT,4 REC,40 REC YD",$14,7.6,6.40,103,2025-11-24 16:24:09,Week 12,Sunday
Tony Pollard,RB,"SEA 30 @ TEN 24, Final","11 RUSH ATT,20 RUSH YD,5 TGT,4 REC,21 REC YD",$18,8.2,6.10,104,2025-11-24 16:24:09,Week 12,Sunday
Chicago Bears,DEF,"PIT 28 @ CHI 31, Final","22 PTS ALLOWED,2 SACK,INT,FUM REC",$13,6.7,6.00,105,2025-11-24 16:24:09,Week 12,Sunday
Tennessee Titans,DEF,"SEA 30 @ TEN 24, Final","30 PTS ALLOWED,SACK,RET TD",$11,6.0,6.00,106,2025-11-24 16:24:09,Week 12,Sunday
DeMario Douglas,WR,"NE 26 @ CIN 20, Final","RUSH ATT,14 RUSH YD,TGT,REC,37 REC YD",$13,6.2,5.60,107,2025-11-24 16:24:09,Week 12,Sunday
Tee HigginsQ,WR,"NE 26 @ CIN 20, Final","6 TGT,5 REC,31 REC YD",$32,11.0,5.60,108,2025-11-24 16:24:09,Week 12,Sunday
Calvin Austin III,WR,"PIT 28 @ CHI 31, Final","5 TGT,4 REC,36 REC YD",$15,5.9,5.60,109,2025-11-24 16:24:09,Week 12,Sunday
Ian Thomas,TE,"CLE 24 @ LV 10, Final","4 TGT,4 REC,36 REC YD",$10,2.3,5.60,110,2025-11-24 16:24:09,Week 12,Sunday
Mike Gesicki,TE,"NE 26 @ CIN 20, Final","6 TGT,4 REC,35 REC YD",$10,2.6,5.50,111,2025-11-24 16:24:09,Week 12,Sunday
Chig Okonkwo,TE,"SEA 30 @ TEN 24, Final","4 TGT,3 REC,40 REC YD",$10,5.0,5.50,112,2025-11-24 16:24:09,Week 12,Sunday
Austin Hooper,TE,"NE 26 @ CIN 20, Final","4 TGT,3 REC,39 REC YD",$10,3.5,5.40,113,2025-11-24 16:24:09,Week 12,Sunday
Tyler Allgeier,RB,"ATL 24 @ NO 10, Final","12 RUSH ATT,44 RUSH YD,TGT,REC,5 REC YD",$18,7.4,5.40,114,2025-11-24 16:24:09,Week 12,Sunday
Gunner Olszewski,WR,"NYG 27 @ DET 34, Final OT","33 PASS YD,PASS TD",$10,1.2,5.32,115,2025-11-24 16:24:09,Week 12,Sunday
Ashton Dulin,WR,"IND 20 @ KC 23, Final OT","TGT,REC,48 REC YD",$10,1.8,5.30,116,2025-11-24 16:24:09,Week 12,Sunday
Adonai Mitchell,WR,"NYJ 10 @ BAL 23, Final","7 TGT,2 REC,42 REC YD",$10,2.4,5.20,117,2025-11-24 16:24:09,Week 12,Sunday
David Montgomery,RB,"NYG 27 @ DET 34, Final OT","5 RUSH ATT,18 RUSH YD,3 TGT,3 REC,19 REC YD",$23,9.8,5.20,118,2025-11-24 16:24:09,Week 12,Sunday
Devaughn Vele,WR,"ATL 24 @ NO 10, Final","7 TGT,3 REC,37 REC YD",$10,2.5,5.20,119,2025-11-24 16:24:09,Week 12,Sunday
Brashard Smith,RB,"IND 20 @ KC 23, Final OT","RUSH ATT,5 RUSH YD,4 TGT,3 REC,31 REC YD",$10,3.1,5.10,120,2025-11-24 16:24:09,Week 12,Sunday
Las Vegas Raiders,DEF,"CLE 24 @ LV 10, Final","24 PTS ALLOWED,SACK,INT,FUM REC",$12,4.4,5.00,121,2025-11-24 16:24:09,Week 12,Sunday
Philadelphia Eagles,DEF,"PHI 21 @ DAL 24, Final","24 PTS ALLOWED,SACK,INT,FUM REC",$16,7.3,5.00,122,2025-11-24 16:24:09,Week 12,Sunday
Dallas Cowboys,DEF,"PHI 21 @ DAL 24, Final","21 PTS ALLOWED,SACK,2 FUM REC",$12,4.8,5.00,123,2025-11-24 16:24:09,Week 12,Sunday
Mason Tipton,WR,"ATL 24 @ NO 10, Final","RUSH ATT,11 RUSH YD,4 TGT,3 REC,22 REC YD",$10,1.2,4.80,124,2025-11-24 16:24:09,Week 12,Sunday
Devin Singletary,RB,"NYG 27 @ DET 34, Final OT","14 RUSH ATT,47 RUSH YD",$15,4.1,4.70,125,2025-11-24 16:24:09,Week 12,Sunday
Kalif RaymondQ,WR,"NYG 27 @ DET 34, Final OT","2 TGT,2 REC,37 REC YD",$10,3.0,4.70,126,2025-11-24 16:24:09,Week 12,Sunday
Tyjae Spears,RB,"SEA 30 @ TEN 24, Final","3 RUSH ATT,4 RUSH YD,5 TGT,4 REC,21 REC YD",$16,6.8,4.50,127,2025-11-24 16:24:10,Week 12,Sunday
Brock Wright,TE,"NYG 27 @ DET 34, Final OT","4 TGT,3 REC,29 REC YD",$10,4.3,4.40,128,2025-11-24 16:24:10,Week 12,Sunday
Jonnu Smith,TE,"PIT 28 @ CHI 31, Final","2 RUSH ATT,7 RUSH YD,3 TGT,3 REC,21 REC YD",$10,4.2,4.30,129,2025-11-24 16:24:10,Week 12,Sunday
Tre Tucker,WR,"CLE 24 @ LV 10, Final","10 TGT,3 REC,28 REC YD",$18,9.7,4.30,130,2025-11-24 16:24:10,Week 12,Sunday
Jordan Mason,RB,"MIN 6 @ GB 23, Final","8 RUSH ATT,42 RUSH YD",$15,8.3,4.20,131,2025-11-24 16:24:10,Week 12,Sunday
Dontayvion Wicks,WR,"MIN 6 @ GB 23, Final","4 TGT,2 REC,32 REC YD",$10,3.5,4.20,132,2025-11-24 16:24:10,Week 12,Sunday
Noah GrayQ,TE,"IND 20 @ KC 23, Final OT","4 TGT,3 REC,25 REC YD",$10,2.1,4.00,133,2025-11-24 16:24:10,Week 12,Sunday
Mack Hollins,WR,"NE 26 @ CIN 20, Final","6 TGT,2 REC,30 REC YD",$14,6.4,4.00,134,2025-11-24 16:24:10,Week 12,Sunday
New York Giants,DEF,"NYG 27 @ DET 34, Final OT","34 PTS ALLOWED,3 SACK,INT",$10,2.7,4.00,135,2025-11-24 16:24:10,Week 12,Sunday
Seattle Seahawks,DEF,"SEA 30 @ TEN 24, Final","24 PTS ALLOWED,4 SACK",$20,9.3,4.00,136,2025-11-24 16:24:10,Week 12,Sunday
T.J. Hockenson,TE,"MIN 6 @ GB 23, Final","RUSH ATT,4 TGT,4 REC,19 REC YD",$12,5.5,3.90,137,2025-11-24 16:24:10,Week 12,Sunday
Charlie Woerner,TE,"ATL 24 @ NO 10, Final","3 TGT,3 REC,24 REC YD",$10,1.5,3.90,138,2025-11-24 16:24:10,Week 12,Sunday
KaVontae Turpin,WR,"PHI 21 @ DAL 24, Final","2 RUSH ATT,4 RUSH YD,2 TGT,REC,48 REC YD,FUM LOST",$10,4.3,3.70,139,2025-11-24 16:24:10,Week 12,Sunday
Mason Taylor,TE,"NYJ 10 @ BAL 23, Final","5 TGT,3 REC,21 REC YD",$13,5.1,3.60,140,2025-11-24 16:24:10,Week 12,Sunday
Devontez Walker,WR,"NYJ 10 @ BAL 23, Final","TGT,REC,30 REC YD",$10,5.8,3.50,141,2025-11-24 16:24:10,Week 12,Sunday
Raheem Mostert,RB,"CLE 24 @ LV 10, Final","RUSH ATT,2 RUSH YD,3 TGT,3 REC,18 REC YD",$10,2.5,3.50,142,2025-11-24 16:24:10,Week 12,Sunday
Kyle Pitts Sr.,TE,"ATL 24 @ NO 10, Final","5 TGT,2 REC,25 REC YD",$14,6.9,3.50,143,2025-11-24 16:24:10,Week 12,Sunday
Cooper Kupp,WR,"SEA 30 @ TEN 24, Final","4 TGT,2 REC,24 REC YD",$16,6.2,3.40,144,2025-11-24 16:24:10,Week 12,Sunday
Romeo Doubs,WR,"MIN 6 @ GB 23, Final","3 TGT,2 REC,23 REC YD",$19,9.0,3.30,145,2025-11-24 16:24:10,Week 12,Sunday
Darnell Washington,TE,"PIT 28 @ CHI 31, Final","2 TGT,2 REC,22 REC YD",$10,4.1,3.20,146,2025-11-24 16:24:10,Week 12,Sunday
Chris Brooks,RB,"MIN 6 @ GB 23, Final","8 RUSH ATT,21 RUSH YD,TGT,REC,5 REC YD",$10,1.3,3.10,147,2025-11-24 16:24:10,Week 12,Sunday
Alec Pierce,WR,"IND 20 @ KC 23, Final OT","2 TGT,REC,26 REC YD",$24,9.1,3.10,148,2025-11-24 16:24:10,Week 12,Sunday
Stefon Diggs,WR,"NE 26 @ CIN 20, Final","3 TGT,2 REC,20 REC YD",$31,9.7,3.00,149,2025-11-24 16:24:10,Week 12,Sunday
Detroit Lions,DEF,"NYG 27 @ DET 34, Final OT","27 PTS ALLOWED,SACK,INT",$15,6.6,3.00,150,2025-11-24 16:24:10,Week 12,Sunday
Dallas Goedert,TE,"PHI 21 @ DAL 24, Final","2 TGT,2 REC,20 REC YD",$18,9.9,3.00,151,2025-11-24 16:24:11,Week 12,Sunday
Darius Slayton,WR,"NYG 27 @ DET 34, Final OT","2 TGT,REC,23 REC YD",$20,5.2,2.80,152,2025-11-24 16:24:11,Week 12,Sunday
AJ Barner,TE,"SEA 30 @ TEN 24, Final","4 TGT,2 REC,18 REC YD",$12,7.3,2.80,153,2025-11-24 16:24:11,Week 12,Sunday
Ben Skowronek,WR,"PIT 28 @ CHI 31, Final","TGT,REC,21 REC YD",$10,1.2,2.60,154,2025-11-24 16:24:11,Week 12,Sunday
Kayshon Boutte,WR,"NE 26 @ CIN 20, Final","2 TGT,2 REC,15 REC YD",$22,8.7,2.50,155,2025-11-24 16:24:11,Week 12,Sunday
Alvin KamaraQ,RB,"ATL 24 @ NO 10, Final","3 RUSH ATT,11 RUSH YD,2 TGT,2 REC,4 REC YD",$23,7.7,2.50,156,2025-11-24 16:24:11,Week 12,Sunday
J.J. McCarthy,QB,"MIN 6 @ GB 23, Final","87 PASS YD,2 INT,2 RUSH ATT,10 RUSH YD",$27,12.5,2.48,157,2025-11-24 16:24:11,Week 12,Sunday
Keaton Mitchell,RB,"NYJ 10 @ BAL 23, Final","2 RUSH ATT,10 RUSH YD,TGT,REC,9 REC YD",$10,2.9,2.40,158,2025-11-24 16:24:11,Week 12,Sunday
Jerry Jeudy,WR,"CLE 24 @ LV 10, Final","3 TGT,REC,39 REC YD,FUM LOST",$17,5.4,2.40,159,2025-11-24 16:24:11,Week 12,Sunday
Kyle Williams,WR,"NE 26 @ CIN 20, Final","TGT,REC,18 REC YD",$10,2.1,2.30,160,2025-11-24 16:24:11,Week 12,Sunday
DeAndre Hopkins,WR,"NYJ 10 @ BAL 23, Final","3 TGT,2 REC,13 REC YD",$10,3.9,2.30,161,2025-11-24 16:24:11,Week 12,Sunday
Josh Downs,WR,"IND 20 @ KC 23, Final OT","6 TGT,2 REC,10 REC YD",$19,6.8,2.00,162,2025-11-24 16:24:11,Week 12,Sunday
Michael MayerQ,TE,"CLE 24 @ LV 10, Final","TGT,REC,14 REC YD",$10,3.9,1.90,163,2025-11-24 16:24:11,Week 12,Sunday
Dont'e Thornton Jr.,WR,"CLE 24 @ LV 10, Final","2 TGT,REC,14 REC YD",$10,1.8,1.90,164,2025-11-24 16:24:11,Week 12,Sunday
Johnny Mundt,TE,"JAC 27 @ ARI 24, Final OT","2 TGT,REC,12 REC YD",$10,1.5,1.70,165,2025-11-24 16:24:11,Week 12,Sunday
Bhayshul Tuten,RB,"JAC 27 @ ARI 24, Final OT","7 RUSH ATT,17 RUSH YD,TGT",$15,5.4,1.70,166,2025-11-24 16:24:11,Week 12,Sunday
Darius Cooper,WR,"PHI 21 @ DAL 24, Final","2 TGT,2 REC,7 REC YD",$10,0.9,1.70,167,2025-11-24 16:24:11,Week 12,Sunday
Taysom Hill,TE,"ATL 24 @ NO 10, Final","10 RUSH ATT,17 RUSH YD",$10,2.4,1.70,168,2025-11-24 16:24:11,Week 12,Sunday
John FitzPatrick,TE,"MIN 6 @ GB 23, Final","TGT,REC,11 REC YD",$10,1.9,1.60,169,2025-11-24 16:24:11,Week 12,Sunday
Mark Andrews,TE,"NYJ 10 @ BAL 23, Final","2 RUSH ATT,2 RUSH YD,3 TGT,REC,9 REC YD",$19,7.8,1.60,170,2025-11-24 16:24:11,Week 12,Sunday
Van Jefferson,WR,"SEA 30 @ TEN 24, Final","TGT,REC,11 REC YD",$10,3.9,1.60,171,2025-11-24 16:24:11,Week 12,Sunday
Hollywood Brown,WR,"IND 20 @ KC 23, Final OT","TGT,REC,10 REC YD",$14,7.9,1.50,172,2025-11-24 16:24:11,Week 12,Sunday
Rhamondre Stevenson,RB,"NE 26 @ CIN 20, Final","6 RUSH ATT,5 RUSH YD,2 TGT,REC,5 REC YD",$18,7.6,1.50,173,2025-11-24 16:24:11,Week 12,Sunday
Andrew Beck,RB,"NYJ 10 @ BAL 23, Final","TGT,REC,10 REC YD",$10,1.5,1.50,174,2025-11-24 16:24:11,Week 12,Sunday
Isaiah Likely,TE,"NYJ 10 @ BAL 23, Final","3 TGT,REC,10 REC YD",$10,2.8,1.50,175,2025-11-24 16:24:11,Week 12,Sunday
Mo Alie-Cox,TE,"IND 20 @ KC 23, Final OT","TGT,REC,9 REC YD",$10,1.2,1.40,176,2025-11-24 16:24:11,Week 12,Sunday
Tanner Hudson,TE,"NE 26 @ CIN 20, Final","TGT,REC,9 REC YD",$10,4.1,1.40,177,2025-11-24 16:24:12,Week 12,Sunday
Noah Fant,TE,"NE 26 @ CIN 20, Final","TGT,REC,9 REC YD",$12,6.2,1.40,178,2025-11-24 16:24:12,Week 12,Sunday
D'Andre Swift,RB,"PIT 28 @ CHI 31, Final","8 RUSH ATT,15 RUSH YD,TGT,REC,14 REC YD,FUM LOST",$30,12.5,1.40,179,2025-11-24 16:24:12,Week 12,Sunday
Allen Lazard,WR,"NYJ 10 @ BAL 23, Final","3 TGT,REC,9 REC YD",$10,2.6,1.40,180,2025-11-24 16:24:12,Week 12,Sunday
Xavier Weaver,WR,"JAC 27 @ ARI 24, Final OT","3 TGT,REC,9 REC YD",$10,1.0,1.40,181,2025-11-24 16:24:12,Week 12,Sunday
JuJu Smith-Schuster,WR,"IND 20 @ KC 23, Final OT","2 TGT,REC,8 REC YD",$10,4.9,1.30,182,2025-11-24 16:24:12,Week 12,Sunday
Grant Calcaterra,TE,"PHI 21 @ DAL 24, Final","TGT,REC,8 REC YD",$10,1.2,1.30,183,2025-11-24 16:24:12,Week 12,Sunday
Luke Musgrave,TE,"MIN 6 @ GB 23, Final","2 TGT,REC,7 REC YD",$10,2.1,1.20,184,2025-11-24 16:24:12,Week 12,Sunday
Hunter Luepke,RB,"PHI 21 @ DAL 24, Final","TGT,REC,7 REC YD",$10,2.0,1.20,185,2025-11-24 16:24:12,Week 12,Sunday
Jack Stoll,TE,"ATL 24 @ NO 10, Final","TGT,REC,7 REC YD",$10,1.9,1.20,186,2025-11-24 16:24:12,Week 12,Sunday
Olamide Zaccheaus,WR,"PIT 28 @ CHI 31, Final","TGT,REC,6 REC YD",$11,5.0,1.10,187,2025-11-24 16:24:12,Week 12,Sunday
Josiah Deguara,TE,"JAC 27 @ ARI 24, Final OT","TGT,REC,6 REC YD",$10,0.6,1.10,188,2025-11-24 16:24:12,Week 12,Sunday
Minnesota Vikings,DEF,"MIN 6 @ GB 23, Final","23 PTS ALLOWED,SACK",$12,5.8,1.00,189,2025-11-24 16:24:12,Week 12,Sunday
Kansas City Chiefs,DEF,"IND 20 @ KC 23, Final OT",20 PTS ALLOWED,$13,5.7,1.00,190,2025-11-24 16:24:12,Week 12,Sunday
New York Jets,DEF,"NYJ 10 @ BAL 23, Final","23 PTS ALLOWED,SACK",$10,3.8,1.00,191,2025-11-24 16:24:12,Week 12,Sunday
Elijah Arroyo,TE,"SEA 30 @ TEN 24, Final","TGT,REC,5 REC YD",$10,2.7,1.00,192,2025-11-24 16:24:12,Week 12,Sunday
Cedric Tillman,WR,"CLE 24 @ LV 10, Final","3 TGT,REC,5 REC YD",$15,5.4,1.00,193,2025-11-24 16:24:12,Week 12,Sunday
Josh Oliver,TE,"MIN 6 @ GB 23, Final","TGT,REC,4 REC YD",$10,3.1,0.90,194,2025-11-24 16:24:12,Week 12,Sunday
Durham Smythe,TE,"PIT 28 @ CHI 31, Final","TGT,REC,4 REC YD",$10,1.1,0.90,195,2025-11-24 16:24:12,Week 12,Sunday
Cole Kmet,TE,"PIT 28 @ CHI 31, Final","TGT,REC,3 REC YD",$10,3.4,0.80,196,2025-11-24 16:24:12,Week 12,Sunday
Arian Smith,WR,"NYJ 10 @ BAL 23, Final","RUSH ATT,8 RUSH YD",$10,1.0,0.80,197,2025-11-24 16:24:12,Week 12,Sunday
Tank Bigsby,RB,"PHI 21 @ DAL 24, Final","RUSH ATT,8 RUSH YD",$10,1.8,0.80,198,2025-11-24 16:24:12,Week 12,Sunday
Isaiah Davis,RB,"NYJ 10 @ BAL 23, Final","4 RUSH ATT,7 RUSH YD",$12,3.2,0.70,199,2025-11-24 16:24:12,Week 12,Sunday
Malachi Corley,WR,"CLE 24 @ LV 10, Final","RUSH ATT,-6 RUSH YD,TGT,REC,8 REC YD",$10,2.1,0.70,200,2025-11-24 16:24:12,Week 12,Sunday
Josh Whyle,TE,"MIN 6 @ GB 23, Final","TGT,REC,REC YD",$10,3.7,0.60,201,2025-11-24 16:24:12,Week 12,Sunday
Malik Willis,QB,"MIN 6 @ GB 23, Final","7 PASS YD,2 RUSH ATT,3 RUSH YD",$20,3.2,0.58,202,2025-11-24 16:24:12,Week 12,Sunday
Jake Browning,QB,"NE 26 @ CIN 20, Final",14 PASS YD,$20,11.3,0.56,203,2025-11-24 16:24:13,Week 12,Sunday
Drew Sample,TE,"NE 26 @ CIN 20, Final","TGT,REC",$10,1.6,0.50,204,2025-11-24 16:24:13,Week 12,Sunday
Tahj BrooksQ,RB,"NE 26 @ CIN 20, Final","2 RUSH ATT,5 RUSH YD,TGT",$10,0.4,0.50,205,2025-11-24 16:24:13,Week 12,Sunday
Rashid Shaheed,WR,"SEA 30 @ TEN 24, Final","RUSH ATT,5 RUSH YD,2 TGT",$14,7.5,0.50,206,2025-11-24 16:24:13,Week 12,Sunday
Julius Chestnut,RB,"SEA 30 @ TEN 24, Final","2 RUSH ATT,3 RUSH YD",$10,0.4,0.30,207,2025-11-24 16:24:13,Week 12,Sunday
LeQuint Allen Jr.,RB,"JAC 27 @ ARI 24, Final OT","RUSH ATT,2 RUSH YD",$10,1.3,0.20,208,2025-11-24 16:24:13,Week 12,Sunday
Feleipe Franks,TE,"ATL 24 @ NO 10, Final","RUSH ATT,2 RUSH YD",$10,0.1,0.20,209,2025-11-24 16:24:13,Week 12,Sunday
Adam Thielen,WR,"MIN 6 @ GB 23, Final",TGT,$10,1.4,0.00,210,2025-11-24 16:24:13,Week 12,Sunday
C.J. Ham,RB,"MIN 6 @ GB 23, Final",,$10,0.3,0.00,211,2025-11-24 16:24:13,Week 12,Sunday
Jalen Nailor,WR,"MIN 6 @ GB 23, Final",TGT,$12,5.2,0.00,212,2025-11-24 16:24:13,Week 12,Sunday
Jordan Addison,WR,"MIN 6 @ GB 23, Final",TGT,$22,9.4,0.00,213,2025-11-24 16:24:13,Week 12,Sunday
Ben Sims,TE,"MIN 6 @ GB 23, Final",,$10,1.5,0.00,214,2025-11-24 16:24:13,Week 12,Sunday
Zavier Scott,RB,"MIN 6 @ GB 23, Final",,$10,3.9,0.00,215,2025-11-24 16:24:13,Week 12,Sunday
Tai Felton,WR,"MIN 6 @ GB 23, Final",,$10,0.2,0.00,216,2025-11-24 16:24:13,Week 12,Sunday
Gavin BartholomewPUP,TE,"MIN 6 @ GB 23, Final",,$10,—,0.00,217,2025-11-24 16:24:13,Week 12,Sunday
Max Brosmer,QB,"MIN 6 @ GB 23, Final",,$20,0.5,0.00,218,2025-11-24 16:24:13,Week 12,Sunday
Myles Price,WR,"MIN 6 @ GB 23, Final",,$10,—,0.00,219,2025-11-24 16:24:13,Week 12,Sunday
Ben Yurosek,TE,"MIN 6 @ GB 23, Final",,$10,0.3,0.00,220,2025-11-24 16:24:13,Week 12,Sunday
Josh JacobsO,RB,"MIN 6 @ GB 23, Final",,$35,16.7,0.00,221,2025-11-24 16:24:13,Week 12,Sunday
Malik Heath,WR,"MIN 6 @ GB 23, Final",,$10,2.9,0.00,222,2025-11-24 16:24:13,Week 12,Sunday
Matthew GoldenO,WR,"MIN 6 @ GB 23, Final",,$16,5.0,0.00,223,2025-11-24 16:24:13,Week 12,Sunday
Savion Williams,WR,"MIN 6 @ GB 23, Final",RUSH ATT,$10,1.8,0.00,224,2025-11-24 16:24:13,Week 12,Sunday
Bo Melton,WR,"MIN 6 @ GB 23, Final",,$10,1.0,0.00,225,2025-11-24 16:24:13,Week 12,Sunday
Jayden ReedIR,WR,"MIN 6 @ GB 23, Final",,$16,6.0,0.00,226,2025-11-24 16:24:13,Week 12,Sunday
MarShawn LloydIR,RB,"MIN 6 @ GB 23, Final",,$10,—,0.00,227,2025-11-24 16:24:13,Week 12,Sunday
Ty ChandlerIR,RB,"MIN 6 @ GB 23, Final",,$10,—,0.00,228,2025-11-24 16:24:14,Week 12,Sunday
Ameer Abdullah,RB,"IND 20 @ KC 23, Final OT",TGT,$10,2.2,0.00,229,2025-11-24 16:24:14,Week 12,Sunday
Tyler Goodson,RB,"IND 20 @ KC 23, Final OT",,$10,0.5,0.00,230,2025-11-24 16:24:14,Week 12,Sunday
Will Mallory,TE,"IND 20 @ KC 23, Final OT",,$10,0.7,0.00,231,2025-11-24 16:24:14,Week 12,Sunday
Anthony Gould,WR,"IND 20 @ KC 23, Final OT",,$10,0.1,0.00,232,2025-11-24 16:24:14,Week 12,Sunday
DJ Giddens,RB,"IND 20 @ KC 23, Final OT",,$10,1.7,0.00,233,2025-11-24 16:24:14,Week 12,Sunday
Riley Leonard,QB,"IND 20 @ KC 23, Final OT",,$20,0.1,0.00,234,2025-11-24 16:24:14,Week 12,Sunday
Robert Tonyan,TE,"IND 20 @ KC 23, Final OT",,$10,0.2,0.00,235,2025-11-24 16:24:14,Week 12,Sunday
Gardner Minshew,QB,"IND 20 @ KC 23, Final OT",,$20,-0.3,0.00,236,2025-11-24 16:24:14,Week 12,Sunday
Elijah Mitchell,RB,"IND 20 @ KC 23, Final OT",,$10,—,0.00,237,2025-11-24 16:24:14,Week 12,Sunday
Tyquan Thornton,WR,"IND 20 @ KC 23, Final OT",TGT,$10,7.0,0.00,238,2025-11-24 16:24:14,Week 12,Sunday
Isiah PachecoO,RB,"IND 20 @ KC 23, Final OT",,$17,6.8,0.00,239,2025-11-24 16:24:14,Week 12,Sunday
Nikko Remigio,WR,"IND 20 @ KC 23, Final OT",,$10,0.3,0.00,240,2025-11-24 16:24:14,Week 12,Sunday
Jared Wiley,TE,"IND 20 @ KC 23, Final OT",,$10,1.2,0.00,241,2025-11-24 16:24:14,Week 12,Sunday
Jalen Royals,WR,"IND 20 @ KC 23, Final OT",,$10,—,0.00,242,2025-11-24 16:24:14,Week 12,Sunday
Laquon Treadwell,WR,"IND 20 @ KC 23, Final OT",,$10,—,0.00,243,2025-11-24 16:24:14,Week 12,Sunday
Anthony Richardson Sr.IR,QB,"IND 20 @ KC 23, Final OT",,$20,0.8,0.00,244,2025-11-24 16:24:14,Week 12,Sunday
Joshua Dobbs,QB,"NE 26 @ CIN 20, Final",,$20,0.0,0.00,245,2025-11-24 16:24:14,Week 12,Sunday
Tommy DeVito,QB,"NE 26 @ CIN 20, Final",,$20,6.7,0.00,246,2025-11-24 16:24:14,Week 12,Sunday
Jack Westover,RB,"NE 26 @ CIN 20, Final",,$10,—,0.00,247,2025-11-24 16:24:14,Week 12,Sunday
Terrell Jennings,RB,"NE 26 @ CIN 20, Final",RUSH ATT,$10,2.9,0.00,248,2025-11-24 16:24:14,Week 12,Sunday
Efton Chism III,WR,"NE 26 @ CIN 20, Final",,$10,—,0.00,249,2025-11-24 16:24:14,Week 12,Sunday
Samaje PerineO,RB,"NE 26 @ CIN 20, Final",,$11,3.4,0.00,250,2025-11-24 16:24:14,Week 12,Sunday
Ja'Marr ChaseSUSP,WR,"NE 26 @ CIN 20, Final",,$38,15.4,0.00,251,2025-11-24 16:24:14,Week 12,Sunday
Charlie Jones,WR,"NE 26 @ CIN 20, Final",TGT,$10,0.6,0.00,252,2025-11-24 16:24:14,Week 12,Sunday
Sean Clifford,QB,"NE 26 @ CIN 20, Final",,$20,—,0.00,253,2025-11-24 16:24:14,Week 12,Sunday
Jermaine Burton,WR,"NE 26 @ CIN 20, Final",,$10,1.6,0.00,254,2025-11-24 16:24:15,Week 12,Sunday
Erick All Jr.PUP,TE,"NE 26 @ CIN 20, Final",,$10,3.2,0.00,255,2025-11-24 16:24:15,Week 12,Sunday
Cam Grandy,TE,"NE 26 @ CIN 20, Final",,$10,1.1,0.00,256,2025-11-24 16:24:15,Week 12,Sunday
Joe BurrowIR,QB,"NE 26 @ CIN 20, Final",,$20,7.9,0.00,257,2025-11-24 16:24:15,Week 12,Sunday
Aaron RodgersO,QB,"PIT 28 @ CHI 31, Final",,$29,15.2,0.00,258,2025-11-24 16:24:15,Week 12,Sunday
Scotty Miller,WR,"PIT 28 @ CHI 31, Final",,$10,0.7,0.00,259,2025-11-24 16:24:15,Week 12,Sunday
Connor Heyward,TE,"PIT 28 @ CHI 31, Final",RUSH ATT,$10,1.1,0.00,260,2025-11-24 16:24:15,Week 12,Sunday
Roman Wilson,WR,"PIT 28 @ CHI 31, Final",2 TGT,$11,4.1,0.00,261,2025-11-24 16:24:15,Week 12,Sunday
Kaleb Johnson,RB,"PIT 28 @ CHI 31, Final",,$10,1.0,0.00,262,2025-11-24 16:24:15,Week 12,Sunday
Ke'Shawn Williams,WR,"PIT 28 @ CHI 31, Final",,$10,—,0.00,263,2025-11-24 16:24:15,Week 12,Sunday
Case Keenum,QB,"PIT 28 @ CHI 31, Final",,$20,—,0.00,264,2025-11-24 16:24:15,Week 12,Sunday
Travis HomerO,RB,"PIT 28 @ CHI 31, Final",,$10,-0.1,0.00,265,2025-11-24 16:24:15,Week 12,Sunday
Devin Duvernay,WR,"PIT 28 @ CHI 31, Final",,$10,0.1,0.00,266,2025-11-24 16:24:15,Week 12,Sunday
Roschon JohnsonIR,RB,"PIT 28 @ CHI 31, Final",,$10,0.3,0.00,267,2025-11-24 16:24:15,Week 12,Sunday
Tyson Bagent,QB,"PIT 28 @ CHI 31, Final",,$20,1.3,0.00,268,2025-11-24 16:24:15,Week 12,Sunday
Jahdae Walker,WR,"PIT 28 @ CHI 31, Final",,$10,—,0.00,269,2025-11-24 16:24:15,Week 12,Sunday
Will Howard,QB,"PIT 28 @ CHI 31, Final",,$20,—,0.00,270,2025-11-24 16:24:15,Week 12,Sunday
Tyler Johnson,WR,"NYJ 10 @ BAL 23, Final",,$10,4.2,0.00,271,2025-11-24 16:24:15,Week 12,Sunday
Justin Fields,QB,"NYJ 10 @ BAL 23, Final",,$28,16.0,0.00,272,2025-11-24 16:24:15,Week 12,Sunday
Kene Nwangwu,RB,"NYJ 10 @ BAL 23, Final",,$10,1.0,0.00,273,2025-11-24 16:24:15,Week 12,Sunday
Khalil Herbert,RB,"NYJ 10 @ BAL 23, Final",,$10,—,0.00,274,2025-11-24 16:24:15,Week 12,Sunday
Garrett WilsonIR,WR,"NYJ 10 @ BAL 23, Final",,$19,11.6,0.00,275,2025-11-24 16:24:15,Week 12,Sunday
Jelani Woods,TE,"NYJ 10 @ BAL 23, Final",,$10,—,0.00,276,2025-11-24 16:24:15,Week 12,Sunday
Jeremy Ruckert,TE,"NYJ 10 @ BAL 23, Final",,$10,2.8,0.00,277,2025-11-24 16:24:15,Week 12,Sunday
Irvin CharlesPUP,WR,"NYJ 10 @ BAL 23, Final",,$10,—,0.00,278,2025-11-24 16:24:15,Week 12,Sunday
Stone Smartt,TE,"NYJ 10 @ BAL 23, Final",,$10,—,0.00,279,2025-11-24 16:24:15,Week 12,Sunday
Isaiah Williams,WR,"NYJ 10 @ BAL 23, Final",,$10,1.9,0.00,280,2025-11-24 16:24:16,Week 12,Sunday
Patrick Ricard,RB,"NYJ 10 @ BAL 23, Final",,$10,0.1,0.00,281,2025-11-24 16:24:16,Week 12,Sunday
Cooper Rush,QB,"NYJ 10 @ BAL 23, Final",,$20,1.4,0.00,282,2025-11-24 16:24:16,Week 12,Sunday
Justice Hill,RB,"NYJ 10 @ BAL 23, Final",,$10,5.5,0.00,283,2025-11-24 16:24:16,Week 12,Sunday
Tyler Huntley,QB,"NYJ 10 @ BAL 23, Final",,$20,11.7,0.00,284,2025-11-24 16:24:16,Week 12,Sunday
Rashod BatemanO,WR,"NYJ 10 @ BAL 23, Final",,$15,4.6,0.00,285,2025-11-24 16:24:16,Week 12,Sunday
Tylan Wallace,WR,"NYJ 10 @ BAL 23, Final",TGT,$10,1.3,0.00,286,2025-11-24 16:24:16,Week 12,Sunday
Charlie Kolar,TE,"NYJ 10 @ BAL 23, Final",,$10,2.7,0.00,287,2025-11-24 16:24:16,Week 12,Sunday
Rasheen Ali,RB,"NYJ 10 @ BAL 23, Final",,$10,0.3,0.00,288,2025-11-24 16:24:16,Week 12,Sunday
LaJohntay Wester,WR,"NYJ 10 @ BAL 23, Final",,$10,—,0.00,289,2025-11-24 16:24:16,Week 12,Sunday
Russell Wilson,QB,"NYG 27 @ DET 34, Final OT",,$20,8.8,0.00,290,2025-11-24 16:24:16,Week 12,Sunday
Chris Manhertz,TE,"NYG 27 @ DET 34, Final OT",,$10,0.6,0.00,291,2025-11-24 16:24:16,Week 12,Sunday
Daniel Bellinger,TE,"NYG 27 @ DET 34, Final OT",2 TGT,$10,3.6,0.00,292,2025-11-24 16:24:16,Week 12,Sunday
Jalin Hyatt,WR,"NYG 27 @ DET 34, Final OT",,$10,1.2,0.00,293,2025-11-24 16:24:16,Week 12,Sunday
Eric Gray,RB,"NYG 27 @ DET 34, Final OT",,$10,—,0.00,294,2025-11-24 16:24:16,Week 12,Sunday
Jaxson DartO,QB,"NYG 27 @ DET 34, Final OT",,$33,18.2,0.00,295,2025-11-24 16:24:16,Week 12,Sunday
Thomas Fidone IIIR,TE,"NYG 27 @ DET 34, Final OT",,$10,—,0.00,296,2025-11-24 16:24:16,Week 12,Sunday
Kyle Allen,QB,"NYG 27 @ DET 34, Final OT",,$20,-0.2,0.00,297,2025-11-24 16:24:16,Week 12,Sunday
Ross Dwelley,TE,"NYG 27 @ DET 34, Final OT",,$10,—,0.00,298,2025-11-24 16:24:16,Week 12,Sunday
Craig Reynolds,RB,"NYG 27 @ DET 34, Final OT",,$10,0.1,0.00,299,2025-11-24 16:24:16,Week 12,Sunday
Jameson Williams,WR,"NYG 27 @ DET 34, Final OT",3 TGT,$25,9.3,0.00,300,2025-11-24 16:24:16,Week 12,Sunday
Sam LaPortaIR,TE,"NYG 27 @ DET 34, Final OT",,$17,9.7,0.00,301,2025-11-24 16:24:16,Week 12,Sunday
Jacob Saylors,RB,"NYG 27 @ DET 34, Final OT",,$10,0.1,0.00,302,2025-11-24 16:24:16,Week 12,Sunday
Sione Vaki,RB,"NYG 27 @ DET 34, Final OT",,$10,0.1,0.00,303,2025-11-24 16:24:16,Week 12,Sunday
Isaac TeSlaa,WR,"NYG 27 @ DET 34, Final OT",TGT,$10,2.6,0.00,304,2025-11-24 16:24:16,Week 12,Sunday
Dominic Lovett,WR,"NYG 27 @ DET 34, Final OT",,$10,—,0.00,305,2025-11-24 16:24:16,Week 12,Sunday
Drew Lock,QB,"SEA 30 @ TEN 24, Final",,$20,0.0,0.00,306,2025-11-24 16:24:17,Week 12,Sunday
Jake Bobo,WR,"SEA 30 @ TEN 24, Final",,$10,1.0,0.00,307,2025-11-24 16:24:17,Week 12,Sunday
Brady Russell,RB,"SEA 30 @ TEN 24, Final",,$10,—,0.00,308,2025-11-24 16:24:17,Week 12,Sunday
George HolaniQ,RB,"SEA 30 @ TEN 24, Final",,$10,2.0,0.00,309,2025-11-24 16:24:17,Week 12,Sunday
Jalen Milroe,QB,"SEA 30 @ TEN 24, Final",,$20,-0.5,0.00,310,2025-11-24 16:24:17,Week 12,Sunday
Tory HortonIR,WR,"SEA 30 @ TEN 24, Final",,$13,7.3,0.00,311,2025-11-24 16:24:17,Week 12,Sunday
Robbie Ouzts,RB,"SEA 30 @ TEN 24, Final",,$10,—,0.00,312,2025-11-24 16:24:17,Week 12,Sunday
Nick Kallerup,TE,"SEA 30 @ TEN 24, Final",,$10,—,0.00,313,2025-11-24 16:24:17,Week 12,Sunday
Brandon Allen,QB,"SEA 30 @ TEN 24, Final",,$20,2.8,0.00,314,2025-11-24 16:24:17,Week 12,Sunday
Calvin RidleyIR,WR,"SEA 30 @ TEN 24, Final",,$10,5.5,0.00,315,2025-11-24 16:24:17,Week 12,Sunday
Mason Kinsey,WR,"SEA 30 @ TEN 24, Final",,$10,0.5,0.00,316,2025-11-24 16:24:17,Week 12,Sunday
Bryce OliverIR,WR,"SEA 30 @ TEN 24, Final",,$10,0.7,0.00,317,2025-11-24 16:24:17,Week 12,Sunday
David Martin-Robinson,TE,"SEA 30 @ TEN 24, Final",,$10,1.3,0.00,318,2025-11-24 16:24:17,Week 12,Sunday
Elic AyomanorO,WR,"SEA 30 @ TEN 24, Final",,$14,5.9,0.00,319,2025-11-24 16:24:17,Week 12,Sunday
Cody White,WR,"SEA 30 @ TEN 24, Final",,$10,2.5,0.00,320,2025-11-24 16:24:17,Week 12,Sunday
Kalel Mullings,RB,"SEA 30 @ TEN 24, Final",,$10,—,0.00,321,2025-11-24 16:24:17,Week 12,Sunday
Tim Patrick,WR,"JAC 27 @ ARI 24, Final OT",4 TGT,$10,3.0,0.00,322,2025-11-24 16:24:17,Week 12,Sunday
Nick Mullens,QB,"JAC 27 @ ARI 24, Final OT",,$20,0.3,0.00,323,2025-11-24 16:24:17,Week 12,Sunday
Hunter LongO,TE,"JAC 27 @ ARI 24, Final OT",,$10,3.8,0.00,324,2025-11-24 16:24:17,Week 12,Sunday
Dyami Brown,WR,"JAC 27 @ ARI 24, Final OT",,$12,4.4,0.00,325,2025-11-24 16:24:17,Week 12,Sunday
Austin Trammell,WR,"JAC 27 @ ARI 24, Final OT",TGT,$10,1.5,0.00,326,2025-11-24 16:24:17,Week 12,Sunday
Quintin Morris,TE,"JAC 27 @ ARI 24, Final OT",,$10,0.3,0.00,327,2025-11-24 16:24:17,Week 12,Sunday
Brian Thomas Jr.O,WR,"JAC 27 @ ARI 24, Final OT",,$25,8.8,0.00,328,2025-11-24 16:24:17,Week 12,Sunday
Cody Schrader,RB,"JAC 27 @ ARI 24, Final OT",,$10,0.7,0.00,329,2025-11-24 16:24:17,Week 12,Sunday
Elijah Higgins,TE,"JAC 27 @ ARI 24, Final OT",,$10,2.2,0.00,330,2025-11-24 16:24:17,Week 12,Sunday
Emari DemercadoO,RB,"JAC 27 @ ARI 24, Final OT",,$12,4.8,0.00,331,2025-11-24 16:24:18,Week 12,Sunday
Marvin Harrison Jr.O,WR,"JAC 27 @ ARI 24, Final OT",,$26,10.6,0.00,332,2025-11-24 16:24:18,Week 12,Sunday
Andre Baccellia,WR,"JAC 27 @ ARI 24, Final OT",,$10,1.0,0.00,333,2025-11-24 16:24:18,Week 12,Sunday
Trey BensonIR,RB,"JAC 27 @ ARI 24, Final OT",,$17,5.8,0.00,334,2025-11-24 16:24:18,Week 12,Sunday
Deshaun WatsonPUP,QB,"CLE 24 @ LV 10, Final",,$20,11.4,0.00,335,2025-11-24 16:24:18,Week 12,Sunday
David Njoku,TE,"CLE 24 @ LV 10, Final",,$14,6.9,0.00,336,2025-11-24 16:24:18,Week 12,Sunday
Blake Whiteheart,TE,"CLE 24 @ LV 10, Final",,$10,0.3,0.00,337,2025-11-24 16:24:18,Week 12,Sunday
Jamari ThrashO,WR,"CLE 24 @ LV 10, Final",,$10,2.0,0.00,338,2025-11-24 16:24:18,Week 12,Sunday
Brenden Bates,TE,"CLE 24 @ LV 10, Final",,$10,3.3,0.00,339,2025-11-24 16:24:18,Week 12,Sunday
Dillon GabrielO,QB,"CLE 24 @ LV 10, Final",,$22,9.0,0.00,340,2025-11-24 16:24:18,Week 12,Sunday
Raheim Sanders,RB,"CLE 24 @ LV 10, Final",,$10,6.3,0.00,341,2025-11-24 16:24:18,Week 12,Sunday
Gage Larvadain,WR,"CLE 24 @ LV 10, Final",,$10,0.5,0.00,342,2025-11-24 16:24:18,Week 12,Sunday
Alex Bachman,WR,"CLE 24 @ LV 10, Final",,$10,0.2,0.00,343,2025-11-24 16:24:18,Week 12,Sunday
Kenny Pickett,QB,"CLE 24 @ LV 10, Final",,$20,-0.8,0.00,344,2025-11-24 16:24:18,Week 12,Sunday
Zamir White,RB,"CLE 24 @ LV 10, Final",,$10,2.0,0.00,345,2025-11-24 16:24:18,Week 12,Sunday
Dylan Laube,RB,"CLE 24 @ LV 10, Final",,$10,0.3,0.00,346,2025-11-24 16:24:18,Week 12,Sunday
Jack Bech,WR,"CLE 24 @ LV 10, Final",,$10,1.5,0.00,347,2025-11-24 16:24:18,Week 12,Sunday
Carter Runyon,TE,"CLE 24 @ LV 10, Final",,$10,0.3,0.00,348,2025-11-24 16:24:18,Week 12,Sunday
Kaden Davis,WR,"CLE 24 @ LV 10, Final",,$10,—,0.00,349,2025-11-24 16:24:18,Week 12,Sunday
Aidan O'Connell,QB,"CLE 24 @ LV 10, Final",,$20,10.8,0.00,350,2025-11-24 16:24:18,Week 12,Sunday
DeAndre CarterIR,WR,"CLE 24 @ LV 10, Final",,$10,—,0.00,351,2025-11-24 16:24:18,Week 12,Sunday
A.J. Dillon,RB,"PHI 21 @ DAL 24, Final",,$10,1.4,0.00,352,2025-11-24 16:24:18,Week 12,Sunday
Kylen Granson,TE,"PHI 21 @ DAL 24, Final",,$10,0.4,0.00,353,2025-11-24 16:24:18,Week 12,Sunday
Jahan Dotson,WR,"PHI 21 @ DAL 24, Final",TGT,$10,3.0,0.00,354,2025-11-24 16:24:18,Week 12,Sunday
Sam Howell,QB,"PHI 21 @ DAL 24, Final",,$20,0.2,0.00,355,2025-11-24 16:24:18,Week 12,Sunday
Cameron Latu,TE,"PHI 21 @ DAL 24, Final",,$10,—,0.00,356,2025-11-24 16:24:18,Week 12,Sunday
Tanner McKee,QB,"PHI 21 @ DAL 24, Final",,$20,-0.2,0.00,357,2025-11-24 16:24:19,Week 12,Sunday
Will Shipley,RB,"PHI 21 @ DAL 24, Final",,$10,1.2,0.00,358,2025-11-24 16:24:19,Week 12,Sunday
Jalen Tolbert,WR,"PHI 21 @ DAL 24, Final",,$10,3.6,0.00,359,2025-11-24 16:24:19,Week 12,Sunday
Luke Schoonmaker,TE,"PHI 21 @ DAL 24, Final",TGT,$10,1.1,0.00,360,2025-11-24 16:24:19,Week 12,Sunday
Jonathan Mingo,WR,"PHI 21 @ DAL 24, Final",,$10,1.7,0.00,361,2025-11-24 16:24:19,Week 12,Sunday
Joe Milton III,QB,"PHI 21 @ DAL 24, Final",,$20,3.5,0.00,362,2025-11-24 16:24:19,Week 12,Sunday
Ryan Flournoy,WR,"PHI 21 @ DAL 24, Final",TGT,$10,4.3,0.00,363,2025-11-24 16:24:19,Week 12,Sunday
Jaydon Blue,RB,"PHI 21 @ DAL 24, Final",,$10,1.9,0.00,364,2025-11-24 16:24:19,Week 12,Sunday
Jamal Agnew,WR,"ATL 24 @ NO 10, Final",,$10,—,0.00,365,2025-11-24 16:24:19,Week 12,Sunday
KhaDarel Hodge,WR,"ATL 24 @ NO 10, Final",,$10,0.7,0.00,366,2025-11-24 16:24:19,Week 12,Sunday
Drake LondonO,WR,"ATL 24 @ NO 10, Final",,$40,16.3,0.00,367,2025-11-24 16:24:19,Week 12,Sunday
Teagan Quitoriano,TE,"ATL 24 @ NO 10, Final",,$10,—,0.00,368,2025-11-24 16:24:19,Week 12,Sunday
Michael Penix Jr.IR,QB,"ATL 24 @ NO 10, Final",,$26,13.7,0.00,369,2025-11-24 16:24:19,Week 12,Sunday
Casey Washington,WR,"ATL 24 @ NO 10, Final",,$10,2.5,0.00,370,2025-11-24 16:24:19,Week 12,Sunday
Nathan Carter,RB,"ATL 24 @ NO 10, Final",,$10,2.0,0.00,371,2025-11-24 16:24:19,Week 12,Sunday
Brandin Cooks,WR,"ATL 24 @ NO 10, Final",,$10,2.9,0.00,372,2025-11-24 16:24:19,Week 12,Sunday
Foster Moreau,TE,"ATL 24 @ NO 10, Final",TGT,$10,1.0,0.00,373,2025-11-24 16:24:19,Week 12,Sunday
Zaire Mitchell-Paden,TE,"ATL 24 @ NO 10, Final",,$10,0.9,0.00,374,2025-11-24 16:24:19,Week 12,Sunday
Spencer Rattler,QB,"ATL 24 @ NO 10, Final",,$20,13.0,0.00,375,2025-11-24 16:24:19,Week 12,Sunday
Audric Estime,RB,"ATL 24 @ NO 10, Final",,$10,3.6,0.00,376,2025-11-24 16:24:19,Week 12,Sunday
Trey PalmerIR,WR,"ATL 24 @ NO 10, Final",,$10,1.9,0.00,377,2025-11-24 16:24:19,Week 12,Sunday
Kedon Slovis,QB,"JAC 27 @ ARI 24, Final OT",-2 PASS YD,$20,-0.0,-0.08,378,2025-11-24 16:24:19,Week 12,Sunday
Jerome Ford,RB,"CLE 24 @ LV 10, Final","RUSH ATT,-3 RUSH YD",$10,2.3,-0.30,379,2025-11-24 16:24:19,Week 12,Sunday
Xavier GipsonQ,WR,"PHI 21 @ DAL 24, Final","TGT,REC,3 REC YD,FUM LOST",$10,-0.1,-1.20,380,2025-11-24 16:24:19,Week 12,Sunday
Jahmyr Gibbs,RB,"NYG 27 @ DET 34, Final OT","15 RUSH ATT,219 RUSH YD,2 RUSH TD,12 TGT,11 REC,45 REC YD,REC TD",$44,21.4,49.90,1,2025-11-24 16:24:36,Week 12,Sunday
Jaxon Smith-Njigba,WR,"SEA 30 @ TEN 24, Final","RUSH ATT,4 RUSH YD,10 TGT,8 REC,167 REC YD,2 REC TD",$43,19.5,33.10,2,2025-11-24 16:24:36,Week 12,Sunday
Jameis Winston,QB,"NYG 27 @ DET 34, Final OT","366 PASS YD,2 PASS TD,INT,4 RUSH ATT,13 RUSH YD,TGT,REC,33 REC YD,REC TD",$22,22.4,32.74,3,2025-11-24 16:24:36,Week 12,Sunday
Wan'Dale Robinson,WR,"NYG 27 @ DET 34, Final OT","RUSH ATT,14 TGT,9 REC,156 REC YD,REC TD",$22,10.9,26.10,4,2025-11-24 16:24:36,Week 12,Sunday
Emanuel Wilson,RB,"MIN 6 @ GB 23, Final","28 RUSH ATT,107 RUSH YD,2 RUSH TD,2 TGT,2 REC,18 REC YD",$13,6.2,25.50,5,2025-11-24 16:24:36,Week 12,Sunday
Amon-Ra St. Brown,WR,"NYG 27 @ DET 34, Final OT","13 TGT,9 REC,149 REC YD,REC TD",$35,16.4,25.40,6,2025-11-24 16:24:36,Week 12,Sunday
Cam Ward,QB,"SEA 30 @ TEN 24, Final","256 PASS YD,PASS TD,6 RUSH ATT,37 RUSH YD,RUSH TD",$21,10.5,23.94,7,2025-11-24 16:24:36,Week 12,Sunday
Derrick Henry,RB,"NYJ 10 @ BAL 23, Final","21 RUSH ATT,64 RUSH YD,2 RUSH TD,2 TGT,2 REC,24 REC YD",$34,13.9,21.80,8,2025-11-24 16:24:36,Week 12,Sunday
Caleb Williams,QB,"PIT 28 @ CHI 31, Final","239 PASS YD,3 PASS TD,4 RUSH ATT,21 RUSH YD,FUM LOST",$36,19.7,21.66,9,2025-11-24 16:24:36,Week 12,Sunday
Hunter Henry,TE,"NE 26 @ CIN 20, Final","10 TGT,7 REC,115 REC YD,REC TD",$16,8.7,21.00,10,2025-11-24 16:24:36,Week 12,Sunday
DJ Moore,WR,"PIT 28 @ CHI 31, Final","7 TGT,5 REC,64 REC YD,2 REC TD",$22,8.9,20.90,11,2025-11-24 16:24:36,Week 12,Sunday
Rashee Rice,WR,"IND 20 @ KC 23, Final OT","12 TGT,8 REC,141 REC YD,2PT",$35,16.8,20.10,12,2025-11-24 16:24:36,Week 12,Sunday
Chimere Dike,WR,"SEA 30 @ TEN 24, Final","7 TGT,5 REC,44 REC YD,REC TD,PRTD",$13,5.9,18.90,13,2025-11-24 16:24:36,Week 12,Sunday
Kareem Hunt,RB,"IND 20 @ KC 23, Final OT","30 RUSH ATT,104 RUSH YD,RUSH TD,3 TGT,3 REC,26 REC YD,FUM LOST",$19,9.8,18.50,14,2025-11-24 16:24:36,Week 12,Sunday
Jared Goff,QB,"NYG 27 @ DET 34, Final OT","279 PASS YD,2 PASS TD,INT",$35,17.8,18.16,15,2025-11-24 16:24:36,Week 12,Sunday
Patrick Mahomes,QB,"IND 20 @ KC 23, Final OT","352 PASS YD,INT,4 RUSH ATT,30 RUSH YD,2PT",$40,22.2,18.08,16,2025-11-24 16:24:36,Week 12,Sunday
Green Bay Packers,DEF,"MIN 6 @ GB 23, Final","6 PTS ALLOWED,5 SACK,2 INT,FUM REC",$13,6.4,18.00,17,2025-11-24 16:24:36,Week 12,Sunday
Sam Darnold,QB,"SEA 30 @ TEN 24, Final","244 PASS YD,2 PASS TD,RUSH ATT,-1 RUSH YD",$32,15.8,17.66,18,2025-11-24 16:24:36,Week 12,Sunday
Drake Maye,QB,"NE 26 @ CIN 20, Final","294 PASS YD,PASS TD,INT,5 RUSH ATT,22 RUSH YD",$41,20.4,16.96,19,2025-11-24 16:24:37,Week 12,Sunday
Daniel Jones,QB,"IND 20 @ KC 23, Final OT","181 PASS YD,2 PASS TD,3 RUSH ATT,16 RUSH YD",$36,19.7,16.84,20,2025-11-24 16:24:37,Week 12,Sunday
John Metchie III,WR,"NYJ 10 @ BAL 23, Final","7 TGT,6 REC,65 REC YD,REC TD",$10,4.5,15.50,21,2025-11-24 16:24:37,Week 12,Sunday
Kenneth Gainwell,RB,"PIT 28 @ CHI 31, Final","10 RUSH ATT,92 RUSH YD,6 TGT,6 REC,30 REC YD",$19,9.6,15.20,22,2025-11-24 16:24:37,Week 12,Sunday
Tyrone Tracy Jr.,RB,"NYG 27 @ DET 34, Final OT","20 RUSH ATT,62 RUSH YD,4 TGT,3 REC,68 REC YD",$20,7.7,14.50,23,2025-11-24 16:24:37,Week 12,Sunday
Chase Brown,RB,"NE 26 @ CIN 20, Final","19 RUSH ATT,107 RUSH YD,4 TGT,2 REC,23 REC YD",$31,11.7,14.00,24,2025-11-24 16:24:37,Week 12,Sunday
Tyrod Taylor,QB,"NYJ 10 @ BAL 23, Final","222 PASS YD,PASS TD,INT,5 RUSH ATT,19 RUSH YD",$20,11.0,13.78,25,2025-11-24 16:24:37,Week 12,Sunday
Colston Loveland,TE,"PIT 28 @ CHI 31, Final","5 TGT,4 REC,49 REC YD,REC TD",$15,7.0,12.90,26,2025-11-24 16:24:37,Week 12,Sunday
Jaylen Warren,RB,"PIT 28 @ CHI 31, Final","18 RUSH ATT,68 RUSH YD,RUSH TD",$28,11.9,12.80,27,2025-11-24 16:24:37,Week 12,Sunday
DK Metcalf,WR,"PIT 28 @ CHI 31, Final","2 RUSH ATT,12 RUSH YD,RUSH TD,8 TGT,5 REC,22 REC YD",$22,10.5,11.90,28,2025-11-24 16:24:37,Week 12,Sunday
Breece Hall,RB,"NYJ 10 @ BAL 23, Final","16 RUSH ATT,44 RUSH YD,4 TGT,4 REC,75 REC YD,FUM LOST",$31,12.6,11.90,29,2025-11-24 16:24:37,Week 12,Sunday
Kenneth Walker III,RB,"SEA 30 @ TEN 24, Final","11 RUSH ATT,71 RUSH YD,4 TGT,3 REC,30 REC YD",$25,10.5,11.60,30,2025-11-24 16:24:37,Week 12,Sunday
Michael Pittman Jr.,WR,"IND 20 @ KC 23, Final OT","8 TGT,5 REC,27 REC YD,REC TD",$26,12.2,11.20,31,2025-11-24 16:24:37,Week 12,Sunday
Isaiah Hodgins,WR,"NYG 27 @ DET 34, Final OT","6 TGT,2 REC,42 REC YD,REC TD",$10,9.7,11.20,32,2025-11-24 16:24:37,Week 12,Sunday
Baltimore Ravens,DEF,"NYJ 10 @ BAL 23, Final","10 PTS ALLOWED,3 SACK,INT,FUM REC",$15,5.0,11.00,33,2025-11-24 16:24:37,Week 12,Sunday
Kyle Monangai,RB,"PIT 28 @ CHI 31, Final","12 RUSH ATT,48 RUSH YD,RUSH TD",$20,7.7,10.80,34,2025-11-24 16:24:37,Week 12,Sunday
Joe Flacco,QB,"NE 26 @ CIN 20, Final","183 PASS YD,PASS TD,INT,RUSH ATT,3 RUSH YD",$34,15.5,10.62,35,2025-11-24 16:24:37,Week 12,Sunday
New England Patriots,DEF,"NE 26 @ CIN 20, Final","14 PTS ALLOWED,SACK,INT,TD",$16,7.8,10.00,36,2025-11-24 16:24:37,Week 12,Sunday
Cincinnati Bengals,DEF,"NE 26 @ CIN 20, Final","20 PTS ALLOWED,SACK,INT,TD",$10,3.0,10.00,37,2025-11-24 16:24:37,Week 12,Sunday
Pittsburgh Steelers,DEF,"PIT 28 @ CHI 31, Final","31 PTS ALLOWED,SACK,2 FUM REC,TD",$15,8.5,10.00,38,2025-11-24 16:24:37,Week 12,Sunday
Mitch Tinsley,WR,"NE 26 @ CIN 20, Final","6 TGT,2 REC,29 REC YD,REC TD",$10,4.5,9.90,39,2025-11-24 16:24:37,Week 12,Sunday
TreVeyon Henderson,RB,"NE 26 @ CIN 20, Final","18 RUSH ATT,66 RUSH YD,4 TGT,3 REC,15 REC YD",$30,10.2,9.60,40,2025-11-24 16:24:37,Week 12,Sunday
Zach Charbonnet,RB,"SEA 30 @ TEN 24, Final","6 RUSH ATT,35 RUSH YD,RUSH TD",$22,9.2,9.50,41,2025-11-24 16:24:37,Week 12,Sunday
Pat Freiermuth,TE,"PIT 28 @ CHI 31, Final","3 TGT,3 REC,19 REC YD,REC TD",$11,6.7,9.40,42,2025-11-24 16:24:37,Week 12,Sunday
Zay Flowers,WR,"NYJ 10 @ BAL 23, Final","2 RUSH ATT,11 RUSH YD,6 TGT,5 REC,58 REC YD",$28,10.3,9.40,43,2025-11-24 16:24:38,Week 12,Sunday
Theo Johnson,TE,"NYG 27 @ DET 34, Final OT","5 TGT,3 REC,77 REC YD",$16,7.7,9.20,44,2025-11-24 16:24:38,Week 12,Sunday
Andrei Iosivas,WR,"NE 26 @ CIN 20, Final","RUSH ATT,5 RUSH YD,7 TGT,4 REC,61 REC YD",$13,5.6,8.60,45,2025-11-24 16:24:38,Week 12,Sunday
Mason Rudolph,QB,"PIT 28 @ CHI 31, Final","171 PASS YD,PASS TD,INT,3 RUSH ATT,7 RUSH YD,FUM LOST",$21,4.5,8.54,46,2025-11-24 16:24:38,Week 12,Sunday
Gunnar Helm,TE,"SEA 30 @ TEN 24, Final","7 TGT,6 REC,51 REC YD",$10,4.3,8.10,47,2025-11-24 16:24:38,Week 12,Sunday
Indianapolis Colts,DEF,"IND 20 @ KC 23, Final OT","23 PTS ALLOWED,4 SACK,INT,FUM REC",$14,7.9,8.00,48,2025-11-24 16:24:38,Week 12,Sunday
Xavier Worthy,WR,"IND 20 @ KC 23, Final OT","8 TGT,4 REC,59 REC YD",$23,7.0,7.90,49,2025-11-24 16:24:38,Week 12,Sunday
Drew Ogletree,TE,"IND 20 @ KC 23, Final OT","2 TGT,2 REC,8 REC YD,REC TD",$10,1.1,7.80,50,2025-11-24 16:24:38,Week 12,Sunday
Jonathan Taylor,RB,"IND 20 @ KC 23, Final OT","16 RUSH ATT,58 RUSH YD,3 TGT,2 REC,8 REC YD",$46,24.2,7.60,51,2025-11-24 16:24:38,Week 12,Sunday
Luther Burden III,WR,"PIT 28 @ CHI 31, Final","RUSH ATT,15 RUSH YD,5 TGT,3 REC,46 REC YD",$10,4.9,7.60,52,2025-11-24 16:24:38,Week 12,Sunday
Christian Watson,WR,"MIN 6 @ GB 23, Final","7 TGT,5 REC,49 REC YD",$18,9.8,7.40,53,2025-11-24 16:24:38,Week 12,Sunday
Lamar Jackson,QB,"NYJ 10 @ BAL 23, Final","153 PASS YD,7 RUSH ATT,11 RUSH YD",$40,18.8,7.22,54,2025-11-24 16:24:38,Week 12,Sunday
Aaron Jones Sr.,RB,"MIN 6 @ GB 23, Final","9 RUSH ATT,41 RUSH YD,4 TGT,3 REC,16 REC YD",$22,8.9,7.20,55,2025-11-24 16:24:38,Week 12,Sunday
Jordan Love,QB,"MIN 6 @ GB 23, Final","139 PASS YD,3 RUSH ATT,15 RUSH YD",$34,15.9,7.06,56,2025-11-24 16:24:38,Week 12,Sunday
Tyler Warren,TE,"IND 20 @ KC 23, Final OT","7 TGT,5 REC,45 REC YD",$20,10.8,7.00,57,2025-11-24 16:24:38,Week 12,Sunday
Justin Jefferson,WR,"MIN 6 @ GB 23, Final","6 TGT,4 REC,48 REC YD",$28,11.1,6.80,58,2025-11-24 16:24:38,Week 12,Sunday
Rome Odunze,WR,"PIT 28 @ CHI 31, Final","9 TGT,3 REC,53 REC YD",$26,11.1,6.80,59,2025-11-24 16:24:38,Week 12,Sunday
Travis Kelce,TE,"IND 20 @ KC 23, Final OT","RUSH ATT,RUSH YD,6 TGT,4 REC,43 REC YD",$22,11.0,6.40,60,2025-11-24 16:24:38,Week 12,Sunday
Tony Pollard,RB,"SEA 30 @ TEN 24, Final","11 RUSH ATT,20 RUSH YD,5 TGT,4 REC,21 REC YD",$18,8.2,6.10,61,2025-11-24 16:24:38,Week 12,Sunday
Chicago Bears,DEF,"PIT 28 @ CHI 31, Final","22 PTS ALLOWED,2 SACK,INT,FUM REC",$13,6.7,6.00,62,2025-11-24 16:24:38,Week 12,Sunday
Tennessee Titans,DEF,"SEA 30 @ TEN 24, Final","30 PTS ALLOWED,SACK,RET TD",$11,6.0,6.00,63,2025-11-24 16:24:38,Week 12,Sunday
DeMario Douglas,WR,"NE 26 @ CIN 20, Final","RUSH ATT,14 RUSH YD,TGT,REC,37 REC YD",$13,6.2,5.60,64,2025-11-24 16:24:38,Week 12,Sunday
Tee HigginsQ,WR,"NE 26 @ CIN 20, Final","6 TGT,5 REC,31 REC YD",$32,11.0,5.60,65,2025-11-24 16:24:38,Week 12,Sunday
Calvin Austin III,WR,"PIT 28 @ CHI 31, Final","5 TGT,4 REC,36 REC YD",$15,5.9,5.60,66,2025-11-24 16:24:38,Week 12,Sunday
Mike Gesicki,TE,"NE 26 @ CIN 20, Final","6 TGT,4 REC,35 REC YD",$10,2.6,5.50,67,2025-11-24 16:24:39,Week 12,Sunday
Chig Okonkwo,TE,"SEA 30 @ TEN 24, Final","4 TGT,3 REC,40 REC YD",$10,5.0,5.50,68,2025-11-24 16:24:39,Week 12,Sunday
Austin Hooper,TE,"NE 26 @ CIN 20, Final","4 TGT,3 REC,39 REC YD",$10,3.5,5.40,69,2025-11-24 16:24:39,Week 12,Sunday
Gunner Olszewski,WR,"NYG 27 @ DET 34, Final OT","33 PASS YD,PASS TD",$10,1.2,5.32,70,2025-11-24 16:24:39,Week 12,Sunday
Ashton Dulin,WR,"IND 20 @ KC 23, Final OT","TGT,REC,48 REC YD",$10,1.8,5.30,71,2025-11-24 16:24:39,Week 12,Sunday
Adonai Mitchell,WR,"NYJ 10 @ BAL 23, Final","7 TGT,2 REC,42 REC YD",$10,2.4,5.20,72,2025-11-24 16:24:39,Week 12,Sunday
David Montgomery,RB,"NYG 27 @ DET 34, Final OT","5 RUSH ATT,18 RUSH YD,3 TGT,3 REC,19 REC YD",$23,9.8,5.20,73,2025-11-24 16:24:39,Week 12,Sunday
Brashard Smith,RB,"IND 20 @ KC 23, Final OT","RUSH ATT,5 RUSH YD,4 TGT,3 REC,31 REC YD",$10,3.1,5.10,74,2025-11-24 16:24:39,Week 12,Sunday
Devin Singletary,RB,"NYG 27 @ DET 34, Final OT","14 RUSH ATT,47 RUSH YD",$15,4.1,4.70,75,2025-11-24 16:24:39,Week 12,Sunday
Kalif RaymondQ,WR,"NYG 27 @ DET 34, Final OT","2 TGT,2 REC,37 REC YD",$10,3.0,4.70,76,2025-11-24 16:24:39,Week 12,Sunday
Tyjae Spears,RB,"SEA 30 @ TEN 24, Final","3 RUSH ATT,4 RUSH YD,5 TGT,4 REC,21 REC YD",$16,6.8,4.50,77,2025-11-24 16:24:39,Week 12,Sunday
Brock Wright,TE,"NYG 27 @ DET 34, Final OT","4 TGT,3 REC,29 REC YD",$10,4.3,4.40,78,2025-11-24 16:24:39,Week 12,Sunday
Jonnu Smith,TE,"PIT 28 @ CHI 31, Final","2 RUSH ATT,7 RUSH YD,3 TGT,3 REC,21 REC YD",$10,4.2,4.30,79,2025-11-24 16:24:39,Week 12,Sunday
Jordan Mason,RB,"MIN 6 @ GB 23, Final","8 RUSH ATT,42 RUSH YD",$15,8.3,4.20,80,2025-11-24 16:24:39,Week 12,Sunday
Dontayvion Wicks,WR,"MIN 6 @ GB 23, Final","4 TGT,2 REC,32 REC YD",$10,3.5,4.20,81,2025-11-24 16:24:39,Week 12,Sunday
Noah GrayQ,TE,"IND 20 @ KC 23, Final OT","4 TGT,3 REC,25 REC YD",$10,2.1,4.00,82,2025-11-24 16:24:39,Week 12,Sunday
Mack Hollins,WR,"NE 26 @ CIN 20, Final","6 TGT,2 REC,30 REC YD",$14,6.4,4.00,83,2025-11-24 16:24:39,Week 12,Sunday
New York Giants,DEF,"NYG 27 @ DET 34, Final OT","34 PTS ALLOWED,3 SACK,INT",$10,2.7,4.00,84,2025-11-24 16:24:39,Week 12,Sunday
Seattle Seahawks,DEF,"SEA 30 @ TEN 24, Final","24 PTS ALLOWED,4 SACK",$20,9.3,4.00,85,2025-11-24 16:24:39,Week 12,Sunday
T.J. Hockenson,TE,"MIN 6 @ GB 23, Final","RUSH ATT,4 TGT,4 REC,19 REC YD",$12,5.5,3.90,86,2025-11-24 16:24:39,Week 12,Sunday
Mason Taylor,TE,"NYJ 10 @ BAL 23, Final","5 TGT,3 REC,21 REC YD",$13,5.1,3.60,87,2025-11-24 16:24:39,Week 12,Sunday
Devontez Walker,WR,"NYJ 10 @ BAL 23, Final","TGT,REC,30 REC YD",$10,5.8,3.50,88,2025-11-24 16:24:39,Week 12,Sunday
Cooper Kupp,WR,"SEA 30 @ TEN 24, Final","4 TGT,2 REC,24 REC YD",$16,6.2,3.40,89,2025-11-24 16:24:39,Week 12,Sunday
Romeo Doubs,WR,"MIN 6 @ GB 23, Final","3 TGT,2 REC,23 REC YD",$19,9.0,3.30,90,2025-11-24 16:24:39,Week 12,Sunday
Darnell Washington,TE,"PIT 28 @ CHI 31, Final","2 TGT,2 REC,22 REC YD",$10,4.1,3.20,91,2025-11-24 16:24:39,Week 12,Sunday
Chris Brooks,RB,"MIN 6 @ GB 23, Final","8 RUSH ATT,21 RUSH YD,TGT,REC,5 REC YD",$10,1.3,3.10,92,2025-11-24 16:24:40,Week 12,Sunday
Alec Pierce,WR,"IND 20 @ KC 23, Final OT","2 TGT,REC,26 REC YD",$24,9.1,3.10,93,2025-11-24 16:24:40,Week 12,Sunday
Stefon Diggs,WR,"NE 26 @ CIN 20, Final","3 TGT,2 REC,20 REC YD",$31,9.7,3.00,94,2025-11-24 16:24:40,Week 12,Sunday
Detroit Lions,DEF,"NYG 27 @ DET 34, Final OT","27 PTS ALLOWED,SACK,INT",$15,6.6,3.00,95,2025-11-24 16:24:40,Week 12,Sunday
Darius Slayton,WR,"NYG 27 @ DET 34, Final OT","2 TGT,REC,23 REC YD",$20,5.2,2.80,96,2025-11-24 16:24:40,Week 12,Sunday
AJ Barner,TE,"SEA 30 @ TEN 24, Final","4 TGT,2 REC,18 REC YD",$12,7.3,2.80,97,2025-11-24 16:24:40,Week 12,Sunday
Ben Skowronek,WR,"PIT 28 @ CHI 31, Final","TGT,REC,21 REC YD",$10,1.2,2.60,98,2025-11-24 16:24:40,Week 12,Sunday
Kayshon Boutte,WR,"NE 26 @ CIN 20, Final","2 TGT,2 REC,15 REC YD",$22,8.7,2.50,99,2025-11-24 16:24:40,Week 12,Sunday
J.J. McCarthy,QB,"MIN 6 @ GB 23, Final","87 PASS YD,2 INT,2 RUSH ATT,10 RUSH YD",$27,12.5,2.48,100,2025-11-24 16:24:40,Week 12,Sunday
Keaton Mitchell,RB,"NYJ 10 @ BAL 23, Final","2 RUSH ATT,10 RUSH YD,TGT,REC,9 REC YD",$10,2.9,2.40,101,2025-11-24 16:24:40,Week 12,Sunday
Kyle Williams,WR,"NE 26 @ CIN 20, Final","TGT,REC,18 REC YD",$10,2.1,2.30,102,2025-11-24 16:24:40,Week 12,Sunday
DeAndre Hopkins,WR,"NYJ 10 @ BAL 23, Final","3 TGT,2 REC,13 REC YD",$10,3.9,2.30,103,2025-11-24 16:24:40,Week 12,Sunday
Josh Downs,WR,"IND 20 @ KC 23, Final OT","6 TGT,2 REC,10 REC YD",$19,6.8,2.00,104,2025-11-24 16:24:40,Week 12,Sunday
John FitzPatrick,TE,"MIN 6 @ GB 23, Final","TGT,REC,11 REC YD",$10,1.9,1.60,105,2025-11-24 16:24:40,Week 12,Sunday
Mark Andrews,TE,"NYJ 10 @ BAL 23, Final","2 RUSH ATT,2 RUSH YD,3 TGT,REC,9 REC YD",$19,7.8,1.60,106,2025-11-24 16:24:40,Week 12,Sunday
Van Jefferson,WR,"SEA 30 @ TEN 24, Final","TGT,REC,11 REC YD",$10,3.9,1.60,107,2025-11-24 16:24:40,Week 12,Sunday
Hollywood Brown,WR,"IND 20 @ KC 23, Final OT","TGT,REC,10 REC YD",$14,7.9,1.50,108,2025-11-24 16:24:40,Week 12,Sunday
Rhamondre Stevenson,RB,"NE 26 @ CIN 20, Final","6 RUSH ATT,5 RUSH YD,2 TGT,REC,5 REC YD",$18,7.6,1.50,109,2025-11-24 16:24:40,Week 12,Sunday
Andrew Beck,RB,"NYJ 10 @ BAL 23, Final","TGT,REC,10 REC YD",$10,1.5,1.50,110,2025-11-24 16:24:40,Week 12,Sunday
Isaiah Likely,TE,"NYJ 10 @ BAL 23, Final","3 TGT,REC,10 REC YD",$10,2.8,1.50,111,2025-11-24 16:24:40,Week 12,Sunday
Mo Alie-Cox,TE,"IND 20 @ KC 23, Final OT","TGT,REC,9 REC YD",$10,1.2,1.40,112,2025-11-24 16:24:40,Week 12,Sunday
Tanner Hudson,TE,"NE 26 @ CIN 20, Final","TGT,REC,9 REC YD",$10,4.1,1.40,113,2025-11-24 16:24:40,Week 12,Sunday
Noah Fant,TE,"NE 26 @ CIN 20, Final","TGT,REC,9 REC YD",$12,6.2,1.40,114,2025-11-24 16:24:40,Week 12,Sunday
D'Andre Swift,RB,"PIT 28 @ CHI 31, Final","8 RUSH ATT,15 RUSH YD,TGT,REC,14 REC YD,FUM LOST",$30,12.5,1.40,115,2025-11-24 16:24:40,Week 12,Sunday
Allen Lazard,WR,"NYJ 10 @ BAL 23, Final","3 TGT,REC,9 REC YD",$10,2.6,1.40,116,2025-11-24 16:24:40,Week 12,Sunday
JuJu Smith-Schuster,WR,"IND 20 @ KC 23, Final OT","2 TGT,REC,8 REC YD",$10,4.9,1.30,117,2025-11-24 16:24:40,Week 12,Sunday
Luke Musgrave,TE,"MIN 6 @ GB 23, Final","2 TGT,REC,7 REC YD",$10,2.1,1.20,118,2025-11-24 16:24:41,Week 12,Sunday
Olamide Zaccheaus,WR,"PIT 28 @ CHI 31, Final","TGT,REC,6 REC YD",$11,5.0,1.10,119,2025-11-24 16:24:41,Week 12,Sunday
Minnesota Vikings,DEF,"MIN 6 @ GB 23, Final","23 PTS ALLOWED,SACK",$12,5.8,1.00,120,2025-11-24 16:24:41,Week 12,Sunday
Kansas City Chiefs,DEF,"IND 20 @ KC 23, Final OT",20 PTS ALLOWED,$13,5.7,1.00,121,2025-11-24 16:24:41,Week 12,Sunday
New York Jets,DEF,"NYJ 10 @ BAL 23, Final","23 PTS ALLOWED,SACK",$10,3.8,1.00,122,2025-11-24 16:24:41,Week 12,Sunday
Elijah Arroyo,TE,"SEA 30 @ TEN 24, Final","TGT,REC,5 REC YD",$10,2.7,1.00,123,2025-11-24 16:24:41,Week 12,Sunday
Josh Oliver,TE,"MIN 6 @ GB 23, Final","TGT,REC,4 REC YD",$10,3.1,0.90,124,2025-11-24 16:24:41,Week 12,Sunday
Durham Smythe,TE,"PIT 28 @ CHI 31, Final","TGT,REC,4 REC YD",$10,1.1,0.90,125,2025-11-24 16:24:41,Week 12,Sunday
Cole Kmet,TE,"PIT 28 @ CHI 31, Final","TGT,REC,3 REC YD",$10,3.4,0.80,126,2025-11-24 16:24:41,Week 12,Sunday
Arian Smith,WR,"NYJ 10 @ BAL 23, Final","RUSH ATT,8 RUSH YD",$10,1.0,0.80,127,2025-11-24 16:24:41,Week 12,Sunday
Isaiah Davis,RB,"NYJ 10 @ BAL 23, Final","4 RUSH ATT,7 RUSH YD",$12,3.2,0.70,128,2025-11-24 16:24:41,Week 12,Sunday
Josh Whyle,TE,"MIN 6 @ GB 23, Final","TGT,REC,REC YD",$10,3.7,0.60,129,2025-11-24 16:24:41,Week 12,Sunday
Malik Willis,QB,"MIN 6 @ GB 23, Final","7 PASS YD,2 RUSH ATT,3 RUSH YD",$20,3.2,0.58,130,2025-11-24 16:24:41,Week 12,Sunday
Jake Browning,QB,"NE 26 @ CIN 20, Final",14 PASS YD,$20,11.3,0.56,131,2025-11-24 16:24:41,Week 12,Sunday
Drew Sample,TE,"NE 26 @ CIN 20, Final","TGT,REC",$10,1.6,0.50,132,2025-11-24 16:24:41,Week 12,Sunday
Tahj BrooksQ,RB,"NE 26 @ CIN 20, Final","2 RUSH ATT,5 RUSH YD,TGT",$10,0.4,0.50,133,2025-11-24 16:24:41,Week 12,Sunday
Rashid Shaheed,WR,"SEA 30 @ TEN 24, Final","RUSH ATT,5 RUSH YD,2 TGT",$14,7.5,0.50,134,2025-11-24 16:24:41,Week 12,Sunday
Julius Chestnut,RB,"SEA 30 @ TEN 24, Final","2 RUSH ATT,3 RUSH YD",$10,0.4,0.30,135,2025-11-24 16:24:41,Week 12,Sunday
Adam Thielen,WR,"MIN 6 @ GB 23, Final",TGT,$10,1.4,0.00,136,2025-11-24 16:24:41,Week 12,Sunday
C.J. Ham,RB,"MIN 6 @ GB 23, Final",,$10,0.3,0.00,137,2025-11-24 16:24:41,Week 12,Sunday
Jalen Nailor,WR,"MIN 6 @ GB 23, Final",TGT,$12,5.2,0.00,138,2025-11-24 16:24:41,Week 12,Sunday
Jordan Addison,WR,"MIN 6 @ GB 23, Final",TGT,$22,9.4,0.00,139,2025-11-24 16:24:41,Week 12,Sunday
Ben Sims,TE,"MIN 6 @ GB 23, Final",,$10,1.5,0.00,140,2025-11-24 16:24:41,Week 12,Sunday
Zavier Scott,RB,"MIN 6 @ GB 23, Final",,$10,3.9,0.00,141,2025-11-24 16:24:41,Week 12,Sunday
Tai Felton,WR,"MIN 6 @ GB 23, Final",,$10,0.2,0.00,142,2025-11-24 16:24:41,Week 12,Sunday
Gavin BartholomewPUP,TE,"MIN 6 @ GB 23, Final",,$10,—,0.00,143,2025-11-24 16:24:42,Week 12,Sunday
Max Brosmer,QB,"MIN 6 @ GB 23, Final",,$20,0.5,0.00,144,2025-11-24 16:24:42,Week 12,Sunday
Myles Price,WR,"MIN 6 @ GB 23, Final",,$10,—,0.00,145,2025-11-24 16:24:42,Week 12,Sunday
Ben Yurosek,TE,"MIN 6 @ GB 23, Final",,$10,0.3,0.00,146,2025-11-24 16:24:42,Week 12,Sunday
Josh JacobsO,RB,"MIN 6 @ GB 23, Final",,$35,16.7,0.00,147,2025-11-24 16:24:42,Week 12,Sunday
Malik Heath,WR,"MIN 6 @ GB 23, Final",,$10,2.9,0.00,148,2025-11-24 16:24:42,Week 12,Sunday
Matthew GoldenO,WR,"MIN 6 @ GB 23, Final",,$16,5.0,0.00,149,2025-11-24 16:24:42,Week 12,Sunday
Savion Williams,WR,"MIN 6 @ GB 23, Final",RUSH ATT,$10,1.8,0.00,150,2025-11-24 16:24:42,Week 12,Sunday
Bo Melton,WR,"MIN 6 @ GB 23, Final",,$10,1.0,0.00,151,2025-11-24 16:24:42,Week 12,Sunday
Jayden ReedIR,WR,"MIN 6 @ GB 23, Final",,$16,6.0,0.00,152,2025-11-24 16:24:42,Week 12,Sunday
MarShawn LloydIR,RB,"MIN 6 @ GB 23, Final",,$10,—,0.00,153,2025-11-24 16:24:42,Week 12,Sunday
Ty ChandlerIR,RB,"MIN 6 @ GB 23, Final",,$10,—,0.00,154,2025-11-24 16:24:42,Week 12,Sunday
Ameer Abdullah,RB,"IND 20 @ KC 23, Final OT",TGT,$10,2.2,0.00,155,2025-11-24 16:24:42,Week 12,Sunday
Tyler Goodson,RB,"IND 20 @ KC 23, Final OT",,$10,0.5,0.00,156,2025-11-24 16:24:42,Week 12,Sunday
Will Mallory,TE,"IND 20 @ KC 23, Final OT",,$10,0.7,0.00,157,2025-11-24 16:24:42,Week 12,Sunday
Anthony Gould,WR,"IND 20 @ KC 23, Final OT",,$10,0.1,0.00,158,2025-11-24 16:24:42,Week 12,Sunday
DJ Giddens,RB,"IND 20 @ KC 23, Final OT",,$10,1.7,0.00,159,2025-11-24 16:24:42,Week 12,Sunday
Riley Leonard,QB,"IND 20 @ KC 23, Final OT",,$20,0.1,0.00,160,2025-11-24 16:24:42,Week 12,Sunday
Robert Tonyan,TE,"IND 20 @ KC 23, Final OT",,$10,0.2,0.00,161,2025-11-24 16:24:42,Week 12,Sunday
Gardner Minshew,QB,"IND 20 @ KC 23, Final OT",,$20,-0.3,0.00,162,2025-11-24 16:24:42,Week 12,Sunday
Elijah Mitchell,RB,"IND 20 @ KC 23, Final OT",,$10,—,0.00,163,2025-11-24 16:24:42,Week 12,Sunday
Tyquan Thornton,WR,"IND 20 @ KC 23, Final OT",TGT,$10,7.0,0.00,164,2025-11-24 16:24:42,Week 12,Sunday
Isiah PachecoO,RB,"IND 20 @ KC 23, Final OT",,$17,6.8,0.00,165,2025-11-24 16:24:42,Week 12,Sunday
Nikko Remigio,WR,"IND 20 @ KC 23, Final OT",,$10,0.3,0.00,166,2025-11-24 16:24:42,Week 12,Sunday
Jared Wiley,TE,"IND 20 @ KC 23, Final OT",,$10,1.2,0.00,167,2025-11-24 16:24:42,Week 12,Sunday
Jalen Royals,WR,"IND 20 @ KC 23, Final OT",,$10,—,0.00,168,2025-11-24 16:24:42,Week 12,Sunday
Laquon Treadwell,WR,"IND 20 @ KC 23, Final OT",,$10,—,0.00,169,2025-11-24 16:24:43,Week 12,Sunday
Anthony Richardson Sr.IR,QB,"IND 20 @ KC 23, Final OT",,$20,0.8,0.00,170,2025-11-24 16:24:43,Week 12,Sunday
Joshua Dobbs,QB,"NE 26 @ CIN 20, Final",,$20,0.0,0.00,171,2025-11-24 16:24:43,Week 12,Sunday
Tommy DeVito,QB,"NE 26 @ CIN 20, Final",,$20,6.7,0.00,172,2025-11-24 16:24:43,Week 12,Sunday
Jack Westover,RB,"NE 26 @ CIN 20, Final",,$10,—,0.00,173,2025-11-24 16:24:43,Week 12,Sunday
Terrell Jennings,RB,"NE 26 @ CIN 20, Final",RUSH ATT,$10,2.9,0.00,174,2025-11-24 16:24:43,Week 12,Sunday
Efton Chism III,WR,"NE 26 @ CIN 20, Final",,$10,—,0.00,175,2025-11-24 16:24:43,Week 12,Sunday
Samaje PerineO,RB,"NE 26 @ CIN 20, Final",,$11,3.4,0.00,176,2025-11-24 16:24:43,Week 12,Sunday
Ja'Marr ChaseSUSP,WR,"NE 26 @ CIN 20, Final",,$38,15.4,0.00,177,2025-11-24 16:24:43,Week 12,Sunday
Charlie Jones,WR,"NE 26 @ CIN 20, Final",TGT,$10,0.6,0.00,178,2025-11-24 16:24:43,Week 12,Sunday
Sean Clifford,QB,"NE 26 @ CIN 20, Final",,$20,—,0.00,179,2025-11-24 16:24:43,Week 12,Sunday
Jermaine Burton,WR,"NE 26 @ CIN 20, Final",,$10,1.6,0.00,180,2025-11-24 16:24:43,Week 12,Sunday
Erick All Jr.PUP,TE,"NE 26 @ CIN 20, Final",,$10,3.2,0.00,181,2025-11-24 16:24:43,Week 12,Sunday
Cam Grandy,TE,"NE 26 @ CIN 20, Final",,$10,1.1,0.00,182,2025-11-24 16:24:43,Week 12,Sunday
Joe BurrowIR,QB,"NE 26 @ CIN 20, Final",,$20,7.9,0.00,183,2025-11-24 16:24:43,Week 12,Sunday
Aaron RodgersO,QB,"PIT 28 @ CHI 31, Final",,$29,15.2,0.00,184,2025-11-24 16:24:43,Week 12,Sunday
Scotty Miller,WR,"PIT 28 @ CHI 31, Final",,$10,0.7,0.00,185,2025-11-24 16:24:43,Week 12,Sunday
Connor Heyward,TE,"PIT 28 @ CHI 31, Final",RUSH ATT,$10,1.1,0.00,186,2025-11-24 16:24:43,Week 12,Sunday
Roman Wilson,WR,"PIT 28 @ CHI 31, Final",2 TGT,$11,4.1,0.00,187,2025-11-24 16:24:43,Week 12,Sunday
Kaleb Johnson,RB,"PIT 28 @ CHI 31, Final",,$10,1.0,0.00,188,2025-11-24 16:24:43,Week 12,Sunday
Ke'Shawn Williams,WR,"PIT 28 @ CHI 31, Final",,$10,—,0.00,189,2025-11-24 16:24:43,Week 12,Sunday
Case Keenum,QB,"PIT 28 @ CHI 31, Final",,$20,—,0.00,190,2025-11-24 16:24:43,Week 12,Sunday
Travis HomerO,RB,"PIT 28 @ CHI 31, Final",,$10,-0.1,0.00,191,2025-11-24 16:24:43,Week 12,Sunday
Devin Duvernay,WR,"PIT 28 @ CHI 31, Final",,$10,0.1,0.00,192,2025-11-24 16:24:43,Week 12,Sunday
Roschon JohnsonIR,RB,"PIT 28 @ CHI 31, Final",,$10,0.3,0.00,193,2025-11-24 16:24:43,Week 12,Sunday
Tyson Bagent,QB,"PIT 28 @ CHI 31, Final",,$20,1.3,0.00,194,2025-11-24 16:24:44,Week 12,Sunday
Jahdae Walker,WR,"PIT 28 @ CHI 31, Final",,$10,—,0.00,195,2025-11-24 16:24:44,Week 12,Sunday
Will Howard,QB,"PIT 28 @ CHI 31, Final",,$20,—,0.00,196,2025-11-24 16:24:44,Week 12,Sunday
Tyler Johnson,WR,"NYJ 10 @ BAL 23, Final",,$10,4.2,0.00,197,2025-11-24 16:24:44,Week 12,Sunday
Justin Fields,QB,"NYJ 10 @ BAL 23, Final",,$28,16.0,0.00,198,2025-11-24 16:24:44,Week 12,Sunday
Kene Nwangwu,RB,"NYJ 10 @ BAL 23, Final",,$10,1.0,0.00,199,2025-11-24 16:24:44,Week 12,Sunday
Khalil Herbert,RB,"NYJ 10 @ BAL 23, Final",,$10,—,0.00,200,2025-11-24 16:24:44,Week 12,Sunday
Garrett WilsonIR,WR,"NYJ 10 @ BAL 23, Final",,$19,11.6,0.00,201,2025-11-24 16:24:44,Week 12,Sunday
Jelani Woods,TE,"NYJ 10 @ BAL 23, Final",,$10,—,0.00,202,2025-11-24 16:24:44,Week 12,Sunday
Jeremy Ruckert,TE,"NYJ 10 @ BAL 23, Final",,$10,2.8,0.00,203,2025-11-24 16:24:44,Week 12,Sunday
Irvin CharlesPUP,WR,"NYJ 10 @ BAL 23, Final",,$10,—,0.00,204,2025-11-24 16:24:44,Week 12,Sunday
Stone Smartt,TE,"NYJ 10 @ BAL 23, Final",,$10,—,0.00,205,2025-11-24 16:24:44,Week 12,Sunday
Isaiah Williams,WR,"NYJ 10 @ BAL 23, Final",,$10,1.9,0.00,206,2025-11-24 16:24:44,Week 12,Sunday
Patrick Ricard,RB,"NYJ 10 @ BAL 23, Final",,$10,0.1,0.00,207,2025-11-24 16:24:44,Week 12,Sunday
Cooper Rush,QB,"NYJ 10 @ BAL 23, Final",,$20,1.4,0.00,208,2025-11-24 16:24:44,Week 12,Sunday
Justice Hill,RB,"NYJ 10 @ BAL 23, Final",,$10,5.5,0.00,209,2025-11-24 16:24:44,Week 12,Sunday
Tyler Huntley,QB,"NYJ 10 @ BAL 23, Final",,$20,11.7,0.00,210,2025-11-24 16:24:44,Week 12,Sunday
Rashod BatemanO,WR,"NYJ 10 @ BAL 23, Final",,$15,4.6,0.00,211,2025-11-24 16:24:44,Week 12,Sunday
Tylan Wallace,WR,"NYJ 10 @ BAL 23, Final",TGT,$10,1.3,0.00,212,2025-11-24 16:24:44,Week 12,Sunday
Charlie Kolar,TE,"NYJ 10 @ BAL 23, Final",,$10,2.7,0.00,213,2025-11-24 16:24:44,Week 12,Sunday
Rasheen Ali,RB,"NYJ 10 @ BAL 23, Final",,$10,0.3,0.00,214,2025-11-24 16:24:44,Week 12,Sunday
LaJohntay Wester,WR,"NYJ 10 @ BAL 23, Final",,$10,—,0.00,215,2025-11-24 16:24:44,Week 12,Sunday
Russell Wilson,QB,"NYG 27 @ DET 34, Final OT",,$20,8.8,0.00,216,2025-11-24 16:24:44,Week 12,Sunday
Chris Manhertz,TE,"NYG 27 @ DET 34, Final OT",,$10,0.6,0.00,217,2025-11-24 16:24:44,Week 12,Sunday
Daniel Bellinger,TE,"NYG 27 @ DET 34, Final OT",2 TGT,$10,3.6,0.00,218,2025-11-24 16:24:44,Week 12,Sunday
Jalin Hyatt,WR,"NYG 27 @ DET 34, Final OT",,$10,1.2,0.00,219,2025-11-24 16:24:44,Week 12,Sunday
Eric Gray,RB,"NYG 27 @ DET 34, Final OT",,$10,—,0.00,220,2025-11-24 16:24:45,Week 12,Sunday
Jaxson DartO,QB,"NYG 27 @ DET 34, Final OT",,$33,18.2,0.00,221,2025-11-24 16:24:45,Week 12,Sunday
Thomas Fidone IIIR,TE,"NYG 27 @ DET 34, Final OT",,$10,—,0.00,222,2025-11-24 16:24:45,Week 12,Sunday
Kyle Allen,QB,"NYG 27 @ DET 34, Final OT",,$20,-0.2,0.00,223,2025-11-24 16:24:45,Week 12,Sunday
Ross Dwelley,TE,"NYG 27 @ DET 34, Final OT",,$10,—,0.00,224,2025-11-24 16:24:45,Week 12,Sunday
Craig Reynolds,RB,"NYG 27 @ DET 34, Final OT",,$10,0.1,0.00,225,2025-11-24 16:24:45,Week 12,Sunday
Jameson Williams,WR,"NYG 27 @ DET 34, Final OT",3 TGT,$25,9.3,0.00,226,2025-11-24 16:24:45,Week 12,Sunday
Sam LaPortaIR,TE,"NYG 27 @ DET 34, Final OT",,$17,9.7,0.00,227,2025-11-24 16:24:45,Week 12,Sunday
Jacob Saylors,RB,"NYG 27 @ DET 34, Final OT",,$10,0.1,0.00,228,2025-11-24 16:24:45,Week 12,Sunday
Sione Vaki,RB,"NYG 27 @ DET 34, Final OT",,$10,0.1,0.00,229,2025-11-24 16:24:45,Week 12,Sunday
Isaac TeSlaa,WR,"NYG 27 @ DET 34, Final OT",TGT,$10,2.6,0.00,230,2025-11-24 16:24:45,Week 12,Sunday
Dominic Lovett,WR,"NYG 27 @ DET 34, Final OT",,$10,—,0.00,231,2025-11-24 16:24:45,Week 12,Sunday
Drew Lock,QB,"SEA 30 @ TEN 24, Final",,$20,0.0,0.00,232,2025-11-24 16:24:45,Week 12,Sunday
Jake Bobo,WR,"SEA 30 @ TEN 24, Final",,$10,1.0,0.00,233,2025-11-24 16:24:45,Week 12,Sunday
Brady Russell,RB,"SEA 30 @ TEN 24, Final",,$10,—,0.00,234,2025-11-24 16:24:45,Week 12,Sunday
George HolaniQ,RB,"SEA 30 @ TEN 24, Final",,$10,2.0,0.00,235,2025-11-24 16:24:45,Week 12,Sunday
Jalen Milroe,QB,"SEA 30 @ TEN 24, Final",,$20,-0.5,0.00,236,2025-11-24 16:24:45,Week 12,Sunday
Tory HortonIR,WR,"SEA 30 @ TEN 24, Final",,$13,7.3,0.00,237,2025-11-24 16:24:45,Week 12,Sunday
Robbie Ouzts,RB,"SEA 30 @ TEN 24, Final",,$10,—,0.00,238,2025-11-24 16:24:45,Week 12,Sunday
Nick Kallerup,TE,"SEA 30 @ TEN 24, Final",,$10,—,0.00,239,2025-11-24 16:24:45,Week 12,Sunday
Brandon Allen,QB,"SEA 30 @ TEN 24, Final",,$20,2.8,0.00,240,2025-11-24 16:24:45,Week 12,Sunday
Calvin RidleyIR,WR,"SEA 30 @ TEN 24, Final",,$10,5.5,0.00,241,2025-11-24 16:24:45,Week 12,Sunday
Mason Kinsey,WR,"SEA 30 @ TEN 24, Final",,$10,0.5,0.00,242,2025-11-24 16:24:45,Week 12,Sunday
Bryce OliverIR,WR,"SEA 30 @ TEN 24, Final",,$10,0.7,0.00,243,2025-11-24 16:24:45,Week 12,Sunday
David Martin-Robinson,TE,"SEA 30 @ TEN 24, Final",,$10,1.3,0.00,244,2025-11-24 16:24:45,Week 12,Sunday
Elic AyomanorO,WR,"SEA 30 @ TEN 24, Final",,$14,5.9,0.00,245,2025-11-24 16:24:46,Week 12,Sunday
Cody White,WR,"SEA 30 @ TEN 24, Final",,$10,2.5,0.00,246,2025-11-24 16:24:46,Week 12,Sunday
Kalel Mullings,RB,"SEA 30 @ TEN 24, Final",,$10,—,0.00,247,2025-11-24 16:24:46,Week 12,Sunday
Jalen Hurts,QB,"PHI 21 @ DAL 24, Final","289 PASS YD,PASS TD,7 RUSH ATT,33 RUSH YD,2 RUSH TD",$41,21.1,30.86,1,2025-11-24 16:25:02,Week 12,Sunday
Dak Prescott,QB,"PHI 21 @ DAL 24, Final","354 PASS YD,2 PASS TD,INT,5 RUSH ATT,9 RUSH YD,RUSH TD",$38,20.7,28.06,2,2025-11-24 16:25:02,Week 12,Sunday
George Pickens,WR,"PHI 21 @ DAL 24, Final","9 TGT,9 REC,146 REC YD,REC TD",$33,17.0,25.10,3,2025-11-24 16:25:02,Week 12,Sunday
A.J. Brown,WR,"PHI 21 @ DAL 24, Final","10 TGT,8 REC,110 REC YD,REC TD",$27,10.4,21.00,4,2025-11-24 16:25:02,Week 12,Sunday
Ashton Jeanty,RB,"CLE 24 @ LV 10, Final","17 RUSH ATT,50 RUSH YD,8 TGT,8 REC,58 REC YD,REC TD",$32,13.4,20.80,5,2025-11-24 16:25:02,Week 12,Sunday
Trevor Lawrence,QB,"JAC 27 @ ARI 24, Final OT","256 PASS YD,3 PASS TD,3 INT,5 RUSH ATT,29 RUSH YD,FUM LOST",$34,16.9,20.14,6,2025-11-24 16:25:02,Week 12,Sunday
Travis Etienne Jr.,RB,"JAC 27 @ ARI 24, Final OT","15 RUSH ATT,86 RUSH YD,4 TGT,3 REC,30 REC YD,REC TD",$29,13.8,19.10,7,2025-11-24 16:25:02,Week 12,Sunday
Jacoby Brissett,QB,"JAC 27 @ ARI 24, Final OT","317 PASS YD,PASS TD,3 RUSH ATT,20 RUSH YD",$33,16.1,18.68,8,2025-11-24 16:25:02,Week 12,Sunday
Arizona Cardinals,DEF,"JAC 27 @ ARI 24, Final OT","27 PTS ALLOWED,3 SACK,3 INT,FUM REC,TD",$11,6.6,17.00,9,2025-11-24 16:25:02,Week 12,Sunday
Michael Wilson,WR,"JAC 27 @ ARI 24, Final OT","15 TGT,10 REC,118 REC YD",$18,7.5,16.80,10,2025-11-24 16:25:02,Week 12,Sunday
Quinshon Judkins,RB,"CLE 24 @ LV 10, Final","16 RUSH ATT,47 RUSH YD,2 RUSH TD",$26,12.3,16.70,11,2025-11-24 16:25:02,Week 12,Sunday
Cleveland Browns,DEF,"CLE 24 @ LV 10, Final","10 PTS ALLOWED,10 SACK,FUM REC",$18,8.7,16.00,12,2025-11-24 16:25:02,Week 12,Sunday
Atlanta Falcons,DEF,"ATL 24 @ NO 10, Final","4 PTS ALLOWED,5 SACK,INT,FUM REC",$13,7.5,16.00,13,2025-11-24 16:25:02,Week 12,Sunday
Parker Washington,WR,"JAC 27 @ ARI 24, Final OT","7 TGT,5 REC,71 REC YD,REC TD",$17,8.2,15.60,14,2025-11-24 16:25:02,Week 12,Sunday
Kirk Cousins,QB,"ATL 24 @ NO 10, Final","199 PASS YD,2 PASS TD,INT,2 RUSH ATT,5 RUSH YD",$23,6.5,15.46,15,2025-11-24 16:25:02,Week 12,Sunday
Dylan Sampson,RB,"CLE 24 @ LV 10, Final","7 RUSH ATT,23 RUSH YD,3 TGT,2 REC,59 REC YD,REC TD",$10,4.7,15.20,16,2025-11-24 16:25:02,Week 12,Sunday
Darnell Mooney,WR,"ATL 24 @ NO 10, Final","3 TGT,3 REC,74 REC YD,REC TD",$18,5.0,14.90,17,2025-11-24 16:25:03,Week 12,Sunday
Geno Smith,QB,"CLE 24 @ LV 10, Final","285 PASS YD,PASS TD,3 RUSH ATT,8 RUSH YD,FUM LOST",$27,13.2,14.20,18,2025-11-24 16:25:03,Week 12,Sunday
Greg Dortch,WR,"JAC 27 @ ARI 24, Final OT","2 RUSH ATT,-5 RUSH YD,9 TGT,6 REC,53 REC YD,REC TD",$10,5.3,13.80,19,2025-11-24 16:25:03,Week 12,Sunday
Bijan Robinson,RB,"ATL 24 @ NO 10, Final","14 RUSH ATT,70 RUSH YD,2 TGT,2 REC,37 REC YD,2PT",$40,18.2,13.70,20,2025-11-24 16:25:03,Week 12,Sunday
Jakobi Meyers,WR,"JAC 27 @ ARI 24, Final OT","6 TGT,4 REC,50 REC YD,REC TD",$16,7.9,13.00,21,2025-11-24 16:25:03,Week 12,Sunday
Trey McBride,TE,"JAC 27 @ ARI 24, Final OT","10 TGT,9 REC,79 REC YD",$30,14.7,12.40,22,2025-11-24 16:25:03,Week 12,Sunday
DeVonta Smith,WR,"PHI 21 @ DAL 24, Final","11 TGT,6 REC,89 REC YD",$30,11.0,11.90,23,2025-11-24 16:25:03,Week 12,Sunday
Brenton Strange,TE,"JAC 27 @ ARI 24, Final OT","5 TGT,5 REC,93 REC YD",$13,7.0,11.80,24,2025-11-24 16:25:03,Week 12,Sunday
Chris Olave,WR,"ATL 24 @ NO 10, Final","13 TGT,9 REC,70 REC YD",$30,11.9,11.50,25,2025-11-24 16:25:03,Week 12,Sunday
Shedeur Sanders,QB,"CLE 24 @ LV 10, Final","209 PASS YD,PASS TD,INT,RUSH ATT,-1 RUSH YD",$20,6.9,11.26,26,2025-11-24 16:25:03,Week 12,Sunday
Bam Knight,RB,"JAC 27 @ ARI 24, Final OT","10 RUSH ATT,12 RUSH YD,RUSH TD,5 TGT,4 REC,20 REC YD",$13,6.9,11.20,27,2025-11-24 16:25:03,Week 12,Sunday
Javonte Williams,RB,"PHI 21 @ DAL 24, Final","20 RUSH ATT,87 RUSH YD,3 TGT,2 REC,14 REC YD",$32,14.9,11.10,28,2025-11-24 16:25:03,Week 12,Sunday
New Orleans Saints,DEF,"ATL 24 @ NO 10, Final","24 PTS ALLOWED,3 SACK,INT,TD",$10,6.1,11.00,29,2025-11-24 16:25:03,Week 12,Sunday
CeeDee Lamb,WR,"PHI 21 @ DAL 24, Final","11 TGT,4 REC,75 REC YD",$35,12.2,9.50,30,2025-11-24 16:25:03,Week 12,Sunday
Tyler Shough,QB,"ATL 24 @ NO 10, Final","243 PASS YD,INT,7 RUSH ATT,22 RUSH YD,FUM LOST",$25,8.7,8.92,31,2025-11-24 16:25:03,Week 12,Sunday
Saquon Barkley,RB,"PHI 21 @ DAL 24, Final","10 RUSH ATT,22 RUSH YD,8 TGT,7 REC,52 REC YD,FUM LOST",$34,13.3,8.90,32,2025-11-24 16:25:03,Week 12,Sunday
Jake Ferguson,TE,"PHI 21 @ DAL 24, Final","RUSH ATT,RUSH YD,6 TGT,5 REC,60 REC YD",$18,10.8,8.60,33,2025-11-24 16:25:03,Week 12,Sunday
David Sills V,WR,"ATL 24 @ NO 10, Final","3 TGT,2 REC,16 REC YD,REC TD",$10,2.3,8.60,34,2025-11-24 16:25:03,Week 12,Sunday
Devin Neal,RB,"ATL 24 @ NO 10, Final","7 RUSH ATT,18 RUSH YD,7 TGT,5 REC,43 REC YD",$10,3.1,8.60,35,2025-11-24 16:25:03,Week 12,Sunday
Brock Bowers,TE,"CLE 24 @ LV 10, Final","9 TGT,6 REC,55 REC YD",$27,11.7,8.50,36,2025-11-24 16:25:03,Week 12,Sunday
Tyler Lockett,WR,"CLE 24 @ LV 10, Final","5 TGT,4 REC,62 REC YD",$10,2.9,8.20,37,2025-11-24 16:25:03,Week 12,Sunday
Juwan Johnson,TE,"ATL 24 @ NO 10, Final","7 TGT,6 REC,46 REC YD",$17,8.6,7.60,38,2025-11-24 16:25:03,Week 12,Sunday
Michael Carter,RB,"JAC 27 @ ARI 24, Final OT","5 RUSH ATT,28 RUSH YD,3 TGT,3 REC,30 REC YD",$10,5.8,7.30,39,2025-11-24 16:25:03,Week 12,Sunday
Jacksonville Jaguars,DEF,"JAC 27 @ ARI 24, Final OT","18 PTS ALLOWED,6 SACK",$14,7.6,7.00,40,2025-11-24 16:25:03,Week 12,Sunday
Brevyn Spann-Ford,TE,"PHI 21 @ DAL 24, Final","TGT,REC,4 REC YD,REC TD",$10,1.1,6.90,41,2025-11-24 16:25:03,Week 12,Sunday
Isaiah Bond,WR,"CLE 24 @ LV 10, Final","2 TGT,2 REC,58 REC YD",$10,2.9,6.80,42,2025-11-24 16:25:04,Week 12,Sunday
Harold Fannin Jr.,TE,"CLE 24 @ LV 10, Final","RUSH ATT,4 RUSH YD,6 TGT,4 REC,40 REC YD",$14,7.6,6.40,43,2025-11-24 16:25:04,Week 12,Sunday
Ian Thomas,TE,"CLE 24 @ LV 10, Final","4 TGT,4 REC,36 REC YD",$10,2.3,5.60,44,2025-11-24 16:25:04,Week 12,Sunday
Tyler Allgeier,RB,"ATL 24 @ NO 10, Final","12 RUSH ATT,44 RUSH YD,TGT,REC,5 REC YD",$18,7.4,5.40,45,2025-11-24 16:25:04,Week 12,Sunday
Devaughn Vele,WR,"ATL 24 @ NO 10, Final","7 TGT,3 REC,37 REC YD",$10,2.5,5.20,46,2025-11-24 16:25:04,Week 12,Sunday
Las Vegas Raiders,DEF,"CLE 24 @ LV 10, Final","24 PTS ALLOWED,SACK,INT,FUM REC",$12,4.4,5.00,47,2025-11-24 16:25:04,Week 12,Sunday
Philadelphia Eagles,DEF,"PHI 21 @ DAL 24, Final","24 PTS ALLOWED,SACK,INT,FUM REC",$16,7.3,5.00,48,2025-11-24 16:25:04,Week 12,Sunday
Dallas Cowboys,DEF,"PHI 21 @ DAL 24, Final","21 PTS ALLOWED,SACK,2 FUM REC",$12,4.8,5.00,49,2025-11-24 16:25:04,Week 12,Sunday
Mason Tipton,WR,"ATL 24 @ NO 10, Final","RUSH ATT,11 RUSH YD,4 TGT,3 REC,22 REC YD",$10,1.2,4.80,50,2025-11-24 16:25:04,Week 12,Sunday
Tre Tucker,WR,"CLE 24 @ LV 10, Final","10 TGT,3 REC,28 REC YD",$18,9.7,4.30,51,2025-11-24 16:25:04,Week 12,Sunday
Charlie Woerner,TE,"ATL 24 @ NO 10, Final","3 TGT,3 REC,24 REC YD",$10,1.5,3.90,52,2025-11-24 16:25:04,Week 12,Sunday
KaVontae Turpin,WR,"PHI 21 @ DAL 24, Final","2 RUSH ATT,4 RUSH YD,2 TGT,REC,48 REC YD,FUM LOST",$10,4.3,3.70,53,2025-11-24 16:25:04,Week 12,Sunday
Raheem Mostert,RB,"CLE 24 @ LV 10, Final","RUSH ATT,2 RUSH YD,3 TGT,3 REC,18 REC YD",$10,2.5,3.50,54,2025-11-24 16:25:04,Week 12,Sunday
Kyle Pitts Sr.,TE,"ATL 24 @ NO 10, Final","5 TGT,2 REC,25 REC YD",$14,6.9,3.50,55,2025-11-24 16:25:04,Week 12,Sunday
Dallas Goedert,TE,"PHI 21 @ DAL 24, Final","2 TGT,2 REC,20 REC YD",$18,9.9,3.00,56,2025-11-24 16:25:04,Week 12,Sunday
Alvin KamaraQ,RB,"ATL 24 @ NO 10, Final","3 RUSH ATT,11 RUSH YD,2 TGT,2 REC,4 REC YD",$23,7.7,2.50,57,2025-11-24 16:25:04,Week 12,Sunday
Jerry Jeudy,WR,"CLE 24 @ LV 10, Final","3 TGT,REC,39 REC YD,FUM LOST",$17,5.4,2.40,58,2025-11-24 16:25:04,Week 12,Sunday
Michael MayerQ,TE,"CLE 24 @ LV 10, Final","TGT,REC,14 REC YD",$10,3.9,1.90,59,2025-11-24 16:25:04,Week 12,Sunday
Dont'e Thornton Jr.,WR,"CLE 24 @ LV 10, Final","2 TGT,REC,14 REC YD",$10,1.8,1.90,60,2025-11-24 16:25:04,Week 12,Sunday
Johnny Mundt,TE,"JAC 27 @ ARI 24, Final OT","2 TGT,REC,12 REC YD",$10,1.5,1.70,61,2025-11-24 16:25:04,Week 12,Sunday
Bhayshul Tuten,RB,"JAC 27 @ ARI 24, Final OT","7 RUSH ATT,17 RUSH YD,TGT",$15,5.4,1.70,62,2025-11-24 16:25:04,Week 12,Sunday
Darius Cooper,WR,"PHI 21 @ DAL 24, Final","2 TGT,2 REC,7 REC YD",$10,0.9,1.70,63,2025-11-24 16:25:04,Week 12,Sunday
Taysom Hill,TE,"ATL 24 @ NO 10, Final","10 RUSH ATT,17 RUSH YD",$10,2.4,1.70,64,2025-11-24 16:25:04,Week 12,Sunday
Xavier Weaver,WR,"JAC 27 @ ARI 24, Final OT","3 TGT,REC,9 REC YD",$10,1.0,1.40,65,2025-11-24 16:25:04,Week 12,Sunday
Grant Calcaterra,TE,"PHI 21 @ DAL 24, Final","TGT,REC,8 REC YD",$10,1.2,1.30,66,2025-11-24 16:25:05,Week 12,Sunday
Hunter Luepke,RB,"PHI 21 @ DAL 24, Final","TGT,REC,7 REC YD",$10,2.0,1.20,67,2025-11-24 16:25:05,Week 12,Sunday
Jack Stoll,TE,"ATL 24 @ NO 10, Final","TGT,REC,7 REC YD",$10,1.9,1.20,68,2025-11-24 16:25:05,Week 12,Sunday
Josiah Deguara,TE,"JAC 27 @ ARI 24, Final OT","TGT,REC,6 REC YD",$10,0.6,1.10,69,2025-11-24 16:25:05,Week 12,Sunday
Cedric Tillman,WR,"CLE 24 @ LV 10, Final","3 TGT,REC,5 REC YD",$15,5.4,1.00,70,2025-11-24 16:25:05,Week 12,Sunday
Tank Bigsby,RB,"PHI 21 @ DAL 24, Final","RUSH ATT,8 RUSH YD",$10,1.8,0.80,71,2025-11-24 16:25:05,Week 12,Sunday
Malachi Corley,WR,"CLE 24 @ LV 10, Final","RUSH ATT,-6 RUSH YD,TGT,REC,8 REC YD",$10,2.1,0.70,72,2025-11-24 16:25:05,Week 12,Sunday
LeQuint Allen Jr.,RB,"JAC 27 @ ARI 24, Final OT","RUSH ATT,2 RUSH YD",$10,1.3,0.20,73,2025-11-24 16:25:05,Week 12,Sunday
Feleipe Franks,TE,"ATL 24 @ NO 10, Final","RUSH ATT,2 RUSH YD",$10,0.1,0.20,74,2025-11-24 16:25:05,Week 12,Sunday
Tim Patrick,WR,"JAC 27 @ ARI 24, Final OT",4 TGT,$10,3.0,0.00,75,2025-11-24 16:25:05,Week 12,Sunday
Nick Mullens,QB,"JAC 27 @ ARI 24, Final OT",,$20,0.3,0.00,76,2025-11-24 16:25:05,Week 12,Sunday
Hunter LongO,TE,"JAC 27 @ ARI 24, Final OT",,$10,3.8,0.00,77,2025-11-24 16:25:05,Week 12,Sunday
Dyami Brown,WR,"JAC 27 @ ARI 24, Final OT",,$12,4.4,0.00,78,2025-11-24 16:25:05,Week 12,Sunday
Austin Trammell,WR,"JAC 27 @ ARI 24, Final OT",TGT,$10,1.5,0.00,79,2025-11-24 16:25:05,Week 12,Sunday
Quintin Morris,TE,"JAC 27 @ ARI 24, Final OT",,$10,0.3,0.00,80,2025-11-24 16:25:05,Week 12,Sunday
Brian Thomas Jr.O,WR,"JAC 27 @ ARI 24, Final OT",,$25,8.8,0.00,81,2025-11-24 16:25:05,Week 12,Sunday
Cody Schrader,RB,"JAC 27 @ ARI 24, Final OT",,$10,0.7,0.00,82,2025-11-24 16:25:05,Week 12,Sunday
Elijah Higgins,TE,"JAC 27 @ ARI 24, Final OT",,$10,2.2,0.00,83,2025-11-24 16:25:05,Week 12,Sunday
Emari DemercadoO,RB,"JAC 27 @ ARI 24, Final OT",,$12,4.8,0.00,84,2025-11-24 16:25:05,Week 12,Sunday
Marvin Harrison Jr.O,WR,"JAC 27 @ ARI 24, Final OT",,$26,10.6,0.00,85,2025-11-24 16:25:05,Week 12,Sunday
Andre Baccellia,WR,"JAC 27 @ ARI 24, Final OT",,$10,1.0,0.00,86,2025-11-24 16:25:05,Week 12,Sunday
Trey BensonIR,RB,"JAC 27 @ ARI 24, Final OT",,$17,5.8,0.00,87,2025-11-24 16:25:05,Week 12,Sunday
Deshaun WatsonPUP,QB,"CLE 24 @ LV 10, Final",,$20,11.4,0.00,88,2025-11-24 16:25:05,Week 12,Sunday
David Njoku,TE,"CLE 24 @ LV 10, Final",,$14,6.9,0.00,89,2025-11-24 16:25:05,Week 12,Sunday
Blake Whiteheart,TE,"CLE 24 @ LV 10, Final",,$10,0.3,0.00,90,2025-11-24 16:25:05,Week 12,Sunday
Jamari ThrashO,WR,"CLE 24 @ LV 10, Final",,$10,2.0,0.00,91,2025-11-24 16:25:06,Week 12,Sunday
Brenden Bates,TE,"CLE 24 @ LV 10, Final",,$10,3.3,0.00,92,2025-11-24 16:25:06,Week 12,Sunday
Dillon GabrielO,QB,"CLE 24 @ LV 10, Final",,$22,9.0,0.00,93,2025-11-24 16:25:06,Week 12,Sunday
Raheim Sanders,RB,"CLE 24 @ LV 10, Final",,$10,6.3,0.00,94,2025-11-24 16:25:06,Week 12,Sunday
Gage Larvadain,WR,"CLE 24 @ LV 10, Final",,$10,0.5,0.00,95,2025-11-24 16:25:06,Week 12,Sunday
Alex Bachman,WR,"CLE 24 @ LV 10, Final",,$10,0.2,0.00,96,2025-11-24 16:25:06,Week 12,Sunday
Kenny Pickett,QB,"CLE 24 @ LV 10, Final",,$20,-0.8,0.00,97,2025-11-24 16:25:06,Week 12,Sunday
Zamir White,RB,"CLE 24 @ LV 10, Final",,$10,2.0,0.00,98,2025-11-24 16:25:06,Week 12,Sunday
Dylan Laube,RB,"CLE 24 @ LV 10, Final",,$10,0.3,0.00,99,2025-11-24 16:25:06,Week 12,Sunday
Jack Bech,WR,"CLE 24 @ LV 10, Final",,$10,1.5,0.00,100,2025-11-24 16:25:06,Week 12,Sunday
Carter Runyon,TE,"CLE 24 @ LV 10, Final",,$10,0.3,0.00,101,2025-11-24 16:25:06,Week 12,Sunday
Kaden Davis,WR,"CLE 24 @ LV 10, Final",,$10,—,0.00,102,2025-11-24 16:25:06,Week 12,Sunday
Aidan O'Connell,QB,"CLE 24 @ LV 10, Final",,$20,10.8,0.00,103,2025-11-24 16:25:06,Week 12,Sunday
DeAndre CarterIR,WR,"CLE 24 @ LV 10, Final",,$10,—,0.00,104,2025-11-24 16:25:06,Week 12,Sunday
A.J. Dillon,RB,"PHI 21 @ DAL 24, Final",,$10,1.4,0.00,105,2025-11-24 16:25:06,Week 12,Sunday
Kylen Granson,TE,"PHI 21 @ DAL 24, Final",,$10,0.4,0.00,106,2025-11-24 16:25:06,Week 12,Sunday
Jahan Dotson,WR,"PHI 21 @ DAL 24, Final",TGT,$10,3.0,0.00,107,2025-11-24 16:25:06,Week 12,Sunday
Sam Howell,QB,"PHI 21 @ DAL 24, Final",,$20,0.2,0.00,108,2025-11-24 16:25:06,Week 12,Sunday
Cameron Latu,TE,"PHI 21 @ DAL 24, Final",,$10,—,0.00,109,2025-11-24 16:25:06,Week 12,Sunday
Tanner McKee,QB,"PHI 21 @ DAL 24, Final",,$20,-0.2,0.00,110,2025-11-24 16:25:06,Week 12,Sunday
Will Shipley,RB,"PHI 21 @ DAL 24, Final",,$10,1.2,0.00,111,2025-11-24 16:25:06,Week 12,Sunday
Jalen Tolbert,WR,"PHI 21 @ DAL 24, Final",,$10,3.6,0.00,112,2025-11-24 16:25:06,Week 12,Sunday
Luke Schoonmaker,TE,"PHI 21 @ DAL 24, Final",TGT,$10,1.1,0.00,113,2025-11-24 16:25:06,Week 12,Sunday
Jonathan Mingo,WR,"PHI 21 @ DAL 24, Final",,$10,1.7,0.00,114,2025-11-24 16:25:06,Week 12,Sunday
Joe Milton III,QB,"PHI 21 @ DAL 24, Final",,$20,3.5,0.00,115,2025-11-24 16:25:06,Week 12,Sunday
Ryan Flournoy,WR,"PHI 21 @ DAL 24, Final",TGT,$10,4.3,0.00,116,2025-11-24 16:25:07,Week 12,Sunday
Jaydon Blue,RB,"PHI 21 @ DAL 24, Final",,$10,1.9,0.00,117,2025-11-24 16:25:07,Week 12,Sunday
Jamal Agnew,WR,"ATL 24 @ NO 10, Final",,$10,—,0.00,118,2025-11-24 16:25:07,Week 12,Sunday
KhaDarel Hodge,WR,"ATL 24 @ NO 10, Final",,$10,0.7,0.00,119,2025-11-24 16:25:07,Week 12,Sunday
Drake LondonO,WR,"ATL 24 @ NO 10, Final",,$40,16.3,0.00,120,2025-11-24 16:25:07,Week 12,Sunday
Teagan Quitoriano,TE,"ATL 24 @ NO 10, Final",,$10,—,0.00,121,2025-11-24 16:25:07,Week 12,Sunday
Michael Penix Jr.IR,QB,"ATL 24 @ NO 10, Final",,$26,13.7,0.00,122,2025-11-24 16:25:07,Week 12,Sunday
Casey Washington,WR,"ATL 24 @ NO 10, Final",,$10,2.5,0.00,123,2025-11-24 16:25:07,Week 12,Sunday
Nathan Carter,RB,"ATL 24 @ NO 10, Final",,$10,2.0,0.00,124,2025-11-24 16:25:07,Week 12,Sunday
Brandin Cooks,WR,"ATL 24 @ NO 10, Final",,$10,2.9,0.00,125,2025-11-24 16:25:07,Week 12,Sunday
Foster Moreau,TE,"ATL 24 @ NO 10, Final",TGT,$10,1.0,0.00,126,2025-11-24 16:25:07,Week 12,Sunday
Zaire Mitchell-Paden,TE,"ATL 24 @ NO 10, Final",,$10,0.9,0.00,127,2025-11-24 16:25:07,Week 12,Sunday
Spencer Rattler,QB,"ATL 24 @ NO 10, Final",,$20,13.0,0.00,128,2025-11-24 16:25:07,Week 12,Sunday
Audric Estime,RB,"ATL 24 @ NO 10, Final",,$10,3.6,0.00,129,2025-11-24 16:25:07,Week 12,Sunday
Trey PalmerIR,WR,"ATL 24 @ NO 10, Final",,$10,1.9,0.00,130,2025-11-24 16:25:07,Week 12,Sunday
Kedon Slovis,QB,"JAC 27 @ ARI 24, Final OT",-2 PASS YD,$20,-0.0,-0.08,131,2025-11-24 16:25:07,Week 12,Sunday
Jerome Ford,RB,"CLE 24 @ LV 10, Final","RUSH ATT,-3 RUSH YD",$10,2.3,-0.30,132,2025-11-24 16:25:07,Week 12,Sunday
Xavier GipsonQ,WR,"PHI 21 @ DAL 24, Final","TGT,REC,3 REC YD,FUM LOST",$10,-0.1,-1.20,133,2025-11-24 16:25:07,Week 12,Sunday
Matthew Stafford,QB,"TB 7 @ LA 34, Final","273 PASS YD,3 PASS TD",$39,20.6,22.92,1,2025-11-24 16:25:23,Week 12,Sunday
Davante Adams,WR,"TB 7 @ LA 34, Final","8 TGT,5 REC,62 REC YD,2 REC TD",$33,14.5,20.70,2,2025-11-24 16:25:23,Week 12,Sunday
Los Angeles Rams,DEF,"TB 7 @ LA 34, Final","7 PTS ALLOWED,4 SACK,2 INT,TD",$18,9.4,18.00,3,2025-11-24 16:25:23,Week 12,Sunday
Puka Nacua,WR,"TB 7 @ LA 34, Final","11 TGT,7 REC,97 REC YD",$39,17.0,13.20,4,2025-11-24 16:25:24,Week 12,Sunday
Colby Parkinson,TE,"TB 7 @ LA 34, Final","4 TGT,4 REC,41 REC YD,REC TD",$10,5.2,12.10,5,2025-11-24 16:25:24,Week 12,Sunday
Tez Johnson,WR,"TB 7 @ LA 34, Final","2 RUSH ATT,12 RUSH YD,4 TGT,3 REC,21 REC YD,REC TD",$15,7.2,10.80,6,2025-11-24 16:25:24,Week 12,Sunday
Baker MayfieldQ,QB,"TB 7 @ LA 34, Final","41 PASS YD,PASS TD,2 INT,4 RUSH ATT,19 RUSH YD",$35,17.2,5.54,7,2025-11-24 16:25:24,Week 12,Sunday
Kyren Williams,RB,"TB 7 @ LA 34, Final","12 RUSH ATT,46 RUSH YD,TGT,REC,2 REC YD",$38,14.5,5.30,8,2025-11-24 16:25:24,Week 12,Sunday
Sean Tucker,RB,"TB 7 @ LA 34, Final","12 RUSH ATT,42 RUSH YD,2 TGT,REC,4 REC YD",$16,5.9,5.10,9,2025-11-24 16:25:24,Week 12,Sunday
Rachaad White,RB,"TB 7 @ LA 34, Final","7 RUSH ATT,38 RUSH YD,TGT,REC,4 REC YD",$17,8.6,4.70,10,2025-11-24 16:25:24,Week 12,Sunday
Emeka Egbuka,WR,"TB 7 @ LA 34, Final","8 TGT,3 REC,32 REC YD",$29,12.5,4.70,11,2025-11-24 16:25:24,Week 12,Sunday
Davis Allen,TE,"TB 7 @ LA 34, Final","4 TGT,3 REC,29 REC YD",$10,3.9,4.40,12,2025-11-24 16:25:24,Week 12,Sunday
Cade Otton,TE,"TB 7 @ LA 34, Final","7 TGT,4 REC,21 REC YD",$14,6.1,4.10,13,2025-11-24 16:25:24,Week 12,Sunday
Konata Mumpfield,WR,"TB 7 @ LA 34, Final","2 TGT,2 REC,25 REC YD",$10,2.0,3.50,14,2025-11-24 16:25:24,Week 12,Sunday
Jordan Whittington,WR,"TB 7 @ LA 34, Final","3 TGT,3 REC,17 REC YD",$10,2.7,3.20,15,2025-11-24 16:25:24,Week 12,Sunday
Teddy Bridgewater,QB,"TB 7 @ LA 34, Final","62 PASS YD,RUSH ATT,6 RUSH YD",$20,1.0,3.08,16,2025-11-24 16:25:24,Week 12,Sunday
Sterling Shepard,WR,"TB 7 @ LA 34, Final","5 TGT,3 REC,12 REC YD",$12,5.5,2.70,17,2025-11-24 16:25:24,Week 12,Sunday
Blake Corum,RB,"TB 7 @ LA 34, Final","7 RUSH ATT,24 RUSH YD",$11,4.0,2.40,18,2025-11-24 16:25:24,Week 12,Sunday
Chris Godwin Jr.,WR,"TB 7 @ LA 34, Final","4 TGT,2 REC,9 REC YD",$26,3.4,1.90,19,2025-11-24 16:25:24,Week 12,Sunday
Owen Wright,RB,"TB 7 @ LA 34, Final","3 RUSH ATT,6 RUSH YD",$10,0.3,0.60,20,2025-11-24 16:25:24,Week 12,Sunday
Payne Durham,TE,"TB 7 @ LA 34, Final",,$10,—,0.00,21,2025-11-24 16:25:24,Week 12,Sunday
Ryan Miller,WR,"TB 7 @ LA 34, Final",,$10,1.5,0.00,22,2025-11-24 16:25:24,Week 12,Sunday
Bucky IrvingO,RB,"TB 7 @ LA 34, Final",,$29,15.6,0.00,23,2025-11-24 16:25:24,Week 12,Sunday
Devin Culp,TE,"TB 7 @ LA 34, Final",,$10,5.7,0.00,24,2025-11-24 16:25:24,Week 12,Sunday
Kameron Johnson,WR,"TB 7 @ LA 34, Final",,$10,1.4,0.00,25,2025-11-24 16:25:24,Week 12,Sunday
Josh WilliamsSUSP,RB,"TB 7 @ LA 34, Final",,$10,0.6,0.00,26,2025-11-24 16:25:24,Week 12,Sunday
Jimmy Garoppolo,QB,"TB 7 @ LA 34, Final",,$20,-0.1,0.00,27,2025-11-24 16:25:24,Week 12,Sunday
Tyler HigbeeIR,TE,"TB 7 @ LA 34, Final",,$11,5.1,0.00,28,2025-11-24 16:25:24,Week 12,Sunday
Stetson Bennett IV,QB,"TB 7 @ LA 34, Final",,$20,—,0.00,29,2025-11-24 16:25:25,Week 12,Sunday
Xavier SmithO,WR,"TB 7 @ LA 34, Final",,$10,1.2,0.00,30,2025-11-24 16:25:25,Week 12,Sunday
Terrance Ferguson,TE,"TB 7 @ LA 34, Final",TGT,$10,3.2,0.00,31,2025-11-24 16:25:25,Week 12,Sunday
Jarquez Hunter,RB,"TB 7 @ LA 34, Final",,$10,—,0.00,32,2025-11-24 16:25:25,Week 12,Sunday
Tampa Bay Buccaneers,DEF,"TB 7 @ LA 34, Final","28 PTS ALLOWED,SACK",$14,6.5,0.00,33,2025-11-24 16:25:25,Week 12,Sunday
Ronnie Rivers,RB,"TB 7 @ LA 34, Final",,$10,2.4,0.00,34,2025-11-24 16:25:25,Week 12,Sunday
