player_name,position,game_info,stats,salary,fppg,points,row_number,scrape_date,week,day
Jonathan Taylor,RB,"ATL 25 @ IND 31, Final OT","32 RUSH ATT,244 RUSH YD,3 RUSH TD,3 TGT,3 REC,42 REC YD",$44,25.9,48.10,1,2025-11-10 16:27:05,Week 10,Sunday
Drake London,WR,"ATL 25 @ IND 31, Final OT","8 TGT,6 REC,104 REC YD,REC TD,2PT",$39,16.5,21.40,2,2025-11-10 16:27:05,Week 10,Sunday
Tyler Allgeier,RB,"ATL 25 @ IND 31, Final OT","11 RUSH ATT,57 RUSH YD,2 RUSH TD",$14,7.5,17.70,3,2025-11-10 16:27:05,Week 10,Sunday
Daniel Jones,QB,"ATL 25 @ IND 31, Final OT","255 PASS YD,PASS TD,INT,7 RUSH ATT,53 RUSH YD,FUM LOST",$38,20.0,16.50,4,2025-11-10 16:27:05,Week 10,Sunday
Alec Pierce,WR,"ATL 25 @ IND 31, Final OT","7 TGT,4 REC,84 REC YD,REC TD",$22,9.8,16.40,5,2025-11-10 16:27:05,Week 10,Sunday
Tyler Warren,TE,"ATL 25 @ IND 31, Final OT","10 TGT,8 REC,99 REC YD",$22,11.1,13.90,6,2025-11-10 16:27:05,Week 10,Sunday
Michael Penix Jr.,QB,"ATL 25 @ IND 31, Final OT","177 PASS YD,PASS TD,RUSH ATT,-1 RUSH YD,FUM LOST,2PT",$31,14.4,10.98,7,2025-11-10 16:27:05,Week 10,Sunday
Atlanta Falcons,DEF,"ATL 25 @ IND 31, Final OT","31 PTS ALLOWED,7 SACK,INT,FUM REC",$11,6.9,10.00,8,2025-11-10 16:27:05,Week 10,Sunday
Bijan Robinson,RB,"ATL 25 @ IND 31, Final OT","17 RUSH ATT,84 RUSH YD,2 TGT,2 REC,4 REC YD",$40,17.6,9.80,9,2025-11-10 16:27:05,Week 10,Sunday
Indianapolis Colts,DEF,"ATL 25 @ IND 31, Final OT","25 PTS ALLOWED,3 SACK,FUM REC",$14,7.9,5.00,10,2025-11-10 16:27:05,Week 10,Sunday
Kyle Pitts Sr.,TE,"ATL 25 @ IND 31, Final OT","5 TGT,2 REC,38 REC YD",$17,7.8,4.80,11,2025-11-10 16:27:05,Week 10,Sunday
Michael Pittman Jr.,WR,"ATL 25 @ IND 31, Final OT","2 TGT,2 REC,19 REC YD",$29,12.3,2.90,12,2025-11-10 16:27:05,Week 10,Sunday
Darnell Mooney,WR,"ATL 25 @ IND 31, Final OT","8 TGT,REC,17 REC YD",$14,3.6,2.20,13,2025-11-10 16:27:05,Week 10,Sunday
Ashton Dulin,WR,"ATL 25 @ IND 31, Final OT","RUSH ATT,22 RUSH YD",$10,1.4,2.20,14,2025-11-10 16:27:06,Week 10,Sunday
Charlie Woerner,TE,"ATL 25 @ IND 31, Final OT","TGT,REC,14 REC YD",$10,0.6,1.90,15,2025-11-10 16:27:06,Week 10,Sunday
Ameer Abdullah,RB,"ATL 25 @ IND 31, Final OT","TGT,REC,8 REC YD",$10,2.6,1.30,16,2025-11-10 16:27:06,Week 10,Sunday
Josh Downs,WR,"ATL 25 @ IND 31, Final OT","2 TGT,REC,3 REC YD",$21,7.3,0.80,17,2025-11-10 16:27:06,Week 10,Sunday
Tyler Goodson,RB,"ATL 25 @ IND 31, Final OT","RUSH ATT,4 RUSH YD",$10,0.6,0.40,18,2025-11-10 16:27:06,Week 10,Sunday
Kirk Cousins,QB,"ATL 25 @ IND 31, Final OT",,$20,4.1,0.00,19,2025-11-10 16:27:06,Week 10,Sunday
Jamal Agnew,WR,"ATL 25 @ IND 31, Final OT",,$10,—,0.00,20,2025-11-10 16:27:06,Week 10,Sunday
KhaDarel Hodge,WR,"ATL 25 @ IND 31, Final OT",,$10,0.8,0.00,21,2025-11-10 16:27:06,Week 10,Sunday
David Sills V,WR,"ATL 25 @ IND 31, Final OT",TGT,$10,1.0,0.00,22,2025-11-10 16:27:06,Week 10,Sunday
Feleipe Franks,TE,"ATL 25 @ IND 31, Final OT",,$10,0.0,0.00,23,2025-11-10 16:27:06,Week 10,Sunday
Teagan Quitoriano,TE,"ATL 25 @ IND 31, Final OT",,$10,—,0.00,24,2025-11-10 16:27:06,Week 10,Sunday
Casey Washington,WR,"ATL 25 @ IND 31, Final OT",,$10,2.5,0.00,25,2025-11-10 16:27:06,Week 10,Sunday
Nathan Carter,RB,"ATL 25 @ IND 31, Final OT",,$10,2.0,0.00,26,2025-11-10 16:27:06,Week 10,Sunday
Mo Alie-Cox,TE,"ATL 25 @ IND 31, Final OT",TGT,$10,1.2,0.00,27,2025-11-10 16:27:06,Week 10,Sunday
Drew Ogletree,TE,"ATL 25 @ IND 31, Final OT",,$10,—,0.00,28,2025-11-10 16:27:06,Week 10,Sunday
Will MalloryO,TE,"ATL 25 @ IND 31, Final OT",,$10,0.7,0.00,29,2025-11-10 16:27:06,Week 10,Sunday
Adonai MitchellO,WR,"ATL 25 @ IND 31, Final OT",,$10,2.2,0.00,30,2025-11-10 16:27:06,Week 10,Sunday
Anthony GouldO,WR,"ATL 25 @ IND 31, Final OT",,$10,0.1,0.00,31,2025-11-10 16:27:06,Week 10,Sunday
DJ GiddensO,RB,"ATL 25 @ IND 31, Final OT",,$10,1.7,0.00,32,2025-11-10 16:27:06,Week 10,Sunday
Riley Leonard,QB,"ATL 25 @ IND 31, Final OT",,$20,0.1,0.00,33,2025-11-10 16:27:06,Week 10,Sunday
De'Von Achane,RB,"BUF 13 @ MIA 30, Final","22 RUSH ATT,174 RUSH YD,2 RUSH TD,6 TGT,6 REC,51 REC YD",$37,18.9,37.50,1,2025-11-10 16:27:23,Week 10,Sunday
Jahmyr Gibbs,RB,"DET 44 @ WAS 22, Final","15 RUSH ATT,142 RUSH YD,2 RUSH TD,4 TGT,3 REC,30 REC YD,REC TD",$37,18.7,36.70,2,2025-11-10 16:27:23,Week 10,Sunday
Davis Mills,QB,"JAC 29 @ HOU 36, Final","292 PASS YD,2 PASS TD,INT,3 RUSH ATT,20 RUSH YD,RUSH TD,2PT",$20,12.0,28.68,3,2025-11-10 16:27:23,Week 10,Sunday
TreVeyon Henderson,RB,"NE 28 @ TB 23, Final","14 RUSH ATT,147 RUSH YD,2 RUSH TD,TGT,REC,3 REC YD",$17,8.3,27.50,4,2025-11-10 16:27:23,Week 10,Sunday
Matthew Stafford,QB,"LA 42 @ SF 26, Final","280 PASS YD,4 PASS TD,3 RUSH ATT,-3 RUSH YD",$38,21.1,26.90,5,2025-11-10 16:27:23,Week 10,Sunday
Jaxson DartQ,QB,"NYG 20 @ CHI 24, Final","242 PASS YD,6 RUSH ATT,66 RUSH YD,2 RUSH TD,FUM LOST",$34,18.2,26.28,6,2025-11-10 16:27:23,Week 10,Sunday
Caleb Williams,QB,"NYG 20 @ CHI 24, Final","220 PASS YD,PASS TD,8 RUSH ATT,63 RUSH YD,RUSH TD",$37,20.6,25.10,7,2025-11-10 16:27:23,Week 10,Sunday
Jared Goff,QB,"DET 44 @ WAS 22, Final","320 PASS YD,3 PASS TD",$34,18.3,24.80,8,2025-11-10 16:27:23,Week 10,Sunday
Mac Jones,QB,"LA 42 @ SF 26, Final","319 PASS YD,3 PASS TD,INT,RUSH ATT,3 RUSH YD",$20,17.1,24.06,9,2025-11-10 16:27:23,Week 10,Sunday
Trey McBride,TE,"ARI 22 @ SEA 44, Final","13 TGT,9 REC,127 REC YD,REC TD",$28,14.1,23.20,10,2025-11-10 16:27:23,Week 10,Sunday
Baker Mayfield,QB,"NE 28 @ TB 23, Final","273 PASS YD,3 PASS TD",$35,18.4,22.92,11,2025-11-10 16:27:23,Week 10,Sunday
Kyren Williams,RB,"LA 42 @ SF 26, Final","14 RUSH ATT,73 RUSH YD,2 RUSH TD,3 TGT,2 REC,11 REC YD",$35,15.4,21.40,12,2025-11-10 16:27:23,Week 10,Sunday
Seattle Seahawks,DEF,"ARI 22 @ SEA 44, Final","22 PTS ALLOWED,5 SACK,2 FUM REC,2 TD",$18,10.7,21.00,13,2025-11-10 16:27:23,Week 10,Sunday
Jalen Nailor,WR,"BAL 27 @ MIN 19, Final","6 TGT,5 REC,124 REC YD,REC TD",$11,6.1,20.90,14,2025-11-10 16:27:23,Week 10,Sunday
Jameson Williams,WR,"DET 44 @ WAS 22, Final","7 TGT,6 REC,119 REC YD,REC TD",$21,9.4,20.90,15,2025-11-10 16:27:23,Week 10,Sunday
Emeka Egbuka,WR,"NE 28 @ TB 23, Final","13 TGT,6 REC,115 REC YD,REC TD",$31,14.1,20.50,16,2025-11-10 16:27:23,Week 10,Sunday
Josh Allen,QB,"BUF 13 @ MIA 30, Final","306 PASS YD,2 PASS TD,INT,4 RUSH ATT,31 RUSH YD,FUM LOST",$45,23.3,20.34,17,2025-11-10 16:27:23,Week 10,Sunday
Dillon Gabriel,QB,"CLE 20 @ NYJ 27, Final","167 PASS YD,2 PASS TD,5 RUSH ATT,54 RUSH YD",$21,9.9,20.08,18,2025-11-10 16:27:23,Week 10,Sunday
Jacoby Brissett,QB,"ARI 22 @ SEA 44, Final","258 PASS YD,2 PASS TD,4 RUSH ATT,31 RUSH YD,2 FUM LOST,2PT",$20,14.3,19.42,19,2025-11-10 16:27:23,Week 10,Sunday
Drake Maye,QB,"NE 28 @ TB 23, Final","270 PASS YD,2 PASS TD,INT,7 RUSH ATT,13 RUSH YD",$40,21.2,19.10,20,2025-11-10 16:27:23,Week 10,Sunday
Nico Collins,WR,"JAC 29 @ HOU 36, Final","15 TGT,7 REC,136 REC YD,2PT",$30,11.7,19.10,21,2025-11-10 16:27:23,Week 10,Sunday
Breece Hall,RB,"CLE 20 @ NYJ 27, Final","21 RUSH ATT,83 RUSH YD,TGT,REC,42 REC YD,REC TD",$29,13.3,19.00,22,2025-11-10 16:27:23,Week 10,Sunday
New York Jets,DEF,"CLE 20 @ NYJ 27, Final","20 PTS ALLOWED,6 SACK,2 RET TD",$10,4.4,19.00,23,2025-11-10 16:27:24,Week 10,Sunday
Tyler Shough,QB,"NO 17 @ CAR 7, Final","282 PASS YD,2 PASS TD,4 RUSH ATT,-3 RUSH YD",$20,8.6,18.98,24,2025-11-10 16:27:24,Week 10,Sunday
Chris Olave,WR,"NO 17 @ CAR 7, Final","8 TGT,5 REC,104 REC YD,REC TD",$26,11.9,18.90,25,2025-11-10 16:27:24,Week 10,Sunday
George Kittle,TE,"LA 42 @ SF 26, Final","9 TGT,9 REC,84 REC YD,REC TD",$18,9.3,18.90,26,2025-11-10 16:27:24,Week 10,Sunday
Marcus Mariota,QB,"DET 44 @ WAS 22, Final","213 PASS YD,2 PASS TD,5 RUSH ATT,22 RUSH YD",$22,12.4,18.72,27,2025-11-10 16:27:24,Week 10,Sunday
Tez Johnson,WR,"NE 28 @ TB 23, Final","5 TGT,4 REC,42 REC YD,2 REC TD",$14,7.5,18.20,28,2025-11-10 16:27:24,Week 10,Sunday
Jaxon Smith-Njigba,WR,"ARI 22 @ SEA 44, Final","6 TGT,5 REC,93 REC YD,REC TD",$41,18.4,17.80,29,2025-11-10 16:27:24,Week 10,Sunday
Rome Odunze,WR,"NYG 20 @ CHI 24, Final","10 TGT,6 REC,86 REC YD,REC TD",$23,12.3,17.60,30,2025-11-10 16:27:24,Week 10,Sunday
Juwan Johnson,TE,"NO 17 @ CAR 7, Final","4 TGT,4 REC,92 REC YD,REC TD",$15,8.7,17.20,31,2025-11-10 16:27:24,Week 10,Sunday
Jaylen Waddle,WR,"BUF 13 @ MIA 30, Final","7 TGT,5 REC,84 REC YD,REC TD",$28,12.0,16.90,32,2025-11-10 16:27:24,Week 10,Sunday
Jerry Jeudy,WR,"CLE 20 @ NYJ 27, Final","12 TGT,6 REC,78 REC YD,REC TD",$15,5.9,16.80,33,2025-11-10 16:27:24,Week 10,Sunday
J.J. McCarthy,QB,"BAL 27 @ MIN 19, Final","248 PASS YD,PASS TD,2 INT,5 RUSH ATT,48 RUSH YD",$29,16.2,16.72,34,2025-11-10 16:27:24,Week 10,Sunday
Davante AdamsQ,WR,"LA 42 @ SF 26, Final","8 TGT,6 REC,77 REC YD,REC TD",$34,14.6,16.70,35,2025-11-10 16:27:24,Week 10,Sunday
Lamar Jackson,QB,"BAL 27 @ MIN 19, Final","176 PASS YD,PASS TD,9 RUSH ATT,36 RUSH YD,2PT",$45,22.8,16.64,36,2025-11-10 16:27:24,Week 10,Sunday
Parker Washington,WR,"JAC 29 @ HOU 36, Final","2 RUSH ATT,-4 RUSH YD,7 TGT,3 REC,33 REC YD,REC TD,PRTD",$16,7.9,16.40,37,2025-11-10 16:27:24,Week 10,Sunday
Woody Marks,RB,"JAC 29 @ HOU 36, Final","14 RUSH ATT,63 RUSH YD,RUSH TD,3 TGT,2 REC,18 REC YD",$18,8.9,15.10,38,2025-11-10 16:27:24,Week 10,Sunday
Puka Nacua,WR,"LA 42 @ SF 26, Final","6 TGT,5 REC,64 REC YD,REC TD",$40,18.3,14.90,39,2025-11-10 16:27:24,Week 10,Sunday
Dalton Schultz,TE,"JAC 29 @ HOU 36, Final","11 TGT,7 REC,53 REC YD,REC TD",$16,8.0,14.80,40,2025-11-10 16:27:24,Week 10,Sunday
Travis Etienne Jr.,RB,"JAC 29 @ HOU 36, Final","16 RUSH ATT,58 RUSH YD,RUSH TD,4 TGT,2 REC,19 REC YD",$24,12.6,14.70,41,2025-11-10 16:27:24,Week 10,Sunday
Aaron Jones Sr.,RB,"BAL 27 @ MIN 19, Final","9 RUSH ATT,47 RUSH YD,RUSH TD,6 TGT,3 REC,22 REC YD",$21,9.1,14.40,42,2025-11-10 16:27:24,Week 10,Sunday
Zach Charbonnet,RB,"ARI 22 @ SEA 44, Final","14 RUSH ATT,83 RUSH YD,RUSH TD",$19,9.6,14.30,43,2025-11-10 16:27:24,Week 10,Sunday
Amon-Ra St. Brown,WR,"DET 44 @ WAS 22, Final","8 TGT,5 REC,58 REC YD,REC TD",$37,16.7,14.30,44,2025-11-10 16:27:24,Week 10,Sunday
Jauan Jennings,WR,"LA 42 @ SF 26, Final","9 TGT,6 REC,71 REC YD,REC TD,FUM LOST",$20,8.1,14.10,45,2025-11-10 16:27:24,Week 10,Sunday
Houston Texans,DEF,"JAC 29 @ HOU 36, Final","29 PTS ALLOWED,5 SACK,INT,FUM REC,TD",$18,9.8,14.00,46,2025-11-10 16:27:24,Week 10,Sunday
Rico Dowdle,RB,"NO 17 @ CAR 7, Final","18 RUSH ATT,53 RUSH YD,RUSH TD,3 TGT,3 REC,10 REC YD",$33,13.8,13.80,47,2025-11-10 16:27:24,Week 10,Sunday
Kyle Williams,WR,"NE 28 @ TB 23, Final","2 TGT,REC,72 REC YD,REC TD",$10,2.4,13.70,48,2025-11-10 16:27:25,Week 10,Sunday
Mack Hollins,WR,"NE 28 @ TB 23, Final","10 TGT,6 REC,106 REC YD",$11,6.4,13.60,49,2025-11-10 16:27:25,Week 10,Sunday
Christian McCaffrey,RB,"LA 42 @ SF 26, Final","12 RUSH ATT,30 RUSH YD,10 TGT,8 REC,66 REC YD",$45,21.4,13.60,50,2025-11-10 16:27:25,Week 10,Sunday
Stefon Diggs,WR,"NE 28 @ TB 23, Final","8 TGT,5 REC,46 REC YD,REC TD",$26,9.8,13.10,51,2025-11-10 16:27:25,Week 10,Sunday
Alvin Kamara,RB,"NO 17 @ CAR 7, Final","22 RUSH ATT,83 RUSH YD,3 TGT,3 REC,32 REC YD",$21,8.2,13.00,52,2025-11-10 16:27:25,Week 10,Sunday
Miami Dolphins,DEF,"BUF 13 @ MIA 30, Final","13 PTS ALLOWED,3 SACK,INT,2 FUM REC",$10,4.9,13.00,53,2025-11-10 16:27:25,Week 10,Sunday
Tua Tagovailoa,QB,"BUF 13 @ MIA 30, Final","173 PASS YD,2 PASS TD,2 INT,2 RUSH ATT,-1 RUSH YD",$28,13.7,12.82,54,2025-11-10 16:27:25,Week 10,Sunday
Marvin Harrison Jr.,WR,"ARI 22 @ SEA 44, Final","12 TGT,3 REC,33 REC YD,REC TD,2PT",$25,10.6,12.80,55,2025-11-10 16:27:25,Week 10,Sunday
Cade Otton,TE,"NE 28 @ TB 23, Final","12 TGT,9 REC,82 REC YD",$11,6.6,12.70,56,2025-11-10 16:27:25,Week 10,Sunday
Jayden Higgins,WR,"JAC 29 @ HOU 36, Final","7 TGT,5 REC,42 REC YD,REC TD",$12,5.3,12.70,57,2025-11-10 16:27:25,Week 10,Sunday
D'Andre Swift,RB,"NYG 20 @ CHI 24, Final","13 RUSH ATT,80 RUSH YD,8 TGT,5 REC,18 REC YD",$31,14.4,12.30,58,2025-11-10 16:27:25,Week 10,Sunday
Keon Coleman,WR,"BUF 13 @ MIA 30, Final","8 TGT,3 REC,46 REC YD,REC TD",$14,7.2,12.10,59,2025-11-10 16:27:25,Week 10,Sunday
Colby Parkinson,TE,"LA 42 @ SF 26, Final","5 TGT,4 REC,41 REC YD,REC TD",$10,3.6,12.10,60,2025-11-10 16:27:25,Week 10,Sunday
New Orleans Saints,DEF,"NO 17 @ CAR 7, Final","7 PTS ALLOWED,2 SACK,INT,FUM REC,BLK KICK",$10,5.6,12.00,61,2025-11-10 16:27:25,Week 10,Sunday
Emari Demercado,RB,"ARI 22 @ SEA 44, Final","4 RUSH ATT,64 RUSH YD,4 TGT,3 REC,40 REC YD",$10,5.1,11.90,62,2025-11-10 16:27:25,Week 10,Sunday
Jacksonville Jaguars,DEF,"JAC 29 @ HOU 36, Final","30 PTS ALLOWED,2 SACK,INT,FUM REC,RET TD",$11,7.2,11.00,63,2025-11-10 16:27:25,Week 10,Sunday
Theo Johnson,TE,"NYG 20 @ CHI 24, Final","8 TGT,7 REC,75 REC YD",$16,7.8,11.00,64,2025-11-10 16:27:25,Week 10,Sunday
Brian Robinson Jr.,RB,"LA 42 @ SF 26, Final","8 RUSH ATT,41 RUSH YD,RUSH TD,TGT,REC,4 REC YD",$10,4.0,11.00,65,2025-11-10 16:27:25,Week 10,Sunday
Darius Slayton,WR,"NYG 20 @ CHI 24, Final","4 TGT,4 REC,89 REC YD",$18,5.5,10.90,66,2025-11-10 16:27:25,Week 10,Sunday
Deebo Samuel,WR,"DET 44 @ WAS 22, Final","5 TGT,4 REC,29 REC YD,REC TD",$24,10.8,10.90,67,2025-11-10 16:27:25,Week 10,Sunday
Trevor Lawrence,QB,"JAC 29 @ HOU 36, Final","158 PASS YD,PASS TD,INT,5 RUSH ATT,35 RUSH YD,FUM LOST",$36,16.7,10.82,68,2025-11-10 16:27:25,Week 10,Sunday
Zay Flowers,WR,"BAL 27 @ MIN 19, Final","RUSH ATT,6 RUSH YD,6 TGT,4 REC,75 REC YD",$27,10.5,10.10,69,2025-11-10 16:27:25,Week 10,Sunday
Derrick Henry,RB,"BAL 27 @ MIN 19, Final","20 RUSH ATT,75 RUSH YD,3 TGT,3 REC,9 REC YD",$34,12.5,9.90,70,2025-11-10 16:27:25,Week 10,Sunday
David Montgomery,RB,"DET 44 @ WAS 22, Final","15 RUSH ATT,71 RUSH YD,TGT,REC,2PT",$24,10.9,9.60,71,2025-11-10 16:27:25,Week 10,Sunday
Quinshon Judkins,RB,"CLE 20 @ NYJ 27, Final","22 RUSH ATT,75 RUSH YD,3 TGT,2 REC,10 REC YD",$28,12.5,9.50,72,2025-11-10 16:27:25,Week 10,Sunday
Khalil Shakir,WR,"BUF 13 @ MIA 30, Final","9 TGT,7 REC,58 REC YD",$24,9.6,9.30,73,2025-11-10 16:27:26,Week 10,Sunday
Wan'Dale Robinson,WR,"NYG 20 @ CHI 24, Final","11 TGT,6 REC,62 REC YD",$25,9.9,9.20,74,2025-11-10 16:27:26,Week 10,Sunday
David Njoku,TE,"CLE 20 @ NYJ 27, Final","2 TGT,2 REC,21 REC YD,REC TD",$17,7.6,9.10,75,2025-11-10 16:27:26,Week 10,Sunday
Jackson Hawes,TE,"BUF 13 @ MIA 30, Final","2 TGT,REC,26 REC YD,REC TD",$10,3.9,9.10,76,2025-11-10 16:27:26,Week 10,Sunday
George Holani,RB,"ARI 22 @ SEA 44, Final","7 RUSH ATT,31 RUSH YD,RUSH TD",$10,2.1,9.10,77,2025-11-10 16:27:26,Week 10,Sunday
Mark Andrews,TE,"BAL 27 @ MIN 19, Final","5 TGT,3 REC,14 REC YD,REC TD",$15,7.7,8.90,78,2025-11-10 16:27:26,Week 10,Sunday
Devin Singletary,RB,"NYG 20 @ CHI 24, Final","8 RUSH ATT,20 RUSH YD,3 TGT,3 REC,53 REC YD",$10,2.8,8.80,79,2025-11-10 16:27:26,Week 10,Sunday
Kyle Monangai,RB,"NYG 20 @ CHI 24, Final","7 RUSH ATT,28 RUSH YD,RUSH TD,TGT",$18,7.1,8.80,80,2025-11-10 16:27:26,Week 10,Sunday
Tetairoa McMillan,WR,"NO 17 @ CAR 7, Final","8 TGT,5 REC,60 REC YD",$25,9.7,8.50,81,2025-11-10 16:27:26,Week 10,Sunday
Luke Farrell,TE,"LA 42 @ SF 26, Final","2 TGT,2 REC,15 REC YD,REC TD",$10,2.6,8.50,82,2025-11-10 16:27:26,Week 10,Sunday
Cooper Kupp,WR,"ARI 22 @ SEA 44, Final","2 TGT,2 REC,74 REC YD",$19,6.8,8.40,83,2025-11-10 16:27:26,Week 10,Sunday
Malik Washington,WR,"BUF 13 @ MIA 30, Final","RUSH ATT,4 RUSH YD,3 TGT,2 REC,9 REC YD,REC TD",$14,5.8,8.30,84,2025-11-10 16:27:26,Week 10,Sunday
James Cook III,RB,"BUF 13 @ MIA 30, Final","13 RUSH ATT,53 RUSH YD,5 TGT,5 REC,24 REC YD,FUM LOST",$39,17.0,8.20,85,2025-11-10 16:27:26,Week 10,Sunday
Baltimore Ravens,DEF,"BAL 27 @ MIN 19, Final","19 PTS ALLOWED,SACK,2 INT,FUM REC",$11,3.9,8.00,86,2025-11-10 16:27:26,Week 10,Sunday
Justin Fields,QB,"CLE 20 @ NYJ 27, Final","54 PASS YD,PASS TD,INT,7 RUSH ATT,28 RUSH YD",$29,15.5,7.96,87,2025-11-10 16:27:26,Week 10,Sunday
Rachaad White,RB,"NE 28 @ TB 23, Final","10 RUSH ATT,38 RUSH YD,5 TGT,5 REC,16 REC YD",$19,9.2,7.90,88,2025-11-10 16:27:26,Week 10,Sunday
Kalif Raymond,WR,"DET 44 @ WAS 22, Final","RUSH ATT,10 RUSH YD,4 TGT,4 REC,49 REC YD",$10,3.2,7.90,89,2025-11-10 16:27:26,Week 10,Sunday
Justice Hill,RB,"BAL 27 @ MIN 19, Final","RUSH ATT,RUSH YD,RUSH TD,2 TGT,REC,12 REC YD",$10,6.1,7.80,90,2025-11-10 16:27:26,Week 10,Sunday
Davis Allen,TE,"LA 42 @ SF 26, Final","2 TGT,2 REC,8 REC YD,REC TD",$10,3.9,7.80,91,2025-11-10 16:27:26,Week 10,Sunday
Sam LaPorta,TE,"DET 44 @ WAS 22, Final","5 TGT,5 REC,53 REC YD",$20,9.7,7.80,92,2025-11-10 16:27:26,Week 10,Sunday
Tyrone Tracy Jr.,RB,"NYG 20 @ CHI 24, Final","14 RUSH ATT,71 RUSH YD,2 TGT,REC",$16,5.8,7.60,93,2025-11-10 16:27:26,Week 10,Sunday
Chris Rodriguez Jr.Q,RB,"DET 44 @ WAS 22, Final","6 RUSH ATT,16 RUSH YD,RUSH TD",$10,5.4,7.60,94,2025-11-10 16:27:26,Week 10,Sunday
Colston Loveland,TE,"NYG 20 @ CHI 24, Final","4 TGT,4 REC,55 REC YD",$13,6.4,7.50,95,2025-11-10 16:27:26,Week 10,Sunday
Kenneth Walker III,RB,"ARI 22 @ SEA 44, Final","14 RUSH ATT,67 RUSH YD,TGT,REC,3 REC YD",$20,9.5,7.50,96,2025-11-10 16:27:26,Week 10,Sunday
Zach Ertz,TE,"DET 44 @ WAS 22, Final","5 TGT,4 REC,54 REC YD",$16,7.8,7.40,97,2025-11-10 16:27:26,Week 10,Sunday
Chicago Bears,DEF,"NYG 20 @ CHI 24, Final","20 PTS ALLOWED,4 SACK,FUM REC",$14,7.0,7.00,98,2025-11-10 16:27:27,Week 10,Sunday
Isaiah Williams,WR,"CLE 20 @ NYJ 27, Final","TGT,REC,4 REC YD,PRTD",$10,2.3,6.90,99,2025-11-10 16:27:27,Week 10,Sunday
Ben Sinnott,TE,"DET 44 @ WAS 22, Final","TGT,REC,4 REC YD,REC TD",$10,3.6,6.90,100,2025-11-10 16:27:27,Week 10,Sunday
Luther Burden III,WR,"NYG 20 @ CHI 24, Final","3 TGT,3 REC,51 REC YD",$10,4.6,6.60,101,2025-11-10 16:27:27,Week 10,Sunday
Harold Fannin Jr.,TE,"CLE 20 @ NYJ 27, Final","7 TGT,4 REC,44 REC YD",$16,8.1,6.40,102,2025-11-10 16:27:27,Week 10,Sunday
Greg Dortch,WR,"ARI 22 @ SEA 44, Final","2 RUSH ATT,2 RUSH YD,RUSH TD",$10,3.2,6.20,103,2025-11-10 16:27:27,Week 10,Sunday
Kene Nwangwu,RB,"CLE 20 @ NYJ 27, Final",KRTD,$10,1.5,6.00,104,2025-11-10 16:27:27,Week 10,Sunday
Arizona Cardinals,DEF,"ARI 22 @ SEA 44, Final","32 PTS ALLOWED,SACK,INT,2 FUM REC",$10,6.3,6.00,105,2025-11-10 16:27:27,Week 10,Sunday
Los Angeles Rams,DEF,"LA 42 @ SF 26, Final","26 PTS ALLOWED,INT,FUM REC,BLK KICK",$17,8.4,6.00,106,2025-11-10 16:27:27,Week 10,Sunday
Sam Darnold,QB,"ARI 22 @ SEA 44, Final","178 PASS YD,PASS TD,INT,3 RUSH ATT,-2 RUSH YD,2 FUM LOST",$36,16.5,5.92,107,2025-11-10 16:27:27,Week 10,Sunday
Justin Jefferson,WR,"BAL 27 @ MIN 19, Final","12 TGT,4 REC,37 REC YD",$33,11.8,5.70,108,2025-11-10 16:27:27,Week 10,Sunday
Nick Chubb,RB,"JAC 29 @ HOU 36, Final","5 RUSH ATT,47 RUSH YD,TGT,REC,5 REC YD",$14,7.1,5.70,109,2025-11-10 16:27:27,Week 10,Sunday
Ja'Tavion Sanders,TE,"NO 17 @ CAR 7, Final","5 TGT,5 REC,32 REC YD",$10,3.5,5.70,110,2025-11-10 16:27:27,Week 10,Sunday
Sean Tucker,RB,"NE 28 @ TB 23, Final","9 RUSH ATT,53 RUSH YD,2 TGT,REC,-2 REC YD",$10,3.0,5.60,111,2025-11-10 16:27:27,Week 10,Sunday
Blake Corum,RB,"LA 42 @ SF 26, Final","13 RUSH ATT,56 RUSH YD",$10,4.5,5.60,112,2025-11-10 16:27:27,Week 10,Sunday
Jaylin Noel,WR,"JAC 29 @ HOU 36, Final","4 TGT,4 REC,35 REC YD",$10,3.9,5.50,113,2025-11-10 16:27:27,Week 10,Sunday
Michael Wilson,WR,"ARI 22 @ SEA 44, Final","7 TGT,4 REC,34 REC YD",$13,4.5,5.40,114,2025-11-10 16:27:27,Week 10,Sunday
Dawson Knox,TE,"BUF 13 @ MIA 30, Final","4 TGT,3 REC,37 REC YD",$10,3.4,5.20,115,2025-11-10 16:27:27,Week 10,Sunday
Jordan Addison,WR,"BAL 27 @ MIN 19, Final","11 TGT,3 REC,35 REC YD",$26,11.0,5.00,116,2025-11-10 16:27:27,Week 10,Sunday
Cleveland Browns,DEF,"CLE 20 @ NYJ 27, Final","27 PTS ALLOWED,3 SACK,INT",$16,7.0,5.00,117,2025-11-10 16:27:27,Week 10,Sunday
Carolina Panthers,DEF,"NO 17 @ CAR 7, Final","17 PTS ALLOWED,2 SACK,FUM REC",$13,5.6,5.00,118,2025-11-10 16:27:27,Week 10,Sunday
Demarcus Robinson,WR,"LA 42 @ SF 26, Final","4 TGT,3 REC,34 REC YD",$10,3.1,4.90,119,2025-11-10 16:27:27,Week 10,Sunday
Tyler Higbee,TE,"LA 42 @ SF 26, Final","3 TGT,3 REC,33 REC YD",$12,5.5,4.80,120,2025-11-10 16:27:27,Week 10,Sunday
Dalton KincaidQ,TE,"BUF 13 @ MIA 30, Final","3 TGT,2 REC,37 REC YD",$19,10.4,4.70,121,2025-11-10 16:27:27,Week 10,Sunday
Sterling Shepard,WR,"NE 28 @ TB 23, Final","RUSH ATT,11 RUSH YD,4 TGT,3 REC,20 REC YD",$11,5.5,4.60,122,2025-11-10 16:27:27,Week 10,Sunday
Devin Neal,RB,"NO 17 @ CAR 7, Final","4 RUSH ATT,22 RUSH YD,3 TGT,3 REC,9 REC YD",$10,2.0,4.60,123,2025-11-10 16:27:27,Week 10,Sunday
Jaylin Lane,WR,"DET 44 @ WAS 22, Final","TGT,REC,41 REC YD",$10,3.3,4.60,124,2025-11-10 16:27:28,Week 10,Sunday
DeMario Douglas,WR,"NE 28 @ TB 23, Final","RUSH ATT,2 TGT,2 REC,34 REC YD",$15,6.5,4.40,125,2025-11-10 16:27:28,Week 10,Sunday
Austin Trammell,WR,"JAC 29 @ HOU 36, Final","3 TGT,2 REC,33 REC YD",$10,2.2,4.30,126,2025-11-10 16:27:28,Week 10,Sunday
Bam KnightQ,RB,"ARI 22 @ SEA 44, Final","10 RUSH ATT,28 RUSH YD,4 TGT,REC,5 REC YD",$12,5.5,3.80,127,2025-11-10 16:27:28,Week 10,Sunday
Terrance Ferguson,TE,"LA 42 @ SF 26, Final","4 TGT,REC,32 REC YD",$10,4.5,3.70,128,2025-11-10 16:27:28,Week 10,Sunday
Jordan Mason,RB,"BAL 27 @ MIN 19, Final","4 RUSH ATT,25 RUSH YD,TGT,REC,6 REC YD",$20,8.5,3.60,129,2025-11-10 16:27:28,Week 10,Sunday
Jalen Coker,WR,"NO 17 @ CAR 7, Final","4 TGT,3 REC,21 REC YD",$11,2.5,3.60,130,2025-11-10 16:27:28,Week 10,Sunday
Ty Johnson,RB,"BUF 13 @ MIA 30, Final","RUSH ATT,2 RUSH YD,2 TGT,2 REC,24 REC YD",$10,2.4,3.60,131,2025-11-10 16:27:28,Week 10,Sunday
Rashod Bateman,WR,"BAL 27 @ MIN 19, Final","2 TGT,REC,10 REC YD,2PT",$15,4.6,3.50,132,2025-11-10 16:27:28,Week 10,Sunday
Jeremy McNichols,RB,"DET 44 @ WAS 22, Final","5 RUSH ATT,25 RUSH YD,TGT,REC,4 REC YD",$10,4.7,3.40,133,2025-11-10 16:27:28,Week 10,Sunday
Malachi Corley,WR,"CLE 20 @ NYJ 27, Final","2 RUSH ATT,32 RUSH YD,TGT",$10,2.5,3.20,134,2025-11-10 16:27:28,Week 10,Sunday
Keaton Mitchell,RB,"BAL 27 @ MIN 19, Final","4 RUSH ATT,31 RUSH YD",$10,2.3,3.10,135,2025-11-10 16:27:28,Week 10,Sunday
Russell Wilson,QB,"NYG 20 @ CHI 24, Final","45 PASS YD,2 RUSH ATT,12 RUSH YD",$20,8.8,3.00,136,2025-11-10 16:27:28,Week 10,Sunday
Buffalo Bills,DEF,"BUF 13 @ MIA 30, Final","30 PTS ALLOWED,2 INT",$16,5.9,3.00,137,2025-11-10 16:27:28,Week 10,Sunday
Jacory Croskey-Merritt,RB,"DET 44 @ WAS 22, Final","11 RUSH ATT,30 RUSH YD",$18,7.7,3.00,138,2025-11-10 16:27:28,Week 10,Sunday
Tyrell Shavers,WR,"BUF 13 @ MIA 30, Final","TGT,REC,24 REC YD",$10,1.7,2.90,139,2025-11-10 16:27:28,Week 10,Sunday
Elijah Higgins,TE,"ARI 22 @ SEA 44, Final","3 TGT,2 REC,19 REC YD",$10,2.5,2.90,140,2025-11-10 16:27:28,Week 10,Sunday
Charlie Kolar,TE,"BAL 27 @ MIN 19, Final","2 TGT,REC,23 REC YD",$10,3.5,2.80,141,2025-11-10 16:27:28,Week 10,Sunday
Isaiah Likely,TE,"BAL 27 @ MIN 19, Final","5 TGT,2 REC,17 REC YD",$10,3.1,2.70,142,2025-11-10 16:27:28,Week 10,Sunday
Greg Dulcich,TE,"BUF 13 @ MIA 30, Final","4 TGT,REC,22 REC YD",$10,5.1,2.70,143,2025-11-10 16:27:28,Week 10,Sunday
DeAndre Hopkins,WR,"BAL 27 @ MIN 19, Final","3 TGT,2 REC,16 REC YD",$10,4.3,2.60,144,2025-11-10 16:27:28,Week 10,Sunday
Adam Thielen,WR,"BAL 27 @ MIN 19, Final","3 TGT,2 REC,16 REC YD",$10,1.7,2.60,145,2025-11-10 16:27:28,Week 10,Sunday
Johnny Mundt,TE,"JAC 29 @ HOU 36, Final","2 TGT,REC,21 REC YD",$10,1.2,2.60,146,2025-11-10 16:27:28,Week 10,Sunday
Foster Moreau,TE,"NO 17 @ CAR 7, Final","3 TGT,2 REC,16 REC YD",$10,1.3,2.60,147,2025-11-10 16:27:28,Week 10,Sunday
Curtis Samuel,WR,"BUF 13 @ MIA 30, Final","TGT,REC,21 REC YD",$10,2.9,2.60,148,2025-11-10 16:27:28,Week 10,Sunday
Bryce Young,QB,"NO 17 @ CAR 7, Final","124 PASS YD,INT,2 RUSH ATT,6 RUSH YD,FUM LOST",$24,11.6,2.56,149,2025-11-10 16:27:29,Week 10,Sunday
Kendrick Bourne,WR,"LA 42 @ SF 26, Final","TGT,REC,19 REC YD",$13,7.1,2.40,150,2025-11-10 16:27:29,Week 10,Sunday
Skyy Moore,WR,"LA 42 @ SF 26, Final","TGT,REC,18 REC YD",$10,0.9,2.30,151,2025-11-10 16:27:29,Week 10,Sunday
Cedric Tillman,WR,"CLE 20 @ NYJ 27, Final","4 TGT,2 REC,11 REC YD",$16,6.0,2.10,152,2025-11-10 16:27:29,Week 10,Sunday
New England Patriots,DEF,"NE 28 @ TB 23, Final","23 PTS ALLOWED,2 SACK",$15,7.9,2.00,153,2025-11-10 16:27:29,Week 10,Sunday
Tampa Bay Buccaneers,DEF,"NE 28 @ TB 23, Final","28 PTS ALLOWED,SACK,INT",$16,7.8,2.00,154,2025-11-10 16:27:29,Week 10,Sunday
Taysom Hill,TE,"NO 17 @ CAR 7, Final","7 RUSH ATT,20 RUSH YD,TGT",$10,2.5,2.00,155,2025-11-10 16:27:29,Week 10,Sunday
Devaughn Vele,WR,"NO 17 @ CAR 7, Final","3 TGT,REC,15 REC YD",$10,2.1,2.00,156,2025-11-10 16:27:29,Week 10,Sunday
Chuba Hubbard,RB,"NO 17 @ CAR 7, Final","3 RUSH ATT,14 RUSH YD,TGT,REC,REC YD",$20,8.6,2.00,157,2025-11-10 16:27:29,Week 10,Sunday
Detroit Lions,DEF,"DET 44 @ WAS 22, Final","22 PTS ALLOWED,2 SACK",$15,7.6,2.00,158,2025-11-10 16:27:29,Week 10,Sunday
Zaire Mitchell-Paden,TE,"NO 17 @ CAR 7, Final","TGT,REC,14 REC YD",$10,0.9,1.90,159,2025-11-10 16:27:29,Week 10,Sunday
Xavier Smith,WR,"LA 42 @ SF 26, Final","TGT,REC,14 REC YD",$10,1.2,1.90,160,2025-11-10 16:27:29,Week 10,Sunday
T.J. Hockenson,TE,"BAL 27 @ MIN 19, Final","2 TGT,2 REC,8 REC YD",$15,5.7,1.80,161,2025-11-10 16:27:29,Week 10,Sunday
Elijah Moore,WR,"BUF 13 @ MIA 30, Final","RUSH ATT,-1 RUSH YD,2 TGT,2 REC,9 REC YD",$10,3.0,1.80,162,2025-11-10 16:27:29,Week 10,Sunday
Kyle Juszczyk,RB,"LA 42 @ SF 26, Final","2 TGT,2 REC,8 REC YD",$10,2.7,1.80,163,2025-11-10 16:27:29,Week 10,Sunday
Jaylen Wright,RB,"BUF 13 @ MIA 30, Final","5 RUSH ATT,17 RUSH YD",$10,1.7,1.70,164,2025-11-10 16:27:29,Week 10,Sunday
Isaiah Davis,RB,"CLE 20 @ NYJ 27, Final","3 RUSH ATT,10 RUSH YD,TGT,REC,REC YD",$11,3.7,1.60,165,2025-11-10 16:27:29,Week 10,Sunday
Isaac TeSlaa,WR,"DET 44 @ WAS 22, Final","TGT,REC,11 REC YD",$10,3.4,1.60,166,2025-11-10 16:27:29,Week 10,Sunday
Bhayshul Tuten,RB,"JAC 29 @ HOU 36, Final","4 RUSH ATT,5 RUSH YD,2 TGT,REC,5 REC YD",$12,4.9,1.50,167,2025-11-10 16:27:29,Week 10,Sunday
Hunter Henry,TE,"NE 28 @ TB 23, Final","4 TGT,REC,9 REC YD",$15,7.7,1.40,168,2025-11-10 16:27:29,Week 10,Sunday
Arian Smith,WR,"CLE 20 @ NYJ 27, Final","RUSH ATT,13 RUSH YD",$10,1.0,1.30,169,2025-11-10 16:27:29,Week 10,Sunday
Daniel Bellinger,TE,"NYG 20 @ CHI 24, Final","2 TGT,REC,8 REC YD",$10,4.6,1.30,170,2025-11-10 16:27:29,Week 10,Sunday
Nick Westbrook-Ikhine,WR,"BUF 13 @ MIA 30, Final","TGT,REC,7 REC YD",$11,1.6,1.20,171,2025-11-10 16:27:29,Week 10,Sunday
Kameron Johnson,WR,"NE 28 @ TB 23, Final","RUSH ATT,11 RUSH YD,TGT",$10,1.7,1.10,172,2025-11-10 16:27:29,Week 10,Sunday
LeQuint Allen Jr.,RB,"JAC 29 @ HOU 36, Final","TGT,REC,6 REC YD",$10,1.2,1.10,173,2025-11-10 16:27:29,Week 10,Sunday
John Bates,TE,"DET 44 @ WAS 22, Final","2 TGT,REC,6 REC YD",$10,1.8,1.10,174,2025-11-10 16:27:29,Week 10,Sunday
Minnesota Vikings,DEF,"BAL 27 @ MIN 19, Final","27 PTS ALLOWED,SACK",$12,6.7,1.00,175,2025-11-10 16:27:30,Week 10,Sunday
Olamide Zaccheaus,WR,"NYG 20 @ CHI 24, Final","4 TGT,REC,5 REC YD",$13,5.5,1.00,176,2025-11-10 16:27:30,Week 10,Sunday
Cole Kmet,TE,"NYG 20 @ CHI 24, Final","2 TGT,REC,5 REC YD",$10,3.3,1.00,177,2025-11-10 16:27:30,Week 10,Sunday
Elijah Arroyo,TE,"ARI 22 @ SEA 44, Final","TGT,REC,5 REC YD",$10,3.2,1.00,178,2025-11-10 16:27:30,Week 10,Sunday
Mason Taylor,TE,"CLE 20 @ NYJ 27, Final","2 TGT,REC,4 REC YD",$13,5.3,0.90,179,2025-11-10 16:27:30,Week 10,Sunday
Christian Kirk,WR,"JAC 29 @ HOU 36, Final","3 TGT,REC,3 REC YD",$17,4.3,0.80,180,2025-11-10 16:27:30,Week 10,Sunday
Alec Ingold,RB,"BUF 13 @ MIA 30, Final","RUSH ATT,6 RUSH YD",$10,1.2,0.60,181,2025-11-10 16:27:30,Week 10,Sunday
Terrell JenningsQ,RB,"NE 28 @ TB 23, Final","4 RUSH ATT,5 RUSH YD",$10,3.7,0.50,182,2025-11-10 16:27:30,Week 10,Sunday
Jeremy Ruckert,TE,"CLE 20 @ NYJ 27, Final","TGT,REC",$10,2.6,0.50,183,2025-11-10 16:27:30,Week 10,Sunday
Dylan Sampson,RB,"CLE 20 @ NYJ 27, Final","2 RUSH ATT,-4 RUSH YD,TGT,REC,3 REC YD",$10,3.9,0.40,184,2025-11-10 16:27:30,Week 10,Sunday
Mitchell Trubisky,QB,"BUF 13 @ MIA 30, Final","RUSH ATT,4 RUSH YD",$20,0.8,0.40,185,2025-11-10 16:27:30,Week 10,Sunday
Sione Vaki,RB,"DET 44 @ WAS 22, Final","RUSH ATT,4 RUSH YD",$10,0.1,0.40,186,2025-11-10 16:27:30,Week 10,Sunday
Patrick Ricard,RB,"BAL 27 @ MIN 19, Final","RUSH ATT,3 RUSH YD",$10,0.2,0.30,187,2025-11-10 16:27:30,Week 10,Sunday
Ray Davis,RB,"BUF 13 @ MIA 30, Final","2 RUSH ATT,-2 RUSH YD,2 TGT,REC",$10,1.6,0.30,188,2025-11-10 16:27:30,Week 10,Sunday
AJ Barner,TE,"ARI 22 @ SEA 44, Final","2 RUSH ATT,3 RUSH YD",$15,7.2,0.30,189,2025-11-10 16:27:30,Week 10,Sunday
Jerome Ford,RB,"CLE 20 @ NYJ 27, Final","RUSH ATT,RUSH YD,TGT",$11,2.8,0.10,190,2025-11-10 16:27:30,Week 10,Sunday
John Metchie III,WR,"CLE 20 @ NYJ 27, Final","RUSH ATT,-7 RUSH YD,TGT,REC,3 REC YD",$10,0.8,0.10,191,2025-11-10 16:27:30,Week 10,Sunday
Cooper Rush,QB,"BAL 27 @ MIN 19, Final",,$20,1.4,0.00,192,2025-11-10 16:27:30,Week 10,Sunday
Tylan Wallace,WR,"BAL 27 @ MIN 19, Final",,$10,1.6,0.00,193,2025-11-10 16:27:30,Week 10,Sunday
Devontez Walker,WR,"BAL 27 @ MIN 19, Final",,$10,6.5,0.00,194,2025-11-10 16:27:30,Week 10,Sunday
Rasheen Ali,RB,"BAL 27 @ MIN 19, Final",,$10,0.1,0.00,195,2025-11-10 16:27:30,Week 10,Sunday
LaJohntay Wester,WR,"BAL 27 @ MIN 19, Final",,$10,—,0.00,196,2025-11-10 16:27:30,Week 10,Sunday
C.J. Ham,RB,"BAL 27 @ MIN 19, Final",,$10,0.3,0.00,197,2025-11-10 16:27:30,Week 10,Sunday
Josh OliverO,TE,"BAL 27 @ MIN 19, Final",,$10,4.1,0.00,198,2025-11-10 16:27:30,Week 10,Sunday
Zavier Scott,RB,"BAL 27 @ MIN 19, Final",,$10,3.9,0.00,199,2025-11-10 16:27:30,Week 10,Sunday
Tai Felton,WR,"BAL 27 @ MIN 19, Final",,$10,0.4,0.00,200,2025-11-10 16:27:30,Week 10,Sunday
Gavin BartholomewPUP,TE,"BAL 27 @ MIN 19, Final",,$10,—,0.00,201,2025-11-10 16:27:31,Week 10,Sunday
Max Brosmer,QB,"BAL 27 @ MIN 19, Final",,$20,0.5,0.00,202,2025-11-10 16:27:31,Week 10,Sunday
Myles Price,WR,"BAL 27 @ MIN 19, Final",,$10,—,0.00,203,2025-11-10 16:27:31,Week 10,Sunday
Ben Yurosek,TE,"BAL 27 @ MIN 19, Final",,$10,0.3,0.00,204,2025-11-10 16:27:31,Week 10,Sunday
Tyler Huntley,QB,"BAL 27 @ MIN 19, Final",,$20,11.7,0.00,205,2025-11-10 16:27:31,Week 10,Sunday
Ben Sims,TE,"BAL 27 @ MIN 19, Final",,$10,1.5,0.00,206,2025-11-10 16:27:31,Week 10,Sunday
Ty ChandlerIR,RB,"BAL 27 @ MIN 19, Final",,$10,—,0.00,207,2025-11-10 16:27:31,Week 10,Sunday
Austin Hooper,TE,"NE 28 @ TB 23, Final",TGT,$10,3.3,0.00,208,2025-11-10 16:27:31,Week 10,Sunday
Joshua Dobbs,QB,"NE 28 @ TB 23, Final",,$20,0.0,0.00,209,2025-11-10 16:27:31,Week 10,Sunday
Rhamondre StevensonO,RB,"NE 28 @ TB 23, Final",,$18,8.4,0.00,210,2025-11-10 16:27:31,Week 10,Sunday
Kayshon BoutteO,WR,"NE 28 @ TB 23, Final",,$21,9.4,0.00,211,2025-11-10 16:27:31,Week 10,Sunday
Tommy DeVitoO,QB,"NE 28 @ TB 23, Final",,$20,6.7,0.00,212,2025-11-10 16:27:31,Week 10,Sunday
Jack Westover,RB,"NE 28 @ TB 23, Final",TGT,$10,—,0.00,213,2025-11-10 16:27:31,Week 10,Sunday
Efton Chism III,WR,"NE 28 @ TB 23, Final",,$10,—,0.00,214,2025-11-10 16:27:31,Week 10,Sunday
Teddy Bridgewater,QB,"NE 28 @ TB 23, Final",,$20,-0.1,0.00,215,2025-11-10 16:27:31,Week 10,Sunday
Chris Godwin Jr.O,WR,"NE 28 @ TB 23, Final",,$22,4.1,0.00,216,2025-11-10 16:27:31,Week 10,Sunday
Payne Durham,TE,"NE 28 @ TB 23, Final",TGT,$10,—,0.00,217,2025-11-10 16:27:31,Week 10,Sunday
Ryan Miller,WR,"NE 28 @ TB 23, Final",,$10,1.7,0.00,218,2025-11-10 16:27:31,Week 10,Sunday
Bucky IrvingO,RB,"NE 28 @ TB 23, Final",,$30,15.6,0.00,219,2025-11-10 16:27:31,Week 10,Sunday
Devin Culp,TE,"NE 28 @ TB 23, Final",,$10,5.7,0.00,220,2025-11-10 16:27:31,Week 10,Sunday
Josh Williams,RB,"NE 28 @ TB 23, Final",,$10,0.6,0.00,221,2025-11-10 16:27:31,Week 10,Sunday
Jalen McMillanIR,WR,"NE 28 @ TB 23, Final",,$19,—,0.00,222,2025-11-10 16:27:31,Week 10,Sunday
Tim Patrick,WR,"JAC 29 @ HOU 36, Final",,$10,2.4,0.00,223,2025-11-10 16:27:31,Week 10,Sunday
Nick Mullens,QB,"JAC 29 @ HOU 36, Final",,$20,0.3,0.00,224,2025-11-10 16:27:31,Week 10,Sunday
Hunter LongO,TE,"JAC 29 @ HOU 36, Final",,$10,3.8,0.00,225,2025-11-10 16:27:31,Week 10,Sunday
Dyami Brown,WR,"JAC 29 @ HOU 36, Final",TGT,$16,5.0,0.00,226,2025-11-10 16:27:31,Week 10,Sunday
Quintin Morris,TE,"JAC 29 @ HOU 36, Final",,$10,—,0.00,227,2025-11-10 16:27:32,Week 10,Sunday
Brian Thomas Jr.O,WR,"JAC 29 @ HOU 36, Final",,$26,8.8,0.00,228,2025-11-10 16:27:32,Week 10,Sunday
Cody SchraderO,RB,"JAC 29 @ HOU 36, Final",,$10,0.7,0.00,229,2025-11-10 16:27:32,Week 10,Sunday
Travis HunterIR,WR,"JAC 29 @ HOU 36, Final",,$16,7.1,0.00,230,2025-11-10 16:27:32,Week 10,Sunday
Dare Ogunbowale,RB,"JAC 29 @ HOU 36, Final",,$10,0.6,0.00,231,2025-11-10 16:27:32,Week 10,Sunday
Braxton Berrios,WR,"JAC 29 @ HOU 36, Final",,$10,1.7,0.00,232,2025-11-10 16:27:32,Week 10,Sunday
Harrison Bryant,TE,"JAC 29 @ HOU 36, Final",,$10,0.3,0.00,233,2025-11-10 16:27:32,Week 10,Sunday
Dameon Pierce,RB,"JAC 29 @ HOU 36, Final",,$10,0.7,0.00,234,2025-11-10 16:27:32,Week 10,Sunday
C.J. StroudO,QB,"JAC 29 @ HOU 36, Final",,$27,15.7,0.00,235,2025-11-10 16:27:32,Week 10,Sunday
Tank DellPUP,WR,"JAC 29 @ HOU 36, Final",,$11,8.2,0.00,236,2025-11-10 16:27:32,Week 10,Sunday
Xavier Hutchinson,WR,"JAC 29 @ HOU 36, Final",,$13,6.4,0.00,237,2025-11-10 16:27:32,Week 10,Sunday
British Brooks,RB,"JAC 29 @ HOU 36, Final",,$10,0.5,0.00,238,2025-11-10 16:27:32,Week 10,Sunday
Graham Mertz,QB,"JAC 29 @ HOU 36, Final",,$20,—,0.00,239,2025-11-10 16:27:32,Week 10,Sunday
Jakob JohnsonIR,RB,"JAC 29 @ HOU 36, Final",,$10,—,0.00,240,2025-11-10 16:27:32,Week 10,Sunday
Tim Jones,WR,"JAC 29 @ HOU 36, Final",,$10,1.0,0.00,241,2025-11-10 16:27:32,Week 10,Sunday
Cade StoverIR,TE,"JAC 29 @ HOU 36, Final",,$10,4.2,0.00,242,2025-11-10 16:27:32,Week 10,Sunday
Justin WatsonIR,WR,"JAC 29 @ HOU 36, Final",,$10,—,0.00,243,2025-11-10 16:27:32,Week 10,Sunday
Deshaun WatsonPUP,QB,"CLE 20 @ NYJ 27, Final",,$20,11.4,0.00,244,2025-11-10 16:27:32,Week 10,Sunday
Blake Whiteheart,TE,"CLE 20 @ NYJ 27, Final",,$10,0.3,0.00,245,2025-11-10 16:27:32,Week 10,Sunday
Jamari Thrash,WR,"CLE 20 @ NYJ 27, Final",TGT,$10,2.0,0.00,246,2025-11-10 16:27:32,Week 10,Sunday
Shedeur Sanders,QB,"CLE 20 @ NYJ 27, Final",,$20,—,0.00,247,2025-11-10 16:27:32,Week 10,Sunday
Raheim Sanders,RB,"CLE 20 @ NYJ 27, Final",,$10,6.3,0.00,248,2025-11-10 16:27:32,Week 10,Sunday
Gage Larvadain,WR,"CLE 20 @ NYJ 27, Final",,$10,0.7,0.00,249,2025-11-10 16:27:32,Week 10,Sunday
Isaiah BondO,WR,"CLE 20 @ NYJ 27, Final",,$10,2.7,0.00,250,2025-11-10 16:27:32,Week 10,Sunday
Tyrod Taylor,QB,"CLE 20 @ NYJ 27, Final",,$20,10.1,0.00,251,2025-11-10 16:27:32,Week 10,Sunday
Allen LazardO,WR,"CLE 20 @ NYJ 27, Final",,$10,2.8,0.00,252,2025-11-10 16:27:32,Week 10,Sunday
Andrew Beck,RB,"CLE 20 @ NYJ 27, Final",,$10,1.5,0.00,253,2025-11-10 16:27:33,Week 10,Sunday
Tyler Johnson,WR,"CLE 20 @ NYJ 27, Final",TGT,$10,4.2,0.00,254,2025-11-10 16:27:33,Week 10,Sunday
Khalil HerbertO,RB,"CLE 20 @ NYJ 27, Final",,$10,—,0.00,255,2025-11-10 16:27:33,Week 10,Sunday
Garrett WilsonQ,WR,"CLE 20 @ NYJ 27, Final",3 TGT,$28,11.6,0.00,256,2025-11-10 16:27:33,Week 10,Sunday
Jelani WoodsO,TE,"CLE 20 @ NYJ 27, Final",,$10,—,0.00,257,2025-11-10 16:27:33,Week 10,Sunday
Irvin CharlesPUP,WR,"CLE 20 @ NYJ 27, Final",,$10,—,0.00,258,2025-11-10 16:27:33,Week 10,Sunday
Stone Smartt,TE,"CLE 20 @ NYJ 27, Final",,$10,—,0.00,259,2025-11-10 16:27:33,Week 10,Sunday
Brenden Bates,TE,"CLE 20 @ NYJ 27, Final",,$10,3.3,0.00,260,2025-11-10 16:27:33,Week 10,Sunday
DeAndre CarterIR,WR,"CLE 20 @ NYJ 27, Final",,$10,—,0.00,261,2025-11-10 16:27:33,Week 10,Sunday
Brandin Cooks,WR,"NO 17 @ CAR 7, Final",,$10,2.9,0.00,262,2025-11-10 16:27:33,Week 10,Sunday
Jack StollO,TE,"NO 17 @ CAR 7, Final",,$10,2.1,0.00,263,2025-11-10 16:27:33,Week 10,Sunday
Rashid Shaheed,WR,"NO 17 @ CAR 7, Final",,$22,8.5,0.00,264,2025-11-10 16:27:33,Week 10,Sunday
Spencer Rattler,QB,"NO 17 @ CAR 7, Final",,$20,13.0,0.00,265,2025-11-10 16:27:33,Week 10,Sunday
Mason Tipton,WR,"NO 17 @ CAR 7, Final",,$10,—,0.00,266,2025-11-10 16:27:33,Week 10,Sunday
Andy Dalton,QB,"NO 17 @ CAR 7, Final",,$20,2.6,0.00,267,2025-11-10 16:27:33,Week 10,Sunday
Hunter Renfrow,WR,"NO 17 @ CAR 7, Final",,$10,4.7,0.00,268,2025-11-10 16:27:33,Week 10,Sunday
Tommy Tremble,TE,"NO 17 @ CAR 7, Final",,$10,3.1,0.00,269,2025-11-10 16:27:33,Week 10,Sunday
James Mitchell,TE,"NO 17 @ CAR 7, Final",,$10,2.2,0.00,270,2025-11-10 16:27:33,Week 10,Sunday
Brycen TremayneO,WR,"NO 17 @ CAR 7, Final",,$10,2.1,0.00,271,2025-11-10 16:27:33,Week 10,Sunday
Xavier Legette,WR,"NO 17 @ CAR 7, Final",TGT,$15,5.0,0.00,272,2025-11-10 16:27:33,Week 10,Sunday
Jonathon BrooksPUP,RB,"NO 17 @ CAR 7, Final",,$10,2.0,0.00,273,2025-11-10 16:27:33,Week 10,Sunday
Trevor Etienne,RB,"NO 17 @ CAR 7, Final",,$10,1.1,0.00,274,2025-11-10 16:27:33,Week 10,Sunday
Mitchell Evans,TE,"NO 17 @ CAR 7, Final",TGT,$10,3.6,0.00,275,2025-11-10 16:27:33,Week 10,Sunday
Jimmy Horn Jr.,WR,"NO 17 @ CAR 7, Final",,$10,2.8,0.00,276,2025-11-10 16:27:33,Week 10,Sunday
Mike White,QB,"NO 17 @ CAR 7, Final",,$20,1.1,0.00,277,2025-11-10 16:27:33,Week 10,Sunday
Trey PalmerIR,WR,"NO 17 @ CAR 7, Final",,$10,1.9,0.00,278,2025-11-10 16:27:33,Week 10,Sunday
Chris Manhertz,TE,"NYG 20 @ CHI 24, Final",,$10,0.6,0.00,279,2025-11-10 16:27:34,Week 10,Sunday
Jameis WinstonO,QB,"NYG 20 @ CHI 24, Final",,$20,13.0,0.00,280,2025-11-10 16:27:34,Week 10,Sunday
Gunner Olszewski,WR,"NYG 20 @ CHI 24, Final",2 TGT,$10,0.9,0.00,281,2025-11-10 16:27:34,Week 10,Sunday
Jalin Hyatt,WR,"NYG 20 @ CHI 24, Final",,$10,0.8,0.00,282,2025-11-10 16:27:34,Week 10,Sunday
Eric GrayPUP,RB,"NYG 20 @ CHI 24, Final",,$10,—,0.00,283,2025-11-10 16:27:34,Week 10,Sunday
Thomas Fidone II,TE,"NYG 20 @ CHI 24, Final",,$10,—,0.00,284,2025-11-10 16:27:34,Week 10,Sunday
Beaux CollinsIR,WR,"NYG 20 @ CHI 24, Final",,$10,0.9,0.00,285,2025-11-10 16:27:34,Week 10,Sunday
Case Keenum,QB,"NYG 20 @ CHI 24, Final",,$20,—,0.00,286,2025-11-10 16:27:34,Week 10,Sunday
DJ Moore,WR,"NYG 20 @ CHI 24, Final",4 TGT,$25,8.3,0.00,287,2025-11-10 16:27:34,Week 10,Sunday
Durham Smythe,TE,"NYG 20 @ CHI 24, Final",,$10,0.8,0.00,288,2025-11-10 16:27:34,Week 10,Sunday
Travis Homer,RB,"NYG 20 @ CHI 24, Final",,$10,—,0.00,289,2025-11-10 16:27:34,Week 10,Sunday
Devin Duvernay,WR,"NYG 20 @ CHI 24, Final",,$10,0.1,0.00,290,2025-11-10 16:27:34,Week 10,Sunday
Roschon Johnson,RB,"NYG 20 @ CHI 24, Final",,$10,0.3,0.00,291,2025-11-10 16:27:34,Week 10,Sunday
Tyson Bagent,QB,"NYG 20 @ CHI 24, Final",,$20,1.3,0.00,292,2025-11-10 16:27:34,Week 10,Sunday
Jahdae WalkerO,WR,"NYG 20 @ CHI 24, Final",,$10,—,0.00,293,2025-11-10 16:27:34,Week 10,Sunday
New York Giants,DEF,"NYG 20 @ CHI 24, Final",24 PTS ALLOWED,$10,2.6,0.00,294,2025-11-10 16:27:34,Week 10,Sunday
Brittain Brown,RB,"NYG 20 @ CHI 24, Final",,$12,9.7,0.00,295,2025-11-10 16:27:34,Week 10,Sunday
Reggie Gilliam,RB,"BUF 13 @ MIA 30, Final",,$10,—,0.00,296,2025-11-10 16:27:34,Week 10,Sunday
Joshua PalmerO,WR,"BUF 13 @ MIA 30, Final",,$13,5.1,0.00,297,2025-11-10 16:27:34,Week 10,Sunday
Cedrick Wilson Jr.,WR,"BUF 13 @ MIA 30, Final",,$10,1.0,0.00,298,2025-11-10 16:27:34,Week 10,Sunday
Zach Wilson,QB,"BUF 13 @ MIA 30, Final",,$20,0.8,0.00,299,2025-11-10 16:27:34,Week 10,Sunday
Dee EskridgeO,WR,"BUF 13 @ MIA 30, Final",,$10,0.8,0.00,300,2025-11-10 16:27:34,Week 10,Sunday
Tanner Conner,TE,"BUF 13 @ MIA 30, Final",,$10,1.7,0.00,301,2025-11-10 16:27:34,Week 10,Sunday
Julian HillO,TE,"BUF 13 @ MIA 30, Final",,$10,2.1,0.00,302,2025-11-10 16:27:34,Week 10,Sunday
Tahj Washington,WR,"BUF 13 @ MIA 30, Final",,$10,-0.4,0.00,303,2025-11-10 16:27:34,Week 10,Sunday
Quinn EwersO,QB,"BUF 13 @ MIA 30, Final",,$20,2.1,0.00,304,2025-11-10 16:27:34,Week 10,Sunday
Zay JonesQ,WR,"ARI 22 @ SEA 44, Final",TGT,$10,3.5,0.00,305,2025-11-10 16:27:35,Week 10,Sunday
Kyler MurrayIR,QB,"ARI 22 @ SEA 44, Final",,$30,16.2,0.00,306,2025-11-10 16:27:35,Week 10,Sunday
Josiah Deguara,TE,"ARI 22 @ SEA 44, Final",,$10,—,0.00,307,2025-11-10 16:27:35,Week 10,Sunday
Simi FehokoQ,WR,"ARI 22 @ SEA 44, Final",,$10,—,0.00,308,2025-11-10 16:27:35,Week 10,Sunday
Xavier WeaverO,WR,"ARI 22 @ SEA 44, Final",,$10,—,0.00,309,2025-11-10 16:27:35,Week 10,Sunday
Kedon Slovis,QB,"ARI 22 @ SEA 44, Final",,$20,—,0.00,310,2025-11-10 16:27:35,Week 10,Sunday
Dareke YoungIR,WR,"ARI 22 @ SEA 44, Final",,$10,1.0,0.00,311,2025-11-10 16:27:35,Week 10,Sunday
Jake BoboO,WR,"ARI 22 @ SEA 44, Final",,$10,1.5,0.00,312,2025-11-10 16:27:35,Week 10,Sunday
Brady Russell,RB,"ARI 22 @ SEA 44, Final",,$10,—,0.00,313,2025-11-10 16:27:35,Week 10,Sunday
Jalen MilroeO,QB,"ARI 22 @ SEA 44, Final",,$20,-0.5,0.00,314,2025-11-10 16:27:35,Week 10,Sunday
Tory HortonO,WR,"ARI 22 @ SEA 44, Final",,$14,7.3,0.00,315,2025-11-10 16:27:35,Week 10,Sunday
Nick Kallerup,TE,"ARI 22 @ SEA 44, Final",TGT,$10,—,0.00,316,2025-11-10 16:27:35,Week 10,Sunday
Eric SaubertIR,TE,"ARI 22 @ SEA 44, Final",,$10,0.3,0.00,317,2025-11-10 16:27:35,Week 10,Sunday
Robbie Ouzts,RB,"ARI 22 @ SEA 44, Final",,$10,—,0.00,318,2025-11-10 16:27:35,Week 10,Sunday
Trey BensonIR,RB,"ARI 22 @ SEA 44, Final",,$17,7.2,0.00,319,2025-11-10 16:27:35,Week 10,Sunday
Jimmy Garoppolo,QB,"LA 42 @ SF 26, Final",,$20,-0.1,0.00,320,2025-11-10 16:27:35,Week 10,Sunday
Stetson Bennett IVO,QB,"LA 42 @ SF 26, Final",,$20,—,0.00,321,2025-11-10 16:27:35,Week 10,Sunday
Jordan Whittington,WR,"LA 42 @ SF 26, Final",,$10,2.8,0.00,322,2025-11-10 16:27:35,Week 10,Sunday
Jarquez HunterO,RB,"LA 42 @ SF 26, Final",,$10,—,0.00,323,2025-11-10 16:27:35,Week 10,Sunday
Konata Mumpfield,WR,"LA 42 @ SF 26, Final",2 TGT,$10,1.6,0.00,324,2025-11-10 16:27:35,Week 10,Sunday
Brandon AiyukPUP,WR,"LA 42 @ SF 26, Final",,$14,7.1,0.00,325,2025-11-10 16:27:35,Week 10,Sunday
Brock PurdyO,QB,"LA 42 @ SF 26, Final",,$30,19.2,0.00,326,2025-11-10 16:27:35,Week 10,Sunday
Jake Tonges,TE,"LA 42 @ SF 26, Final",,$10,8.5,0.00,327,2025-11-10 16:27:35,Week 10,Sunday
Adrian Martinez,QB,"LA 42 @ SF 26, Final",,$20,-0.1,0.00,328,2025-11-10 16:27:35,Week 10,Sunday
Ricky PearsallO,WR,"LA 42 @ SF 26, Final",,$21,8.5,0.00,329,2025-11-10 16:27:35,Week 10,Sunday
Isaac Guerendo,RB,"LA 42 @ SF 26, Final",,$10,—,0.00,330,2025-11-10 16:27:35,Week 10,Sunday
Jordan Watkins,WR,"LA 42 @ SF 26, Final",,$10,1.8,0.00,331,2025-11-10 16:27:36,Week 10,Sunday
Jordan JamesO,RB,"LA 42 @ SF 26, Final",,$10,—,0.00,332,2025-11-10 16:27:36,Week 10,Sunday
Jacob CowingIR,WR,"LA 42 @ SF 26, Final",,$10,—,0.00,333,2025-11-10 16:27:36,Week 10,Sunday
Ross Dwelley,TE,"DET 44 @ WAS 22, Final",TGT,$10,—,0.00,334,2025-11-10 16:27:36,Week 10,Sunday
Craig Reynolds,RB,"DET 44 @ WAS 22, Final",,$10,0.1,0.00,335,2025-11-10 16:27:36,Week 10,Sunday
Brock Wright,TE,"DET 44 @ WAS 22, Final",TGT,$10,4.7,0.00,336,2025-11-10 16:27:36,Week 10,Sunday
Jacob SaylorsO,RB,"DET 44 @ WAS 22, Final",,$10,0.2,0.00,337,2025-11-10 16:27:36,Week 10,Sunday
Dominic Lovett,WR,"DET 44 @ WAS 22, Final",,$10,—,0.00,338,2025-11-10 16:27:36,Week 10,Sunday
Josh Johnson,QB,"DET 44 @ WAS 22, Final",,$20,0.2,0.00,339,2025-11-10 16:27:36,Week 10,Sunday
Chris Moore,WR,"DET 44 @ WAS 22, Final",,$10,3.4,0.00,340,2025-11-10 16:27:36,Week 10,Sunday
Terry McLaurinO,WR,"DET 44 @ WAS 22, Final",,$20,8.2,0.00,341,2025-11-10 16:27:36,Week 10,Sunday
Jayden DanielsO,QB,"DET 44 @ WAS 22, Final",,$33,18.9,0.00,342,2025-11-10 16:27:36,Week 10,Sunday
Luke McCaffreyIR,WR,"DET 44 @ WAS 22, Final",,$10,5.1,0.00,343,2025-11-10 16:27:36,Week 10,Sunday
Colson Yankoff,TE,"DET 44 @ WAS 22, Final",,$10,—,0.00,344,2025-11-10 16:27:36,Week 10,Sunday
Kyle Allen,QB,"DET 44 @ WAS 22, Final","RUSH ATT,-1 RUSH YD",$20,-0.2,-0.10,345,2025-11-10 16:27:36,Week 10,Sunday
Ollie Gordon II,RB,"BUF 13 @ MIA 30, Final","RUSH ATT,-3 RUSH YD",$11,3.0,-0.30,346,2025-11-10 16:27:36,Week 10,Sunday
Drew Lock,QB,"ARI 22 @ SEA 44, Final","4 RUSH ATT,-4 RUSH YD",$20,0.0,-0.40,347,2025-11-10 16:27:36,Week 10,Sunday
Washington Commanders,DEF,"DET 44 @ WAS 22, Final","44 PTS ALLOWED,BLK KICK",$10,4.3,-2.00,348,2025-11-10 16:27:36,Week 10,Sunday
San Francisco 49ers,DEF,"LA 42 @ SF 26, Final","42 PTS ALLOWED,SACK",$10,3.5,-3.00,349,2025-11-10 16:27:36,Week 10,Sunday
De'Von Achane,RB,"BUF 13 @ MIA 30, Final","22 RUSH ATT,174 RUSH YD,2 RUSH TD,6 TGT,6 REC,51 REC YD",$37,18.9,37.50,1,2025-11-10 16:27:53,Week 10,Sunday
Davis Mills,QB,"JAC 29 @ HOU 36, Final","292 PASS YD,2 PASS TD,INT,3 RUSH ATT,20 RUSH YD,RUSH TD,2PT",$20,12.0,28.68,2,2025-11-10 16:27:53,Week 10,Sunday
TreVeyon Henderson,RB,"NE 28 @ TB 23, Final","14 RUSH ATT,147 RUSH YD,2 RUSH TD,TGT,REC,3 REC YD",$17,8.3,27.50,3,2025-11-10 16:27:53,Week 10,Sunday
Jaxson DartQ,QB,"NYG 20 @ CHI 24, Final","242 PASS YD,6 RUSH ATT,66 RUSH YD,2 RUSH TD,FUM LOST",$34,18.2,26.28,4,2025-11-10 16:27:53,Week 10,Sunday
Caleb Williams,QB,"NYG 20 @ CHI 24, Final","220 PASS YD,PASS TD,8 RUSH ATT,63 RUSH YD,RUSH TD",$37,20.6,25.10,5,2025-11-10 16:27:53,Week 10,Sunday
Baker Mayfield,QB,"NE 28 @ TB 23, Final","273 PASS YD,3 PASS TD",$35,18.4,22.92,6,2025-11-10 16:27:53,Week 10,Sunday
Jalen Nailor,WR,"BAL 27 @ MIN 19, Final","6 TGT,5 REC,124 REC YD,REC TD",$11,6.1,20.90,7,2025-11-10 16:27:53,Week 10,Sunday
Emeka Egbuka,WR,"NE 28 @ TB 23, Final","13 TGT,6 REC,115 REC YD,REC TD",$31,14.1,20.50,8,2025-11-10 16:27:53,Week 10,Sunday
Josh Allen,QB,"BUF 13 @ MIA 30, Final","306 PASS YD,2 PASS TD,INT,4 RUSH ATT,31 RUSH YD,FUM LOST",$45,23.3,20.34,9,2025-11-10 16:27:53,Week 10,Sunday
Dillon Gabriel,QB,"CLE 20 @ NYJ 27, Final","167 PASS YD,2 PASS TD,5 RUSH ATT,54 RUSH YD",$21,9.9,20.08,10,2025-11-10 16:27:53,Week 10,Sunday
Drake Maye,QB,"NE 28 @ TB 23, Final","270 PASS YD,2 PASS TD,INT,7 RUSH ATT,13 RUSH YD",$40,21.2,19.10,11,2025-11-10 16:27:53,Week 10,Sunday
Nico Collins,WR,"JAC 29 @ HOU 36, Final","15 TGT,7 REC,136 REC YD,2PT",$30,11.7,19.10,12,2025-11-10 16:27:53,Week 10,Sunday
Breece Hall,RB,"CLE 20 @ NYJ 27, Final","21 RUSH ATT,83 RUSH YD,TGT,REC,42 REC YD,REC TD",$29,13.3,19.00,13,2025-11-10 16:27:53,Week 10,Sunday
New York Jets,DEF,"CLE 20 @ NYJ 27, Final","20 PTS ALLOWED,6 SACK,2 RET TD",$10,4.4,19.00,14,2025-11-10 16:27:53,Week 10,Sunday
Tyler Shough,QB,"NO 17 @ CAR 7, Final","282 PASS YD,2 PASS TD,4 RUSH ATT,-3 RUSH YD",$20,8.6,18.98,15,2025-11-10 16:27:53,Week 10,Sunday
Chris Olave,WR,"NO 17 @ CAR 7, Final","8 TGT,5 REC,104 REC YD,REC TD",$26,11.9,18.90,16,2025-11-10 16:27:53,Week 10,Sunday
Tez Johnson,WR,"NE 28 @ TB 23, Final","5 TGT,4 REC,42 REC YD,2 REC TD",$14,7.5,18.20,17,2025-11-10 16:27:53,Week 10,Sunday
Rome Odunze,WR,"NYG 20 @ CHI 24, Final","10 TGT,6 REC,86 REC YD,REC TD",$23,12.3,17.60,18,2025-11-10 16:27:53,Week 10,Sunday
Juwan Johnson,TE,"NO 17 @ CAR 7, Final","4 TGT,4 REC,92 REC YD,REC TD",$15,8.7,17.20,19,2025-11-10 16:27:53,Week 10,Sunday
Jaylen Waddle,WR,"BUF 13 @ MIA 30, Final","7 TGT,5 REC,84 REC YD,REC TD",$28,12.0,16.90,20,2025-11-10 16:27:53,Week 10,Sunday
Jerry Jeudy,WR,"CLE 20 @ NYJ 27, Final","12 TGT,6 REC,78 REC YD,REC TD",$15,5.9,16.80,21,2025-11-10 16:27:53,Week 10,Sunday
J.J. McCarthy,QB,"BAL 27 @ MIN 19, Final","248 PASS YD,PASS TD,2 INT,5 RUSH ATT,48 RUSH YD",$29,16.2,16.72,22,2025-11-10 16:27:53,Week 10,Sunday
Lamar Jackson,QB,"BAL 27 @ MIN 19, Final","176 PASS YD,PASS TD,9 RUSH ATT,36 RUSH YD,2PT",$45,22.8,16.64,23,2025-11-10 16:27:53,Week 10,Sunday
Parker Washington,WR,"JAC 29 @ HOU 36, Final","2 RUSH ATT,-4 RUSH YD,7 TGT,3 REC,33 REC YD,REC TD,PRTD",$16,7.9,16.40,24,2025-11-10 16:27:53,Week 10,Sunday
Woody Marks,RB,"JAC 29 @ HOU 36, Final","14 RUSH ATT,63 RUSH YD,RUSH TD,3 TGT,2 REC,18 REC YD",$18,8.9,15.10,25,2025-11-10 16:27:54,Week 10,Sunday
Dalton Schultz,TE,"JAC 29 @ HOU 36, Final","11 TGT,7 REC,53 REC YD,REC TD",$16,8.0,14.80,26,2025-11-10 16:27:54,Week 10,Sunday
Travis Etienne Jr.,RB,"JAC 29 @ HOU 36, Final","16 RUSH ATT,58 RUSH YD,RUSH TD,4 TGT,2 REC,19 REC YD",$24,12.6,14.70,27,2025-11-10 16:27:54,Week 10,Sunday
Aaron Jones Sr.,RB,"BAL 27 @ MIN 19, Final","9 RUSH ATT,47 RUSH YD,RUSH TD,6 TGT,3 REC,22 REC YD",$21,9.1,14.40,28,2025-11-10 16:27:54,Week 10,Sunday
Houston Texans,DEF,"JAC 29 @ HOU 36, Final","29 PTS ALLOWED,5 SACK,INT,FUM REC,TD",$18,9.8,14.00,29,2025-11-10 16:27:54,Week 10,Sunday
Rico Dowdle,RB,"NO 17 @ CAR 7, Final","18 RUSH ATT,53 RUSH YD,RUSH TD,3 TGT,3 REC,10 REC YD",$33,13.8,13.80,30,2025-11-10 16:27:54,Week 10,Sunday
Kyle Williams,WR,"NE 28 @ TB 23, Final","2 TGT,REC,72 REC YD,REC TD",$10,2.4,13.70,31,2025-11-10 16:27:54,Week 10,Sunday
Mack Hollins,WR,"NE 28 @ TB 23, Final","10 TGT,6 REC,106 REC YD",$11,6.4,13.60,32,2025-11-10 16:27:54,Week 10,Sunday
Stefon Diggs,WR,"NE 28 @ TB 23, Final","8 TGT,5 REC,46 REC YD,REC TD",$26,9.8,13.10,33,2025-11-10 16:27:54,Week 10,Sunday
Alvin Kamara,RB,"NO 17 @ CAR 7, Final","22 RUSH ATT,83 RUSH YD,3 TGT,3 REC,32 REC YD",$21,8.2,13.00,34,2025-11-10 16:27:54,Week 10,Sunday
Miami Dolphins,DEF,"BUF 13 @ MIA 30, Final","13 PTS ALLOWED,3 SACK,INT,2 FUM REC",$10,4.9,13.00,35,2025-11-10 16:27:54,Week 10,Sunday
Tua Tagovailoa,QB,"BUF 13 @ MIA 30, Final","173 PASS YD,2 PASS TD,2 INT,2 RUSH ATT,-1 RUSH YD",$28,13.7,12.82,36,2025-11-10 16:27:54,Week 10,Sunday
Cade Otton,TE,"NE 28 @ TB 23, Final","12 TGT,9 REC,82 REC YD",$11,6.6,12.70,37,2025-11-10 16:27:54,Week 10,Sunday
Jayden Higgins,WR,"JAC 29 @ HOU 36, Final","7 TGT,5 REC,42 REC YD,REC TD",$12,5.3,12.70,38,2025-11-10 16:27:54,Week 10,Sunday
D'Andre Swift,RB,"NYG 20 @ CHI 24, Final","13 RUSH ATT,80 RUSH YD,8 TGT,5 REC,18 REC YD",$31,14.4,12.30,39,2025-11-10 16:27:54,Week 10,Sunday
Keon Coleman,WR,"BUF 13 @ MIA 30, Final","8 TGT,3 REC,46 REC YD,REC TD",$14,7.2,12.10,40,2025-11-10 16:27:54,Week 10,Sunday
New Orleans Saints,DEF,"NO 17 @ CAR 7, Final","7 PTS ALLOWED,2 SACK,INT,FUM REC,BLK KICK",$10,5.6,12.00,41,2025-11-10 16:27:54,Week 10,Sunday
Jacksonville Jaguars,DEF,"JAC 29 @ HOU 36, Final","30 PTS ALLOWED,2 SACK,INT,FUM REC,RET TD",$11,7.2,11.00,42,2025-11-10 16:27:54,Week 10,Sunday
Theo Johnson,TE,"NYG 20 @ CHI 24, Final","8 TGT,7 REC,75 REC YD",$16,7.8,11.00,43,2025-11-10 16:27:54,Week 10,Sunday
Darius Slayton,WR,"NYG 20 @ CHI 24, Final","4 TGT,4 REC,89 REC YD",$18,5.5,10.90,44,2025-11-10 16:27:54,Week 10,Sunday
Trevor Lawrence,QB,"JAC 29 @ HOU 36, Final","158 PASS YD,PASS TD,INT,5 RUSH ATT,35 RUSH YD,FUM LOST",$36,16.7,10.82,45,2025-11-10 16:27:54,Week 10,Sunday
Zay Flowers,WR,"BAL 27 @ MIN 19, Final","RUSH ATT,6 RUSH YD,6 TGT,4 REC,75 REC YD",$27,10.5,10.10,46,2025-11-10 16:27:54,Week 10,Sunday
Derrick Henry,RB,"BAL 27 @ MIN 19, Final","20 RUSH ATT,75 RUSH YD,3 TGT,3 REC,9 REC YD",$34,12.5,9.90,47,2025-11-10 16:27:54,Week 10,Sunday
Quinshon Judkins,RB,"CLE 20 @ NYJ 27, Final","22 RUSH ATT,75 RUSH YD,3 TGT,2 REC,10 REC YD",$28,12.5,9.50,48,2025-11-10 16:27:54,Week 10,Sunday
Khalil Shakir,WR,"BUF 13 @ MIA 30, Final","9 TGT,7 REC,58 REC YD",$24,9.6,9.30,49,2025-11-10 16:27:55,Week 10,Sunday
Wan'Dale Robinson,WR,"NYG 20 @ CHI 24, Final","11 TGT,6 REC,62 REC YD",$25,9.9,9.20,50,2025-11-10 16:27:55,Week 10,Sunday
David Njoku,TE,"CLE 20 @ NYJ 27, Final","2 TGT,2 REC,21 REC YD,REC TD",$17,7.6,9.10,51,2025-11-10 16:27:55,Week 10,Sunday
Jackson Hawes,TE,"BUF 13 @ MIA 30, Final","2 TGT,REC,26 REC YD,REC TD",$10,3.9,9.10,52,2025-11-10 16:27:55,Week 10,Sunday
Mark Andrews,TE,"BAL 27 @ MIN 19, Final","5 TGT,3 REC,14 REC YD,REC TD",$15,7.7,8.90,53,2025-11-10 16:27:55,Week 10,Sunday
Devin Singletary,RB,"NYG 20 @ CHI 24, Final","8 RUSH ATT,20 RUSH YD,3 TGT,3 REC,53 REC YD",$10,2.8,8.80,54,2025-11-10 16:27:55,Week 10,Sunday
Kyle Monangai,RB,"NYG 20 @ CHI 24, Final","7 RUSH ATT,28 RUSH YD,RUSH TD,TGT",$18,7.1,8.80,55,2025-11-10 16:27:55,Week 10,Sunday
Tetairoa McMillan,WR,"NO 17 @ CAR 7, Final","8 TGT,5 REC,60 REC YD",$25,9.7,8.50,56,2025-11-10 16:27:55,Week 10,Sunday
Malik Washington,WR,"BUF 13 @ MIA 30, Final","RUSH ATT,4 RUSH YD,3 TGT,2 REC,9 REC YD,REC TD",$14,5.8,8.30,57,2025-11-10 16:27:55,Week 10,Sunday
James Cook III,RB,"BUF 13 @ MIA 30, Final","13 RUSH ATT,53 RUSH YD,5 TGT,5 REC,24 REC YD,FUM LOST",$39,17.0,8.20,58,2025-11-10 16:27:55,Week 10,Sunday
Baltimore Ravens,DEF,"BAL 27 @ MIN 19, Final","19 PTS ALLOWED,SACK,2 INT,FUM REC",$11,3.9,8.00,59,2025-11-10 16:27:55,Week 10,Sunday
Justin Fields,QB,"CLE 20 @ NYJ 27, Final","54 PASS YD,PASS TD,INT,7 RUSH ATT,28 RUSH YD",$29,15.5,7.96,60,2025-11-10 16:27:55,Week 10,Sunday
Rachaad White,RB,"NE 28 @ TB 23, Final","10 RUSH ATT,38 RUSH YD,5 TGT,5 REC,16 REC YD",$19,9.2,7.90,61,2025-11-10 16:27:55,Week 10,Sunday
Justice Hill,RB,"BAL 27 @ MIN 19, Final","RUSH ATT,RUSH YD,RUSH TD,2 TGT,REC,12 REC YD",$10,6.1,7.80,62,2025-11-10 16:27:55,Week 10,Sunday
Tyrone Tracy Jr.,RB,"NYG 20 @ CHI 24, Final","14 RUSH ATT,71 RUSH YD,2 TGT,REC",$16,5.8,7.60,63,2025-11-10 16:27:55,Week 10,Sunday
Colston Loveland,TE,"NYG 20 @ CHI 24, Final","4 TGT,4 REC,55 REC YD",$13,6.4,7.50,64,2025-11-10 16:27:55,Week 10,Sunday
Chicago Bears,DEF,"NYG 20 @ CHI 24, Final","20 PTS ALLOWED,4 SACK,FUM REC",$14,7.0,7.00,65,2025-11-10 16:27:55,Week 10,Sunday
Isaiah Williams,WR,"CLE 20 @ NYJ 27, Final","TGT,REC,4 REC YD,PRTD",$10,2.3,6.90,66,2025-11-10 16:27:55,Week 10,Sunday
Luther Burden III,WR,"NYG 20 @ CHI 24, Final","3 TGT,3 REC,51 REC YD",$10,4.6,6.60,67,2025-11-10 16:27:55,Week 10,Sunday
Harold Fannin Jr.,TE,"CLE 20 @ NYJ 27, Final","7 TGT,4 REC,44 REC YD",$16,8.1,6.40,68,2025-11-10 16:27:55,Week 10,Sunday
Kene Nwangwu,RB,"CLE 20 @ NYJ 27, Final",KRTD,$10,1.5,6.00,69,2025-11-10 16:27:55,Week 10,Sunday
Justin Jefferson,WR,"BAL 27 @ MIN 19, Final","12 TGT,4 REC,37 REC YD",$33,11.8,5.70,70,2025-11-10 16:27:55,Week 10,Sunday
Nick Chubb,RB,"JAC 29 @ HOU 36, Final","5 RUSH ATT,47 RUSH YD,TGT,REC,5 REC YD",$14,7.1,5.70,71,2025-11-10 16:27:55,Week 10,Sunday
Ja'Tavion Sanders,TE,"NO 17 @ CAR 7, Final","5 TGT,5 REC,32 REC YD",$10,3.5,5.70,72,2025-11-10 16:27:55,Week 10,Sunday
Sean Tucker,RB,"NE 28 @ TB 23, Final","9 RUSH ATT,53 RUSH YD,2 TGT,REC,-2 REC YD",$10,3.0,5.60,73,2025-11-10 16:27:55,Week 10,Sunday
Jaylin Noel,WR,"JAC 29 @ HOU 36, Final","4 TGT,4 REC,35 REC YD",$10,3.9,5.50,74,2025-11-10 16:27:55,Week 10,Sunday
Dawson Knox,TE,"BUF 13 @ MIA 30, Final","4 TGT,3 REC,37 REC YD",$10,3.4,5.20,75,2025-11-10 16:27:56,Week 10,Sunday
Jordan Addison,WR,"BAL 27 @ MIN 19, Final","11 TGT,3 REC,35 REC YD",$26,11.0,5.00,76,2025-11-10 16:27:56,Week 10,Sunday
Cleveland Browns,DEF,"CLE 20 @ NYJ 27, Final","27 PTS ALLOWED,3 SACK,INT",$16,7.0,5.00,77,2025-11-10 16:27:56,Week 10,Sunday
Carolina Panthers,DEF,"NO 17 @ CAR 7, Final","17 PTS ALLOWED,2 SACK,FUM REC",$13,5.6,5.00,78,2025-11-10 16:27:56,Week 10,Sunday
Dalton KincaidQ,TE,"BUF 13 @ MIA 30, Final","3 TGT,2 REC,37 REC YD",$19,10.4,4.70,79,2025-11-10 16:27:56,Week 10,Sunday
Sterling Shepard,WR,"NE 28 @ TB 23, Final","RUSH ATT,11 RUSH YD,4 TGT,3 REC,20 REC YD",$11,5.5,4.60,80,2025-11-10 16:27:56,Week 10,Sunday
Devin Neal,RB,"NO 17 @ CAR 7, Final","4 RUSH ATT,22 RUSH YD,3 TGT,3 REC,9 REC YD",$10,2.0,4.60,81,2025-11-10 16:27:56,Week 10,Sunday
DeMario Douglas,WR,"NE 28 @ TB 23, Final","RUSH ATT,2 TGT,2 REC,34 REC YD",$15,6.5,4.40,82,2025-11-10 16:27:56,Week 10,Sunday
Austin Trammell,WR,"JAC 29 @ HOU 36, Final","3 TGT,2 REC,33 REC YD",$10,2.2,4.30,83,2025-11-10 16:27:56,Week 10,Sunday
Jordan Mason,RB,"BAL 27 @ MIN 19, Final","4 RUSH ATT,25 RUSH YD,TGT,REC,6 REC YD",$20,8.5,3.60,84,2025-11-10 16:27:56,Week 10,Sunday
Jalen Coker,WR,"NO 17 @ CAR 7, Final","4 TGT,3 REC,21 REC YD",$11,2.5,3.60,85,2025-11-10 16:27:56,Week 10,Sunday
Ty Johnson,RB,"BUF 13 @ MIA 30, Final","RUSH ATT,2 RUSH YD,2 TGT,2 REC,24 REC YD",$10,2.4,3.60,86,2025-11-10 16:27:56,Week 10,Sunday
Rashod Bateman,WR,"BAL 27 @ MIN 19, Final","2 TGT,REC,10 REC YD,2PT",$15,4.6,3.50,87,2025-11-10 16:27:56,Week 10,Sunday
Malachi Corley,WR,"CLE 20 @ NYJ 27, Final","2 RUSH ATT,32 RUSH YD,TGT",$10,2.5,3.20,88,2025-11-10 16:27:56,Week 10,Sunday
Keaton Mitchell,RB,"BAL 27 @ MIN 19, Final","4 RUSH ATT,31 RUSH YD",$10,2.3,3.10,89,2025-11-10 16:27:56,Week 10,Sunday
Russell Wilson,QB,"NYG 20 @ CHI 24, Final","45 PASS YD,2 RUSH ATT,12 RUSH YD",$20,8.8,3.00,90,2025-11-10 16:27:56,Week 10,Sunday
Buffalo Bills,DEF,"BUF 13 @ MIA 30, Final","30 PTS ALLOWED,2 INT",$16,5.9,3.00,91,2025-11-10 16:27:56,Week 10,Sunday
Tyrell Shavers,WR,"BUF 13 @ MIA 30, Final","TGT,REC,24 REC YD",$10,1.7,2.90,92,2025-11-10 16:27:56,Week 10,Sunday
Charlie Kolar,TE,"BAL 27 @ MIN 19, Final","2 TGT,REC,23 REC YD",$10,3.5,2.80,93,2025-11-10 16:27:56,Week 10,Sunday
Isaiah Likely,TE,"BAL 27 @ MIN 19, Final","5 TGT,2 REC,17 REC YD",$10,3.1,2.70,94,2025-11-10 16:27:56,Week 10,Sunday
Greg Dulcich,TE,"BUF 13 @ MIA 30, Final","4 TGT,REC,22 REC YD",$10,5.1,2.70,95,2025-11-10 16:27:56,Week 10,Sunday
DeAndre Hopkins,WR,"BAL 27 @ MIN 19, Final","3 TGT,2 REC,16 REC YD",$10,4.3,2.60,96,2025-11-10 16:27:56,Week 10,Sunday
Adam Thielen,WR,"BAL 27 @ MIN 19, Final","3 TGT,2 REC,16 REC YD",$10,1.7,2.60,97,2025-11-10 16:27:56,Week 10,Sunday
Johnny Mundt,TE,"JAC 29 @ HOU 36, Final","2 TGT,REC,21 REC YD",$10,1.2,2.60,98,2025-11-10 16:27:56,Week 10,Sunday
Foster Moreau,TE,"NO 17 @ CAR 7, Final","3 TGT,2 REC,16 REC YD",$10,1.3,2.60,99,2025-11-10 16:27:57,Week 10,Sunday
Curtis Samuel,WR,"BUF 13 @ MIA 30, Final","TGT,REC,21 REC YD",$10,2.9,2.60,100,2025-11-10 16:27:57,Week 10,Sunday
Bryce Young,QB,"NO 17 @ CAR 7, Final","124 PASS YD,INT,2 RUSH ATT,6 RUSH YD,FUM LOST",$24,11.6,2.56,101,2025-11-10 16:27:57,Week 10,Sunday
Cedric Tillman,WR,"CLE 20 @ NYJ 27, Final","4 TGT,2 REC,11 REC YD",$16,6.0,2.10,102,2025-11-10 16:27:57,Week 10,Sunday
New England Patriots,DEF,"NE 28 @ TB 23, Final","23 PTS ALLOWED,2 SACK",$15,7.9,2.00,103,2025-11-10 16:27:57,Week 10,Sunday
Tampa Bay Buccaneers,DEF,"NE 28 @ TB 23, Final","28 PTS ALLOWED,SACK,INT",$16,7.8,2.00,104,2025-11-10 16:27:57,Week 10,Sunday
Taysom Hill,TE,"NO 17 @ CAR 7, Final","7 RUSH ATT,20 RUSH YD,TGT",$10,2.5,2.00,105,2025-11-10 16:27:57,Week 10,Sunday
Devaughn Vele,WR,"NO 17 @ CAR 7, Final","3 TGT,REC,15 REC YD",$10,2.1,2.00,106,2025-11-10 16:27:57,Week 10,Sunday
Chuba Hubbard,RB,"NO 17 @ CAR 7, Final","3 RUSH ATT,14 RUSH YD,TGT,REC,REC YD",$20,8.6,2.00,107,2025-11-10 16:27:57,Week 10,Sunday
Zaire Mitchell-Paden,TE,"NO 17 @ CAR 7, Final","TGT,REC,14 REC YD",$10,0.9,1.90,108,2025-11-10 16:27:57,Week 10,Sunday
T.J. Hockenson,TE,"BAL 27 @ MIN 19, Final","2 TGT,2 REC,8 REC YD",$15,5.7,1.80,109,2025-11-10 16:27:57,Week 10,Sunday
Elijah Moore,WR,"BUF 13 @ MIA 30, Final","RUSH ATT,-1 RUSH YD,2 TGT,2 REC,9 REC YD",$10,3.0,1.80,110,2025-11-10 16:27:57,Week 10,Sunday
Jaylen Wright,RB,"BUF 13 @ MIA 30, Final","5 RUSH ATT,17 RUSH YD",$10,1.7,1.70,111,2025-11-10 16:27:57,Week 10,Sunday
Isaiah Davis,RB,"CLE 20 @ NYJ 27, Final","3 RUSH ATT,10 RUSH YD,TGT,REC,REC YD",$11,3.7,1.60,112,2025-11-10 16:27:57,Week 10,Sunday
Bhayshul Tuten,RB,"JAC 29 @ HOU 36, Final","4 RUSH ATT,5 RUSH YD,2 TGT,REC,5 REC YD",$12,4.9,1.50,113,2025-11-10 16:27:57,Week 10,Sunday
Hunter Henry,TE,"NE 28 @ TB 23, Final","4 TGT,REC,9 REC YD",$15,7.7,1.40,114,2025-11-10 16:27:57,Week 10,Sunday
Arian Smith,WR,"CLE 20 @ NYJ 27, Final","RUSH ATT,13 RUSH YD",$10,1.0,1.30,115,2025-11-10 16:27:57,Week 10,Sunday
Daniel Bellinger,TE,"NYG 20 @ CHI 24, Final","2 TGT,REC,8 REC YD",$10,4.6,1.30,116,2025-11-10 16:27:57,Week 10,Sunday
Nick Westbrook-Ikhine,WR,"BUF 13 @ MIA 30, Final","TGT,REC,7 REC YD",$11,1.6,1.20,117,2025-11-10 16:27:57,Week 10,Sunday
Kameron Johnson,WR,"NE 28 @ TB 23, Final","RUSH ATT,11 RUSH YD,TGT",$10,1.7,1.10,118,2025-11-10 16:27:57,Week 10,Sunday
LeQuint Allen Jr.,RB,"JAC 29 @ HOU 36, Final","TGT,REC,6 REC YD",$10,1.2,1.10,119,2025-11-10 16:27:57,Week 10,Sunday
Minnesota Vikings,DEF,"BAL 27 @ MIN 19, Final","27 PTS ALLOWED,SACK",$12,6.7,1.00,120,2025-11-10 16:27:57,Week 10,Sunday
Olamide Zaccheaus,WR,"NYG 20 @ CHI 24, Final","4 TGT,REC,5 REC YD",$13,5.5,1.00,121,2025-11-10 16:27:57,Week 10,Sunday
Cole Kmet,TE,"NYG 20 @ CHI 24, Final","2 TGT,REC,5 REC YD",$10,3.3,1.00,122,2025-11-10 16:27:57,Week 10,Sunday
Mason Taylor,TE,"CLE 20 @ NYJ 27, Final","2 TGT,REC,4 REC YD",$13,5.3,0.90,123,2025-11-10 16:27:57,Week 10,Sunday
Christian Kirk,WR,"JAC 29 @ HOU 36, Final","3 TGT,REC,3 REC YD",$17,4.3,0.80,124,2025-11-10 16:27:58,Week 10,Sunday
Alec Ingold,RB,"BUF 13 @ MIA 30, Final","RUSH ATT,6 RUSH YD",$10,1.2,0.60,125,2025-11-10 16:27:58,Week 10,Sunday
Terrell JenningsQ,RB,"NE 28 @ TB 23, Final","4 RUSH ATT,5 RUSH YD",$10,3.7,0.50,126,2025-11-10 16:27:58,Week 10,Sunday
Jeremy Ruckert,TE,"CLE 20 @ NYJ 27, Final","TGT,REC",$10,2.6,0.50,127,2025-11-10 16:27:58,Week 10,Sunday
Dylan Sampson,RB,"CLE 20 @ NYJ 27, Final","2 RUSH ATT,-4 RUSH YD,TGT,REC,3 REC YD",$10,3.9,0.40,128,2025-11-10 16:27:58,Week 10,Sunday
Mitchell Trubisky,QB,"BUF 13 @ MIA 30, Final","RUSH ATT,4 RUSH YD",$20,0.8,0.40,129,2025-11-10 16:27:58,Week 10,Sunday
Patrick Ricard,RB,"BAL 27 @ MIN 19, Final","RUSH ATT,3 RUSH YD",$10,0.2,0.30,130,2025-11-10 16:27:58,Week 10,Sunday
Ray Davis,RB,"BUF 13 @ MIA 30, Final","2 RUSH ATT,-2 RUSH YD,2 TGT,REC",$10,1.6,0.30,131,2025-11-10 16:27:58,Week 10,Sunday
Jerome Ford,RB,"CLE 20 @ NYJ 27, Final","RUSH ATT,RUSH YD,TGT",$11,2.8,0.10,132,2025-11-10 16:27:58,Week 10,Sunday
John Metchie III,WR,"CLE 20 @ NYJ 27, Final","RUSH ATT,-7 RUSH YD,TGT,REC,3 REC YD",$10,0.8,0.10,133,2025-11-10 16:27:58,Week 10,Sunday
Cooper Rush,QB,"BAL 27 @ MIN 19, Final",,$20,1.4,0.00,134,2025-11-10 16:27:58,Week 10,Sunday
Tylan Wallace,WR,"BAL 27 @ MIN 19, Final",,$10,1.6,0.00,135,2025-11-10 16:27:58,Week 10,Sunday
Devontez Walker,WR,"BAL 27 @ MIN 19, Final",,$10,6.5,0.00,136,2025-11-10 16:27:58,Week 10,Sunday
Rasheen Ali,RB,"BAL 27 @ MIN 19, Final",,$10,0.1,0.00,137,2025-11-10 16:27:58,Week 10,Sunday
LaJohntay Wester,WR,"BAL 27 @ MIN 19, Final",,$10,—,0.00,138,2025-11-10 16:27:58,Week 10,Sunday
C.J. Ham,RB,"BAL 27 @ MIN 19, Final",,$10,0.3,0.00,139,2025-11-10 16:27:58,Week 10,Sunday
Josh OliverO,TE,"BAL 27 @ MIN 19, Final",,$10,4.1,0.00,140,2025-11-10 16:27:58,Week 10,Sunday
Zavier Scott,RB,"BAL 27 @ MIN 19, Final",,$10,3.9,0.00,141,2025-11-10 16:27:58,Week 10,Sunday
Tai Felton,WR,"BAL 27 @ MIN 19, Final",,$10,0.4,0.00,142,2025-11-10 16:27:58,Week 10,Sunday
Gavin BartholomewPUP,TE,"BAL 27 @ MIN 19, Final",,$10,—,0.00,143,2025-11-10 16:27:58,Week 10,Sunday
Max Brosmer,QB,"BAL 27 @ MIN 19, Final",,$20,0.5,0.00,144,2025-11-10 16:27:58,Week 10,Sunday
Myles Price,WR,"BAL 27 @ MIN 19, Final",,$10,—,0.00,145,2025-11-10 16:27:58,Week 10,Sunday
Ben Yurosek,TE,"BAL 27 @ MIN 19, Final",,$10,0.3,0.00,146,2025-11-10 16:27:58,Week 10,Sunday
Tyler Huntley,QB,"BAL 27 @ MIN 19, Final",,$20,11.7,0.00,147,2025-11-10 16:27:58,Week 10,Sunday
Ben Sims,TE,"BAL 27 @ MIN 19, Final",,$10,1.5,0.00,148,2025-11-10 16:27:59,Week 10,Sunday
Ty ChandlerIR,RB,"BAL 27 @ MIN 19, Final",,$10,—,0.00,149,2025-11-10 16:27:59,Week 10,Sunday
Austin Hooper,TE,"NE 28 @ TB 23, Final",TGT,$10,3.3,0.00,150,2025-11-10 16:27:59,Week 10,Sunday
Joshua Dobbs,QB,"NE 28 @ TB 23, Final",,$20,0.0,0.00,151,2025-11-10 16:27:59,Week 10,Sunday
Rhamondre StevensonO,RB,"NE 28 @ TB 23, Final",,$18,8.4,0.00,152,2025-11-10 16:27:59,Week 10,Sunday
Kayshon BoutteO,WR,"NE 28 @ TB 23, Final",,$21,9.4,0.00,153,2025-11-10 16:27:59,Week 10,Sunday
Tommy DeVitoO,QB,"NE 28 @ TB 23, Final",,$20,6.7,0.00,154,2025-11-10 16:27:59,Week 10,Sunday
Jack Westover,RB,"NE 28 @ TB 23, Final",TGT,$10,—,0.00,155,2025-11-10 16:27:59,Week 10,Sunday
Efton Chism III,WR,"NE 28 @ TB 23, Final",,$10,—,0.00,156,2025-11-10 16:27:59,Week 10,Sunday
Teddy Bridgewater,QB,"NE 28 @ TB 23, Final",,$20,-0.1,0.00,157,2025-11-10 16:27:59,Week 10,Sunday
Chris Godwin Jr.O,WR,"NE 28 @ TB 23, Final",,$22,4.1,0.00,158,2025-11-10 16:27:59,Week 10,Sunday
Payne Durham,TE,"NE 28 @ TB 23, Final",TGT,$10,—,0.00,159,2025-11-10 16:27:59,Week 10,Sunday
Ryan Miller,WR,"NE 28 @ TB 23, Final",,$10,1.7,0.00,160,2025-11-10 16:27:59,Week 10,Sunday
Bucky IrvingO,RB,"NE 28 @ TB 23, Final",,$30,15.6,0.00,161,2025-11-10 16:27:59,Week 10,Sunday
Devin Culp,TE,"NE 28 @ TB 23, Final",,$10,5.7,0.00,162,2025-11-10 16:27:59,Week 10,Sunday
Josh Williams,RB,"NE 28 @ TB 23, Final",,$10,0.6,0.00,163,2025-11-10 16:27:59,Week 10,Sunday
Jalen McMillanIR,WR,"NE 28 @ TB 23, Final",,$19,—,0.00,164,2025-11-10 16:27:59,Week 10,Sunday
Tim Patrick,WR,"JAC 29 @ HOU 36, Final",,$10,2.4,0.00,165,2025-11-10 16:27:59,Week 10,Sunday
Nick Mullens,QB,"JAC 29 @ HOU 36, Final",,$20,0.3,0.00,166,2025-11-10 16:27:59,Week 10,Sunday
Hunter LongO,TE,"JAC 29 @ HOU 36, Final",,$10,3.8,0.00,167,2025-11-10 16:27:59,Week 10,Sunday
Dyami Brown,WR,"JAC 29 @ HOU 36, Final",TGT,$16,5.0,0.00,168,2025-11-10 16:27:59,Week 10,Sunday
Quintin Morris,TE,"JAC 29 @ HOU 36, Final",,$10,—,0.00,169,2025-11-10 16:27:59,Week 10,Sunday
Brian Thomas Jr.O,WR,"JAC 29 @ HOU 36, Final",,$26,8.8,0.00,170,2025-11-10 16:27:59,Week 10,Sunday
Cody SchraderO,RB,"JAC 29 @ HOU 36, Final",,$10,0.7,0.00,171,2025-11-10 16:27:59,Week 10,Sunday
Travis HunterIR,WR,"JAC 29 @ HOU 36, Final",,$16,7.1,0.00,172,2025-11-10 16:27:59,Week 10,Sunday
Dare Ogunbowale,RB,"JAC 29 @ HOU 36, Final",,$10,0.6,0.00,173,2025-11-10 16:27:59,Week 10,Sunday
Braxton Berrios,WR,"JAC 29 @ HOU 36, Final",,$10,1.7,0.00,174,2025-11-10 16:28:00,Week 10,Sunday
Harrison Bryant,TE,"JAC 29 @ HOU 36, Final",,$10,0.3,0.00,175,2025-11-10 16:28:00,Week 10,Sunday
Dameon Pierce,RB,"JAC 29 @ HOU 36, Final",,$10,0.7,0.00,176,2025-11-10 16:28:00,Week 10,Sunday
C.J. StroudO,QB,"JAC 29 @ HOU 36, Final",,$27,15.7,0.00,177,2025-11-10 16:28:00,Week 10,Sunday
Tank DellPUP,WR,"JAC 29 @ HOU 36, Final",,$11,8.2,0.00,178,2025-11-10 16:28:00,Week 10,Sunday
Xavier Hutchinson,WR,"JAC 29 @ HOU 36, Final",,$13,6.4,0.00,179,2025-11-10 16:28:00,Week 10,Sunday
British Brooks,RB,"JAC 29 @ HOU 36, Final",,$10,0.5,0.00,180,2025-11-10 16:28:00,Week 10,Sunday
Graham Mertz,QB,"JAC 29 @ HOU 36, Final",,$20,—,0.00,181,2025-11-10 16:28:00,Week 10,Sunday
Jakob JohnsonIR,RB,"JAC 29 @ HOU 36, Final",,$10,—,0.00,182,2025-11-10 16:28:00,Week 10,Sunday
Tim Jones,WR,"JAC 29 @ HOU 36, Final",,$10,1.0,0.00,183,2025-11-10 16:28:00,Week 10,Sunday
Cade StoverIR,TE,"JAC 29 @ HOU 36, Final",,$10,4.2,0.00,184,2025-11-10 16:28:00,Week 10,Sunday
Justin WatsonIR,WR,"JAC 29 @ HOU 36, Final",,$10,—,0.00,185,2025-11-10 16:28:00,Week 10,Sunday
Deshaun WatsonPUP,QB,"CLE 20 @ NYJ 27, Final",,$20,11.4,0.00,186,2025-11-10 16:28:00,Week 10,Sunday
Blake Whiteheart,TE,"CLE 20 @ NYJ 27, Final",,$10,0.3,0.00,187,2025-11-10 16:28:00,Week 10,Sunday
Jamari Thrash,WR,"CLE 20 @ NYJ 27, Final",TGT,$10,2.0,0.00,188,2025-11-10 16:28:00,Week 10,Sunday
Shedeur Sanders,QB,"CLE 20 @ NYJ 27, Final",,$20,—,0.00,189,2025-11-10 16:28:00,Week 10,Sunday
Raheim Sanders,RB,"CLE 20 @ NYJ 27, Final",,$10,6.3,0.00,190,2025-11-10 16:28:00,Week 10,Sunday
Gage Larvadain,WR,"CLE 20 @ NYJ 27, Final",,$10,0.7,0.00,191,2025-11-10 16:28:00,Week 10,Sunday
Isaiah BondO,WR,"CLE 20 @ NYJ 27, Final",,$10,2.7,0.00,192,2025-11-10 16:28:00,Week 10,Sunday
Tyrod Taylor,QB,"CLE 20 @ NYJ 27, Final",,$20,10.1,0.00,193,2025-11-10 16:28:00,Week 10,Sunday
Allen LazardO,WR,"CLE 20 @ NYJ 27, Final",,$10,2.8,0.00,194,2025-11-10 16:28:00,Week 10,Sunday
Andrew Beck,RB,"CLE 20 @ NYJ 27, Final",,$10,1.5,0.00,195,2025-11-10 16:28:00,Week 10,Sunday
Tyler Johnson,WR,"CLE 20 @ NYJ 27, Final",TGT,$10,4.2,0.00,196,2025-11-10 16:28:00,Week 10,Sunday
Khalil HerbertO,RB,"CLE 20 @ NYJ 27, Final",,$10,—,0.00,197,2025-11-10 16:28:00,Week 10,Sunday
Garrett WilsonQ,WR,"CLE 20 @ NYJ 27, Final",3 TGT,$28,11.6,0.00,198,2025-11-10 16:28:00,Week 10,Sunday
Jelani WoodsO,TE,"CLE 20 @ NYJ 27, Final",,$10,—,0.00,199,2025-11-10 16:28:01,Week 10,Sunday
Irvin CharlesPUP,WR,"CLE 20 @ NYJ 27, Final",,$10,—,0.00,200,2025-11-10 16:28:01,Week 10,Sunday
Stone Smartt,TE,"CLE 20 @ NYJ 27, Final",,$10,—,0.00,201,2025-11-10 16:28:01,Week 10,Sunday
Brenden Bates,TE,"CLE 20 @ NYJ 27, Final",,$10,3.3,0.00,202,2025-11-10 16:28:01,Week 10,Sunday
DeAndre CarterIR,WR,"CLE 20 @ NYJ 27, Final",,$10,—,0.00,203,2025-11-10 16:28:01,Week 10,Sunday
Brandin Cooks,WR,"NO 17 @ CAR 7, Final",,$10,2.9,0.00,204,2025-11-10 16:28:01,Week 10,Sunday
Jack StollO,TE,"NO 17 @ CAR 7, Final",,$10,2.1,0.00,205,2025-11-10 16:28:01,Week 10,Sunday
Rashid Shaheed,WR,"NO 17 @ CAR 7, Final",,$22,8.5,0.00,206,2025-11-10 16:28:01,Week 10,Sunday
Spencer Rattler,QB,"NO 17 @ CAR 7, Final",,$20,13.0,0.00,207,2025-11-10 16:28:01,Week 10,Sunday
Mason Tipton,WR,"NO 17 @ CAR 7, Final",,$10,—,0.00,208,2025-11-10 16:28:01,Week 10,Sunday
Andy Dalton,QB,"NO 17 @ CAR 7, Final",,$20,2.6,0.00,209,2025-11-10 16:28:01,Week 10,Sunday
Hunter Renfrow,WR,"NO 17 @ CAR 7, Final",,$10,4.7,0.00,210,2025-11-10 16:28:01,Week 10,Sunday
Tommy Tremble,TE,"NO 17 @ CAR 7, Final",,$10,3.1,0.00,211,2025-11-10 16:28:01,Week 10,Sunday
James Mitchell,TE,"NO 17 @ CAR 7, Final",,$10,2.2,0.00,212,2025-11-10 16:28:01,Week 10,Sunday
Brycen TremayneO,WR,"NO 17 @ CAR 7, Final",,$10,2.1,0.00,213,2025-11-10 16:28:01,Week 10,Sunday
Xavier Legette,WR,"NO 17 @ CAR 7, Final",TGT,$15,5.0,0.00,214,2025-11-10 16:28:01,Week 10,Sunday
Jonathon BrooksPUP,RB,"NO 17 @ CAR 7, Final",,$10,2.0,0.00,215,2025-11-10 16:28:01,Week 10,Sunday
Trevor Etienne,RB,"NO 17 @ CAR 7, Final",,$10,1.1,0.00,216,2025-11-10 16:28:01,Week 10,Sunday
Mitchell Evans,TE,"NO 17 @ CAR 7, Final",TGT,$10,3.6,0.00,217,2025-11-10 16:28:01,Week 10,Sunday
Jimmy Horn Jr.,WR,"NO 17 @ CAR 7, Final",,$10,2.8,0.00,218,2025-11-10 16:28:01,Week 10,Sunday
Mike White,QB,"NO 17 @ CAR 7, Final",,$20,1.1,0.00,219,2025-11-10 16:28:01,Week 10,Sunday
Trey PalmerIR,WR,"NO 17 @ CAR 7, Final",,$10,1.9,0.00,220,2025-11-10 16:28:01,Week 10,Sunday
Chris Manhertz,TE,"NYG 20 @ CHI 24, Final",,$10,0.6,0.00,221,2025-11-10 16:28:01,Week 10,Sunday
Jameis WinstonO,QB,"NYG 20 @ CHI 24, Final",,$20,13.0,0.00,222,2025-11-10 16:28:01,Week 10,Sunday
Gunner Olszewski,WR,"NYG 20 @ CHI 24, Final",2 TGT,$10,0.9,0.00,223,2025-11-10 16:28:01,Week 10,Sunday
Jalin Hyatt,WR,"NYG 20 @ CHI 24, Final",,$10,0.8,0.00,224,2025-11-10 16:28:01,Week 10,Sunday
Eric GrayPUP,RB,"NYG 20 @ CHI 24, Final",,$10,—,0.00,225,2025-11-10 16:28:02,Week 10,Sunday
Thomas Fidone II,TE,"NYG 20 @ CHI 24, Final",,$10,—,0.00,226,2025-11-10 16:28:02,Week 10,Sunday
Beaux CollinsIR,WR,"NYG 20 @ CHI 24, Final",,$10,0.9,0.00,227,2025-11-10 16:28:02,Week 10,Sunday
Case Keenum,QB,"NYG 20 @ CHI 24, Final",,$20,—,0.00,228,2025-11-10 16:28:02,Week 10,Sunday
DJ Moore,WR,"NYG 20 @ CHI 24, Final",4 TGT,$25,8.3,0.00,229,2025-11-10 16:28:02,Week 10,Sunday
Durham Smythe,TE,"NYG 20 @ CHI 24, Final",,$10,0.8,0.00,230,2025-11-10 16:28:02,Week 10,Sunday
Travis Homer,RB,"NYG 20 @ CHI 24, Final",,$10,—,0.00,231,2025-11-10 16:28:02,Week 10,Sunday
Devin Duvernay,WR,"NYG 20 @ CHI 24, Final",,$10,0.1,0.00,232,2025-11-10 16:28:02,Week 10,Sunday
Roschon Johnson,RB,"NYG 20 @ CHI 24, Final",,$10,0.3,0.00,233,2025-11-10 16:28:02,Week 10,Sunday
Tyson Bagent,QB,"NYG 20 @ CHI 24, Final",,$20,1.3,0.00,234,2025-11-10 16:28:02,Week 10,Sunday
Jahdae WalkerO,WR,"NYG 20 @ CHI 24, Final",,$10,—,0.00,235,2025-11-10 16:28:02,Week 10,Sunday
New York Giants,DEF,"NYG 20 @ CHI 24, Final",24 PTS ALLOWED,$10,2.6,0.00,236,2025-11-10 16:28:02,Week 10,Sunday
Brittain Brown,RB,"NYG 20 @ CHI 24, Final",,$12,9.7,0.00,237,2025-11-10 16:28:02,Week 10,Sunday
Reggie Gilliam,RB,"BUF 13 @ MIA 30, Final",,$10,—,0.00,238,2025-11-10 16:28:02,Week 10,Sunday
Joshua PalmerO,WR,"BUF 13 @ MIA 30, Final",,$13,5.1,0.00,239,2025-11-10 16:28:02,Week 10,Sunday
Cedrick Wilson Jr.,WR,"BUF 13 @ MIA 30, Final",,$10,1.0,0.00,240,2025-11-10 16:28:02,Week 10,Sunday
Zach Wilson,QB,"BUF 13 @ MIA 30, Final",,$20,0.8,0.00,241,2025-11-10 16:28:02,Week 10,Sunday
Dee EskridgeO,WR,"BUF 13 @ MIA 30, Final",,$10,0.8,0.00,242,2025-11-10 16:28:02,Week 10,Sunday
Tanner Conner,TE,"BUF 13 @ MIA 30, Final",,$10,1.7,0.00,243,2025-11-10 16:28:02,Week 10,Sunday
Julian HillO,TE,"BUF 13 @ MIA 30, Final",,$10,2.1,0.00,244,2025-11-10 16:28:02,Week 10,Sunday
Tahj Washington,WR,"BUF 13 @ MIA 30, Final",,$10,-0.4,0.00,245,2025-11-10 16:28:02,Week 10,Sunday
Quinn EwersO,QB,"BUF 13 @ MIA 30, Final",,$20,2.1,0.00,246,2025-11-10 16:28:02,Week 10,Sunday
Ollie Gordon II,RB,"BUF 13 @ MIA 30, Final","RUSH ATT,-3 RUSH YD",$11,3.0,-0.30,247,2025-11-10 16:28:02,Week 10,Sunday
Jahmyr Gibbs,RB,"DET 44 @ WAS 22, Final","15 RUSH ATT,142 RUSH YD,2 RUSH TD,4 TGT,3 REC,30 REC YD,REC TD",$37,18.7,36.70,1,2025-11-10 16:28:19,Week 10,Sunday
Matthew Stafford,QB,"LA 42 @ SF 26, Final","280 PASS YD,4 PASS TD,3 RUSH ATT,-3 RUSH YD",$38,21.1,26.90,2,2025-11-10 16:28:19,Week 10,Sunday
Jared Goff,QB,"DET 44 @ WAS 22, Final","320 PASS YD,3 PASS TD",$34,18.3,24.80,3,2025-11-10 16:28:19,Week 10,Sunday
Mac Jones,QB,"LA 42 @ SF 26, Final","319 PASS YD,3 PASS TD,INT,RUSH ATT,3 RUSH YD",$20,17.1,24.06,4,2025-11-10 16:28:19,Week 10,Sunday
Trey McBride,TE,"ARI 22 @ SEA 44, Final","13 TGT,9 REC,127 REC YD,REC TD",$28,14.1,23.20,5,2025-11-10 16:28:19,Week 10,Sunday
Kyren Williams,RB,"LA 42 @ SF 26, Final","14 RUSH ATT,73 RUSH YD,2 RUSH TD,3 TGT,2 REC,11 REC YD",$35,15.4,21.40,6,2025-11-10 16:28:19,Week 10,Sunday
Seattle Seahawks,DEF,"ARI 22 @ SEA 44, Final","22 PTS ALLOWED,5 SACK,2 FUM REC,2 TD",$18,10.7,21.00,7,2025-11-10 16:28:19,Week 10,Sunday
Jameson Williams,WR,"DET 44 @ WAS 22, Final","7 TGT,6 REC,119 REC YD,REC TD",$21,9.4,20.90,8,2025-11-10 16:28:19,Week 10,Sunday
Jacoby Brissett,QB,"ARI 22 @ SEA 44, Final","258 PASS YD,2 PASS TD,4 RUSH ATT,31 RUSH YD,2 FUM LOST,2PT",$20,14.3,19.42,9,2025-11-10 16:28:19,Week 10,Sunday
George Kittle,TE,"LA 42 @ SF 26, Final","9 TGT,9 REC,84 REC YD,REC TD",$18,9.3,18.90,10,2025-11-10 16:28:19,Week 10,Sunday
Marcus Mariota,QB,"DET 44 @ WAS 22, Final","213 PASS YD,2 PASS TD,5 RUSH ATT,22 RUSH YD",$22,12.4,18.72,11,2025-11-10 16:28:19,Week 10,Sunday
Jaxon Smith-Njigba,WR,"ARI 22 @ SEA 44, Final","6 TGT,5 REC,93 REC YD,REC TD",$41,18.4,17.80,12,2025-11-10 16:28:19,Week 10,Sunday
Davante AdamsQ,WR,"LA 42 @ SF 26, Final","8 TGT,6 REC,77 REC YD,REC TD",$34,14.6,16.70,13,2025-11-10 16:28:19,Week 10,Sunday
Puka Nacua,WR,"LA 42 @ SF 26, Final","6 TGT,5 REC,64 REC YD,REC TD",$40,18.3,14.90,14,2025-11-10 16:28:19,Week 10,Sunday
Zach Charbonnet,RB,"ARI 22 @ SEA 44, Final","14 RUSH ATT,83 RUSH YD,RUSH TD",$19,9.6,14.30,15,2025-11-10 16:28:19,Week 10,Sunday
Amon-Ra St. Brown,WR,"DET 44 @ WAS 22, Final","8 TGT,5 REC,58 REC YD,REC TD",$37,16.7,14.30,16,2025-11-10 16:28:19,Week 10,Sunday
Jauan Jennings,WR,"LA 42 @ SF 26, Final","9 TGT,6 REC,71 REC YD,REC TD,FUM LOST",$20,8.1,14.10,17,2025-11-10 16:28:19,Week 10,Sunday
Christian McCaffrey,RB,"LA 42 @ SF 26, Final","12 RUSH ATT,30 RUSH YD,10 TGT,8 REC,66 REC YD",$45,21.4,13.60,18,2025-11-10 16:28:19,Week 10,Sunday
Marvin Harrison Jr.,WR,"ARI 22 @ SEA 44, Final","12 TGT,3 REC,33 REC YD,REC TD,2PT",$25,10.6,12.80,19,2025-11-10 16:28:19,Week 10,Sunday
Colby Parkinson,TE,"LA 42 @ SF 26, Final","5 TGT,4 REC,41 REC YD,REC TD",$10,3.6,12.10,20,2025-11-10 16:28:19,Week 10,Sunday
Emari Demercado,RB,"ARI 22 @ SEA 44, Final","4 RUSH ATT,64 RUSH YD,4 TGT,3 REC,40 REC YD",$10,5.1,11.90,21,2025-11-10 16:28:20,Week 10,Sunday
Brian Robinson Jr.,RB,"LA 42 @ SF 26, Final","8 RUSH ATT,41 RUSH YD,RUSH TD,TGT,REC,4 REC YD",$10,4.0,11.00,22,2025-11-10 16:28:20,Week 10,Sunday
Deebo Samuel,WR,"DET 44 @ WAS 22, Final","5 TGT,4 REC,29 REC YD,REC TD",$24,10.8,10.90,23,2025-11-10 16:28:20,Week 10,Sunday
David Montgomery,RB,"DET 44 @ WAS 22, Final","15 RUSH ATT,71 RUSH YD,TGT,REC,2PT",$24,10.9,9.60,24,2025-11-10 16:28:20,Week 10,Sunday
George Holani,RB,"ARI 22 @ SEA 44, Final","7 RUSH ATT,31 RUSH YD,RUSH TD",$10,2.1,9.10,25,2025-11-10 16:28:20,Week 10,Sunday
Luke Farrell,TE,"LA 42 @ SF 26, Final","2 TGT,2 REC,15 REC YD,REC TD",$10,2.6,8.50,26,2025-11-10 16:28:20,Week 10,Sunday
Cooper Kupp,WR,"ARI 22 @ SEA 44, Final","2 TGT,2 REC,74 REC YD",$19,6.8,8.40,27,2025-11-10 16:28:20,Week 10,Sunday
Kalif Raymond,WR,"DET 44 @ WAS 22, Final","RUSH ATT,10 RUSH YD,4 TGT,4 REC,49 REC YD",$10,3.2,7.90,28,2025-11-10 16:28:20,Week 10,Sunday
Davis Allen,TE,"LA 42 @ SF 26, Final","2 TGT,2 REC,8 REC YD,REC TD",$10,3.9,7.80,29,2025-11-10 16:28:20,Week 10,Sunday
Sam LaPorta,TE,"DET 44 @ WAS 22, Final","5 TGT,5 REC,53 REC YD",$20,9.7,7.80,30,2025-11-10 16:28:20,Week 10,Sunday
Chris Rodriguez Jr.Q,RB,"DET 44 @ WAS 22, Final","6 RUSH ATT,16 RUSH YD,RUSH TD",$10,5.4,7.60,31,2025-11-10 16:28:20,Week 10,Sunday
Kenneth Walker III,RB,"ARI 22 @ SEA 44, Final","14 RUSH ATT,67 RUSH YD,TGT,REC,3 REC YD",$20,9.5,7.50,32,2025-11-10 16:28:20,Week 10,Sunday
Zach Ertz,TE,"DET 44 @ WAS 22, Final","5 TGT,4 REC,54 REC YD",$16,7.8,7.40,33,2025-11-10 16:28:20,Week 10,Sunday
Ben Sinnott,TE,"DET 44 @ WAS 22, Final","TGT,REC,4 REC YD,REC TD",$10,3.6,6.90,34,2025-11-10 16:28:20,Week 10,Sunday
Greg Dortch,WR,"ARI 22 @ SEA 44, Final","2 RUSH ATT,2 RUSH YD,RUSH TD",$10,3.2,6.20,35,2025-11-10 16:28:20,Week 10,Sunday
Arizona Cardinals,DEF,"ARI 22 @ SEA 44, Final","32 PTS ALLOWED,SACK,INT,2 FUM REC",$10,6.3,6.00,36,2025-11-10 16:28:20,Week 10,Sunday
Los Angeles Rams,DEF,"LA 42 @ SF 26, Final","26 PTS ALLOWED,INT,FUM REC,BLK KICK",$17,8.4,6.00,37,2025-11-10 16:28:20,Week 10,Sunday
Sam Darnold,QB,"ARI 22 @ SEA 44, Final","178 PASS YD,PASS TD,INT,3 RUSH ATT,-2 RUSH YD,2 FUM LOST",$36,16.5,5.92,38,2025-11-10 16:28:20,Week 10,Sunday
Blake Corum,RB,"LA 42 @ SF 26, Final","13 RUSH ATT,56 RUSH YD",$10,4.5,5.60,39,2025-11-10 16:28:20,Week 10,Sunday
Michael Wilson,WR,"ARI 22 @ SEA 44, Final","7 TGT,4 REC,34 REC YD",$13,4.5,5.40,40,2025-11-10 16:28:20,Week 10,Sunday
Demarcus Robinson,WR,"LA 42 @ SF 26, Final","4 TGT,3 REC,34 REC YD",$10,3.1,4.90,41,2025-11-10 16:28:20,Week 10,Sunday
Tyler Higbee,TE,"LA 42 @ SF 26, Final","3 TGT,3 REC,33 REC YD",$12,5.5,4.80,42,2025-11-10 16:28:20,Week 10,Sunday
Jaylin Lane,WR,"DET 44 @ WAS 22, Final","TGT,REC,41 REC YD",$10,3.3,4.60,43,2025-11-10 16:28:20,Week 10,Sunday
Bam KnightQ,RB,"ARI 22 @ SEA 44, Final","10 RUSH ATT,28 RUSH YD,4 TGT,REC,5 REC YD",$12,5.5,3.80,44,2025-11-10 16:28:20,Week 10,Sunday
Terrance Ferguson,TE,"LA 42 @ SF 26, Final","4 TGT,REC,32 REC YD",$10,4.5,3.70,45,2025-11-10 16:28:20,Week 10,Sunday
Jeremy McNichols,RB,"DET 44 @ WAS 22, Final","5 RUSH ATT,25 RUSH YD,TGT,REC,4 REC YD",$10,4.7,3.40,46,2025-11-10 16:28:21,Week 10,Sunday
Jacory Croskey-Merritt,RB,"DET 44 @ WAS 22, Final","11 RUSH ATT,30 RUSH YD",$18,7.7,3.00,47,2025-11-10 16:28:21,Week 10,Sunday
Elijah Higgins,TE,"ARI 22 @ SEA 44, Final","3 TGT,2 REC,19 REC YD",$10,2.5,2.90,48,2025-11-10 16:28:21,Week 10,Sunday
Kendrick Bourne,WR,"LA 42 @ SF 26, Final","TGT,REC,19 REC YD",$13,7.1,2.40,49,2025-11-10 16:28:21,Week 10,Sunday
Skyy Moore,WR,"LA 42 @ SF 26, Final","TGT,REC,18 REC YD",$10,0.9,2.30,50,2025-11-10 16:28:21,Week 10,Sunday
Detroit Lions,DEF,"DET 44 @ WAS 22, Final","22 PTS ALLOWED,2 SACK",$15,7.6,2.00,51,2025-11-10 16:28:21,Week 10,Sunday
Xavier Smith,WR,"LA 42 @ SF 26, Final","TGT,REC,14 REC YD",$10,1.2,1.90,52,2025-11-10 16:28:21,Week 10,Sunday
Kyle Juszczyk,RB,"LA 42 @ SF 26, Final","2 TGT,2 REC,8 REC YD",$10,2.7,1.80,53,2025-11-10 16:28:21,Week 10,Sunday
Isaac TeSlaa,WR,"DET 44 @ WAS 22, Final","TGT,REC,11 REC YD",$10,3.4,1.60,54,2025-11-10 16:28:21,Week 10,Sunday
John Bates,TE,"DET 44 @ WAS 22, Final","2 TGT,REC,6 REC YD",$10,1.8,1.10,55,2025-11-10 16:28:21,Week 10,Sunday
Elijah Arroyo,TE,"ARI 22 @ SEA 44, Final","TGT,REC,5 REC YD",$10,3.2,1.00,56,2025-11-10 16:28:21,Week 10,Sunday
Sione Vaki,RB,"DET 44 @ WAS 22, Final","RUSH ATT,4 RUSH YD",$10,0.1,0.40,57,2025-11-10 16:28:21,Week 10,Sunday
AJ Barner,TE,"ARI 22 @ SEA 44, Final","2 RUSH ATT,3 RUSH YD",$15,7.2,0.30,58,2025-11-10 16:28:21,Week 10,Sunday
Zay JonesQ,WR,"ARI 22 @ SEA 44, Final",TGT,$10,3.5,0.00,59,2025-11-10 16:28:21,Week 10,Sunday
Kyler MurrayIR,QB,"ARI 22 @ SEA 44, Final",,$30,16.2,0.00,60,2025-11-10 16:28:21,Week 10,Sunday
Josiah Deguara,TE,"ARI 22 @ SEA 44, Final",,$10,—,0.00,61,2025-11-10 16:28:21,Week 10,Sunday
Simi FehokoQ,WR,"ARI 22 @ SEA 44, Final",,$10,—,0.00,62,2025-11-10 16:28:21,Week 10,Sunday
Xavier WeaverO,WR,"ARI 22 @ SEA 44, Final",,$10,—,0.00,63,2025-11-10 16:28:21,Week 10,Sunday
Kedon Slovis,QB,"ARI 22 @ SEA 44, Final",,$20,—,0.00,64,2025-11-10 16:28:21,Week 10,Sunday
Dareke YoungIR,WR,"ARI 22 @ SEA 44, Final",,$10,1.0,0.00,65,2025-11-10 16:28:21,Week 10,Sunday
Jake BoboO,WR,"ARI 22 @ SEA 44, Final",,$10,1.5,0.00,66,2025-11-10 16:28:21,Week 10,Sunday
Brady Russell,RB,"ARI 22 @ SEA 44, Final",,$10,—,0.00,67,2025-11-10 16:28:21,Week 10,Sunday
Jalen MilroeO,QB,"ARI 22 @ SEA 44, Final",,$20,-0.5,0.00,68,2025-11-10 16:28:21,Week 10,Sunday
Tory HortonO,WR,"ARI 22 @ SEA 44, Final",,$14,7.3,0.00,69,2025-11-10 16:28:21,Week 10,Sunday
Nick Kallerup,TE,"ARI 22 @ SEA 44, Final",TGT,$10,—,0.00,70,2025-11-10 16:28:21,Week 10,Sunday
Eric SaubertIR,TE,"ARI 22 @ SEA 44, Final",,$10,0.3,0.00,71,2025-11-10 16:28:22,Week 10,Sunday
Robbie Ouzts,RB,"ARI 22 @ SEA 44, Final",,$10,—,0.00,72,2025-11-10 16:28:22,Week 10,Sunday
Trey BensonIR,RB,"ARI 22 @ SEA 44, Final",,$17,7.2,0.00,73,2025-11-10 16:28:22,Week 10,Sunday
Jimmy Garoppolo,QB,"LA 42 @ SF 26, Final",,$20,-0.1,0.00,74,2025-11-10 16:28:22,Week 10,Sunday
Stetson Bennett IVO,QB,"LA 42 @ SF 26, Final",,$20,—,0.00,75,2025-11-10 16:28:22,Week 10,Sunday
Jordan Whittington,WR,"LA 42 @ SF 26, Final",,$10,2.8,0.00,76,2025-11-10 16:28:22,Week 10,Sunday
Jarquez HunterO,RB,"LA 42 @ SF 26, Final",,$10,—,0.00,77,2025-11-10 16:28:22,Week 10,Sunday
Konata Mumpfield,WR,"LA 42 @ SF 26, Final",2 TGT,$10,1.6,0.00,78,2025-11-10 16:28:22,Week 10,Sunday
Brandon AiyukPUP,WR,"LA 42 @ SF 26, Final",,$14,7.1,0.00,79,2025-11-10 16:28:22,Week 10,Sunday
Brock PurdyO,QB,"LA 42 @ SF 26, Final",,$30,19.2,0.00,80,2025-11-10 16:28:22,Week 10,Sunday
Jake Tonges,TE,"LA 42 @ SF 26, Final",,$10,8.5,0.00,81,2025-11-10 16:28:22,Week 10,Sunday
Adrian Martinez,QB,"LA 42 @ SF 26, Final",,$20,-0.1,0.00,82,2025-11-10 16:28:22,Week 10,Sunday
Ricky PearsallO,WR,"LA 42 @ SF 26, Final",,$21,8.5,0.00,83,2025-11-10 16:28:22,Week 10,Sunday
Isaac Guerendo,RB,"LA 42 @ SF 26, Final",,$10,—,0.00,84,2025-11-10 16:28:22,Week 10,Sunday
Jordan Watkins,WR,"LA 42 @ SF 26, Final",,$10,1.8,0.00,85,2025-11-10 16:28:22,Week 10,Sunday
Jordan JamesO,RB,"LA 42 @ SF 26, Final",,$10,—,0.00,86,2025-11-10 16:28:22,Week 10,Sunday
Jacob CowingIR,WR,"LA 42 @ SF 26, Final",,$10,—,0.00,87,2025-11-10 16:28:22,Week 10,Sunday
Ross Dwelley,TE,"DET 44 @ WAS 22, Final",TGT,$10,—,0.00,88,2025-11-10 16:28:22,Week 10,Sunday
Craig Reynolds,RB,"DET 44 @ WAS 22, Final",,$10,0.1,0.00,89,2025-11-10 16:28:22,Week 10,Sunday
Brock Wright,TE,"DET 44 @ WAS 22, Final",TGT,$10,4.7,0.00,90,2025-11-10 16:28:22,Week 10,Sunday
Jacob SaylorsO,RB,"DET 44 @ WAS 22, Final",,$10,0.2,0.00,91,2025-11-10 16:28:22,Week 10,Sunday
Dominic Lovett,WR,"DET 44 @ WAS 22, Final",,$10,—,0.00,92,2025-11-10 16:28:22,Week 10,Sunday
Josh Johnson,QB,"DET 44 @ WAS 22, Final",,$20,0.2,0.00,93,2025-11-10 16:28:22,Week 10,Sunday
Chris Moore,WR,"DET 44 @ WAS 22, Final",,$10,3.4,0.00,94,2025-11-10 16:28:22,Week 10,Sunday
Terry McLaurinO,WR,"DET 44 @ WAS 22, Final",,$20,8.2,0.00,95,2025-11-10 16:28:22,Week 10,Sunday
Jayden DanielsO,QB,"DET 44 @ WAS 22, Final",,$33,18.9,0.00,96,2025-11-10 16:28:23,Week 10,Sunday
Luke McCaffreyIR,WR,"DET 44 @ WAS 22, Final",,$10,5.1,0.00,97,2025-11-10 16:28:23,Week 10,Sunday
Colson Yankoff,TE,"DET 44 @ WAS 22, Final",,$10,—,0.00,98,2025-11-10 16:28:23,Week 10,Sunday
Kyle Allen,QB,"DET 44 @ WAS 22, Final","RUSH ATT,-1 RUSH YD",$20,-0.2,-0.10,99,2025-11-10 16:28:23,Week 10,Sunday
Drew Lock,QB,"ARI 22 @ SEA 44, Final","4 RUSH ATT,-4 RUSH YD",$20,0.0,-0.40,100,2025-11-10 16:28:23,Week 10,Sunday
Washington Commanders,DEF,"DET 44 @ WAS 22, Final","44 PTS ALLOWED,BLK KICK",$10,4.3,-2.00,101,2025-11-10 16:28:23,Week 10,Sunday
San Francisco 49ers,DEF,"LA 42 @ SF 26, Final","42 PTS ALLOWED,SACK",$10,3.5,-3.00,102,2025-11-10 16:28:23,Week 10,Sunday
Ladd McConkey,WR,"PIT 10 @ LAC 25, Final","6 TGT,4 REC,107 REC YD,REC TD",$29,11.3,18.70,1,2025-11-10 16:28:39,Week 10,Sunday
Kimani Vidal,RB,"PIT 10 @ LAC 25, Final","25 RUSH ATT,95 RUSH YD,RUSH TD,TGT,REC,13 REC YD",$22,9.8,17.30,2,2025-11-10 16:28:39,Week 10,Sunday
Los Angeles Chargers,DEF,"PIT 10 @ LAC 25, Final","10 PTS ALLOWED,3 SACK,SAFETY,2 INT,FUM REC",$12,6.3,15.00,3,2025-11-10 16:28:39,Week 10,Sunday
Justin Herbert,QB,"PIT 10 @ LAC 25, Final","220 PASS YD,PASS TD,5 RUSH ATT,19 RUSH YD",$41,21.1,14.70,4,2025-11-10 16:28:39,Week 10,Sunday
Roman Wilson,WR,"PIT 10 @ LAC 25, Final","3 TGT,2 REC,35 REC YD,REC TD",$10,5.1,10.50,5,2025-11-10 16:28:39,Week 10,Sunday
Jaylen Warren,RB,"PIT 10 @ LAC 25, Final","14 RUSH ATT,70 RUSH YD,2 TGT,2 REC,21 REC YD",$27,12.3,10.10,6,2025-11-10 16:28:39,Week 10,Sunday
Aaron Rodgers,QB,"PIT 10 @ LAC 25, Final","161 PASS YD,PASS TD,2 INT",$28,15.9,8.44,7,2025-11-10 16:28:39,Week 10,Sunday
Quentin Johnston,WR,"PIT 10 @ LAC 25, Final","10 TGT,5 REC,42 REC YD",$24,12.9,6.70,8,2025-11-10 16:28:39,Week 10,Sunday
DK Metcalf,WR,"PIT 10 @ LAC 25, Final","7 TGT,3 REC,35 REC YD",$26,10.7,5.00,9,2025-11-10 16:28:39,Week 10,Sunday
Pittsburgh Steelers,DEF,"PIT 10 @ LAC 25, Final","23 PTS ALLOWED,5 SACK",$13,7.0,5.00,10,2025-11-10 16:28:39,Week 10,Sunday
Pat Freiermuth,TE,"PIT 10 @ LAC 25, Final","3 TGT,3 REC,33 REC YD",$14,6.9,4.80,11,2025-11-10 16:28:39,Week 10,Sunday
Keenan Allen,WR,"PIT 10 @ LAC 25, Final","5 TGT,2 REC,19 REC YD",$21,10.4,2.90,12,2025-11-10 16:28:39,Week 10,Sunday
Oronde GadsdenQ,TE,"PIT 10 @ LAC 25, Final","6 TGT,3 REC,13 REC YD",$22,9.3,2.80,13,2025-11-10 16:28:40,Week 10,Sunday
Calvin Austin III,WR,"PIT 10 @ LAC 25, Final","7 TGT,2 REC,14 REC YD",$16,6.6,2.40,14,2025-11-10 16:28:40,Week 10,Sunday
Darnell Washington,TE,"PIT 10 @ LAC 25, Final","TGT,REC,15 REC YD",$10,3.7,2.00,15,2025-11-10 16:28:40,Week 10,Sunday
Tyler Conklin,TE,"PIT 10 @ LAC 25, Final","TGT,REC,12 REC YD",$10,2.5,1.70,16,2025-11-10 16:28:40,Week 10,Sunday
Kenneth Gainwell,RB,"PIT 10 @ LAC 25, Final","3 TGT,2 REC,4 REC YD",$15,7.2,1.40,17,2025-11-10 16:28:40,Week 10,Sunday
Tre' Harris,WR,"PIT 10 @ LAC 25, Final","2 TGT,2 REC,4 REC YD",$11,2.9,1.40,18,2025-11-10 16:28:40,Week 10,Sunday
Tucker Fisk,TE,"PIT 10 @ LAC 25, Final","TGT,REC,7 REC YD",$10,0.7,1.20,19,2025-11-10 16:28:40,Week 10,Sunday
Jonnu Smith,TE,"PIT 10 @ LAC 25, Final","2 TGT,REC,4 REC YD",$11,4.7,0.90,20,2025-11-10 16:28:40,Week 10,Sunday
Derius Davis,WR,"PIT 10 @ LAC 25, Final","TGT,REC,3 REC YD",$10,-0.1,0.80,21,2025-11-10 16:28:40,Week 10,Sunday
Kaleb Johnson,RB,"PIT 10 @ LAC 25, Final","2 RUSH ATT,3 RUSH YD",$10,1.0,0.30,22,2025-11-10 16:28:40,Week 10,Sunday
Jaret Patterson,RB,"PIT 10 @ LAC 25, Final","RUSH ATT,RUSH YD",$10,2.5,0.10,23,2025-11-10 16:28:40,Week 10,Sunday
Mason Rudolph,QB,"PIT 10 @ LAC 25, Final",,$20,0.2,0.00,24,2025-11-10 16:28:40,Week 10,Sunday
Scotty MillerO,WR,"PIT 10 @ LAC 25, Final",,$10,0.7,0.00,25,2025-11-10 16:28:40,Week 10,Sunday
Ben Skowronek,WR,"PIT 10 @ LAC 25, Final",,$10,1.2,0.00,26,2025-11-10 16:28:40,Week 10,Sunday
Connor Heyward,TE,"PIT 10 @ LAC 25, Final",,$10,1.3,0.00,27,2025-11-10 16:28:40,Week 10,Sunday
Ke'Shawn Williams,WR,"PIT 10 @ LAC 25, Final",,$10,—,0.00,28,2025-11-10 16:28:40,Week 10,Sunday
Will DisslyO,TE,"PIT 10 @ LAC 25, Final",,$10,1.6,0.00,29,2025-11-10 16:28:40,Week 10,Sunday
Trey Lance,QB,"PIT 10 @ LAC 25, Final",,$20,2.9,0.00,30,2025-11-10 16:28:40,Week 10,Sunday
Hassan HaskinsIR,RB,"PIT 10 @ LAC 25, Final",,$10,0.8,0.00,31,2025-11-10 16:28:40,Week 10,Sunday
Scott Matlock,RB,"PIT 10 @ LAC 25, Final",,$10,3.7,0.00,32,2025-11-10 16:28:40,Week 10,Sunday
KeAndre Lambert-SmithO,WR,"PIT 10 @ LAC 25, Final",,$10,0.1,0.00,33,2025-11-10 16:28:40,Week 10,Sunday
Will HowardIR,QB,"PIT 10 @ LAC 25, Final",,$20,—,0.00,34,2025-11-10 16:28:40,Week 10,Sunday
