player_name,position,game_info,stats,salary,fppg,points,row_number,scrape_date,week,day
Caleb Williams,QB,"CHI 47 @ CIN 42, Final","280 PASS YD,3 PASS TD,5 RUSH ATT,53 RUSH YD,2 TGT,2 REC,22 REC YD,REC TD",$32,20.0,37.70,1,2025-11-03 16:23:08,Week 9,Sunday
Brock Bowers,TE,"JAC 30 @ LV 29, Final OT","RUSH ATT,6 RUSH YD,13 TGT,12 REC,127 REC YD,3 REC TD",$20,14.3,37.30,2,2025-11-03 16:23:08,Week 9,Sunday
Drake London,WR,"ATL 23 @ NE 24, Final","14 TGT,9 REC,118 REC YD,3 REC TD",$35,15.7,34.30,3,2025-11-03 16:23:09,Week 9,Sunday
Joe Flacco,QB,"CHI 47 @ CIN 42, Final","470 PASS YD,4 PASS TD,2 INT,RUSH ATT,-1 RUSH YD,FUM LOST,2PT",$31,16.7,32.70,4,2025-11-03 16:23:09,Week 9,Sunday
Christian McCaffrey,RB,"SF 34 @ NYG 24, Final","28 RUSH ATT,106 RUSH YD,RUSH TD,6 TGT,5 REC,67 REC YD,REC TD",$41,22.3,31.80,5,2025-11-03 16:23:09,Week 9,Sunday
Tee Higgins,WR,"CHI 47 @ CIN 42, Final","9 TGT,7 REC,121 REC YD,2 REC TD,2PT",$27,11.3,29.60,6,2025-11-03 16:23:09,Week 9,Sunday
Josh Allen,QB,"KC 21 @ BUF 28, Final","273 PASS YD,PASS TD,6 RUSH ATT,19 RUSH YD,2 RUSH TD",$42,23.7,28.82,7,2025-11-03 16:23:09,Week 9,Sunday
Justin Herbert,QB,"LAC 27 @ TEN 20, Final","250 PASS YD,2 PASS TD,INT,9 RUSH ATT,57 RUSH YD,RUSH TD",$40,21.8,28.70,8,2025-11-03 16:23:09,Week 9,Sunday
Geno Smith,QB,"JAC 30 @ LV 29, Final OT","284 PASS YD,4 PASS TD,INT,5 RUSH ATT,9 RUSH YD",$27,13.9,27.26,9,2025-11-03 16:23:09,Week 9,Sunday
Jaxson Dart,QB,"SF 34 @ NYG 24, Final","191 PASS YD,2 PASS TD,8 RUSH ATT,56 RUSH YD,RUSH TD",$30,17.1,27.24,10,2025-11-03 16:23:09,Week 9,Sunday
Rico Dowdle,RB,"CAR 16 @ GB 13, Final","25 RUSH ATT,130 RUSH YD,2 RUSH TD,3 TGT,2 REC,11 REC YD",$25,13.8,27.10,11,2025-11-03 16:23:09,Week 9,Sunday
Matthew Stafford,QB,"NO 10 @ LA 34, Final","281 PASS YD,4 PASS TD,4 RUSH ATT,-4 RUSH YD",$37,20.4,26.84,12,2025-11-03 16:23:09,Week 9,Sunday
Colston Loveland,TE,"CHI 47 @ CIN 42, Final","7 TGT,6 REC,118 REC YD,2 REC TD",$10,6.3,26.80,13,2025-11-03 16:23:09,Week 9,Sunday
Michael Penix Jr.,QB,"ATL 23 @ NE 24, Final","221 PASS YD,3 PASS TD,2 RUSH ATT,19 RUSH YD",$27,14.9,22.74,14,2025-11-03 16:23:09,Week 9,Sunday
Trevor Lawrence,QB,"JAC 30 @ LV 29, Final OT","220 PASS YD,INT,9 RUSH ATT,24 RUSH YD,2 RUSH TD",$34,17.4,22.20,15,2025-11-03 16:23:09,Week 9,Sunday
Kyle Monangai,RB,"CHI 47 @ CIN 42, Final","26 RUSH ATT,176 RUSH YD,5 TGT,3 REC,22 REC YD",$12,6.9,21.30,16,2025-11-03 16:23:09,Week 9,Sunday
DJ Moore,WR,"CHI 47 @ CIN 42, Final","2 PASS YD,PASS TD,RUSH ATT,17 RUSH YD,RUSH TD,6 TGT,4 REC,72 REC YD",$21,9.3,20.98,17,2025-11-03 16:23:09,Week 9,Sunday
Davante Adams,WR,"NO 10 @ LA 34, Final","7 TGT,5 REC,60 REC YD,2 REC TD",$31,14.4,20.50,18,2025-11-03 16:23:09,Week 9,Sunday
Tennessee Titans,DEF,"LAC 27 @ TEN 20, Final","27 PTS ALLOWED,6 SACK,INT,TD,RET TD",$10,6.1,20.00,19,2025-11-03 16:23:09,Week 9,Sunday
J.J. McCarthy,QB,"MIN 27 @ DET 24, Final","143 PASS YD,2 PASS TD,INT,9 RUSH ATT,12 RUSH YD,RUSH TD",$25,16.0,19.92,20,2025-11-03 16:23:09,Week 9,Sunday
Bo Nix,QB,"DEN 18 @ HOU 15, Final","173 PASS YD,2 PASS TD,INT,3 RUSH ATT,36 RUSH YD,2PT",$40,20.6,19.52,21,2025-11-03 16:23:09,Week 9,Sunday
Jared Goff,QB,"MIN 27 @ DET 24, Final","284 PASS YD,2 PASS TD",$33,17.5,19.36,22,2025-11-03 16:23:09,Week 9,Sunday
Puka NacuaQ,WR,"NO 10 @ LA 34, Final","RUSH ATT,3 RUSH YD,8 TGT,7 REC,95 REC YD,REC TD",$37,18.7,19.30,23,2025-11-03 16:23:09,Week 9,Sunday
Dalton Kincaid,TE,"KC 21 @ BUF 28, Final","6 TGT,6 REC,101 REC YD,REC TD",$16,11.2,19.10,24,2025-11-03 16:23:09,Week 9,Sunday
Sam LaPorta,TE,"MIN 27 @ DET 24, Final","8 TGT,6 REC,97 REC YD,REC TD",$20,9.9,18.70,25,2025-11-03 16:23:09,Week 9,Sunday
Pittsburgh Steelers,DEF,"IND 20 @ PIT 27, Final","20 PTS ALLOWED,5 SACK,3 INT,3 FUM REC",$12,7.3,18.00,26,2025-11-03 16:23:09,Week 9,Sunday
Josh Jacobs,RB,"CAR 16 @ GB 13, Final","17 RUSH ATT,87 RUSH YD,RUSH TD,5 TGT,4 REC,13 REC YD",$38,18.2,18.00,27,2025-11-03 16:23:09,Week 9,Sunday
DeMario Douglas,WR,"ATL 23 @ NE 24, Final","6 TGT,4 REC,100 REC YD,REC TD",$11,6.7,18.00,28,2025-11-03 16:23:10,Week 9,Sunday
Ashton Jeanty,RB,"JAC 30 @ LV 29, Final OT","13 RUSH ATT,42 RUSH YD,5 TGT,5 REC,47 REC YD,REC TD",$30,13.3,17.40,29,2025-11-03 16:23:10,Week 9,Sunday
Kyren Williams,RB,"NO 10 @ LA 34, Final","25 RUSH ATT,114 RUSH YD,RUSH TD",$34,14.7,17.40,30,2025-11-03 16:23:10,Week 9,Sunday
Drake Maye,QB,"ATL 23 @ NE 24, Final","259 PASS YD,2 PASS TD,INT,8 RUSH ATT,20 RUSH YD,FUM LOST",$38,21.5,17.36,31,2025-11-03 16:23:10,Week 9,Sunday
Daniel Jones,QB,"IND 20 @ PIT 27, Final","342 PASS YD,PASS TD,3 INT,3 RUSH ATT,4 RUSH YD,RUSH TD,2 FUM LOST",$38,20.4,17.08,32,2025-11-03 16:23:10,Week 9,Sunday
Rashee Rice,WR,"KC 21 @ BUF 28, Final","2 RUSH ATT,6 RUSH YD,RUSH TD,7 TGT,4 REC,80 REC YD",$34,19.1,16.60,33,2025-11-03 16:23:10,Week 9,Sunday
Michael Pittman Jr.,WR,"IND 20 @ PIT 27, Final","12 TGT,9 REC,115 REC YD",$29,13.3,16.00,34,2025-11-03 16:23:10,Week 9,Sunday
Jaylen Warren,RB,"IND 20 @ PIT 27, Final","16 RUSH ATT,31 RUSH YD,2 RUSH TD,2 TGT,2 REC,-2 REC YD",$22,12.6,15.90,35,2025-11-03 16:23:10,Week 9,Sunday
Mac Jones,QB,"SF 34 @ NYG 24, Final","235 PASS YD,2 PASS TD,4 RUSH ATT,4 RUSH YD,FUM LOST",$22,16.1,15.80,36,2025-11-03 16:23:10,Week 9,Sunday
Andrei Iosivas,WR,"CHI 47 @ CIN 42, Final","RUSH ATT,4 RUSH YD,7 TGT,5 REC,66 REC YD,REC TD",$11,5.5,15.50,37,2025-11-03 16:23:10,Week 9,Sunday
Chase Brown,RB,"CHI 47 @ CIN 42, Final","11 RUSH ATT,37 RUSH YD,14 TGT,8 REC,75 REC YD",$28,11.0,15.20,38,2025-11-03 16:23:10,Week 9,Sunday
Olamide Zaccheaus,WR,"CHI 47 @ CIN 42, Final","8 TGT,6 REC,58 REC YD,REC TD",$10,6.0,14.80,39,2025-11-03 16:23:10,Week 9,Sunday
Jameson Williams,WR,"MIN 27 @ DET 24, Final","6 TGT,4 REC,66 REC YD,REC TD",$20,8.0,14.60,40,2025-11-03 16:23:10,Week 9,Sunday
Alec Pierce,WR,"IND 20 @ PIT 27, Final","13 TGT,6 REC,115 REC YD",$18,8.9,14.50,41,2025-11-03 16:23:10,Week 9,Sunday
Amon-Ra St. Brown,WR,"MIN 27 @ DET 24, Final","13 TGT,9 REC,97 REC YD",$36,17.0,14.20,42,2025-11-03 16:23:10,Week 9,Sunday
RJ Harvey,RB,"DEN 18 @ HOU 15, Final","2 RUSH ATT,5 RUSH YD,5 TGT,5 REC,51 REC YD,REC TD",$18,9.4,14.10,43,2025-11-03 16:23:10,Week 9,Sunday
Ja'Marr Chase,WR,"CHI 47 @ CIN 42, Final","8 TGT,6 REC,111 REC YD",$38,16.6,14.10,44,2025-11-03 16:23:10,Week 9,Sunday
Travis Etienne Jr.,RB,"JAC 30 @ LV 29, Final OT","22 RUSH ATT,84 RUSH YD,5 TGT,5 REC,31 REC YD",$23,12.3,14.00,45,2025-11-03 16:23:10,Week 9,Sunday
Justin Jefferson,WR,"MIN 27 @ DET 24, Final","9 TGT,6 REC,47 REC YD,REC TD",$31,12.6,13.70,46,2025-11-03 16:23:10,Week 9,Sunday
Bijan Robinson,RB,"ATL 23 @ NE 24, Final","12 RUSH ATT,46 RUSH YD,10 TGT,8 REC,50 REC YD",$40,18.5,13.60,47,2025-11-03 16:23:10,Week 9,Sunday
Quentin Johnston,WR,"LAC 27 @ TEN 20, Final","5 TGT,4 REC,53 REC YD,REC TD",$22,13.8,13.30,48,2025-11-03 16:23:10,Week 9,Sunday
Parker Washington,WR,"JAC 30 @ LV 29, Final OT","9 TGT,8 REC,90 REC YD",$13,6.9,13.00,49,2025-11-03 16:23:10,Week 9,Sunday
James Cook III,RB,"KC 21 @ BUF 28, Final","27 RUSH ATT,114 RUSH YD,TGT,REC,11 REC YD",$38,18.2,13.00,50,2025-11-03 16:23:10,Week 9,Sunday
Josh Downs,WR,"IND 20 @ PIT 27, Final","9 TGT,6 REC,57 REC YD,REC TD,FUM LOST",$19,8.1,12.70,51,2025-11-03 16:23:10,Week 9,Sunday
Romeo Doubs,WR,"CAR 16 @ GB 13, Final","10 TGT,7 REC,91 REC YD",$24,10.9,12.60,52,2025-11-03 16:23:10,Week 9,Sunday
Aaron Rodgers,QB,"IND 20 @ PIT 27, Final","203 PASS YD,PASS TD,2 RUSH ATT",$32,16.8,12.12,53,2025-11-03 16:23:11,Week 9,Sunday
Jauan Jennings,WR,"SF 34 @ NYG 24, Final","5 TGT,4 REC,41 REC YD,REC TD",$18,7.2,12.10,54,2025-11-03 16:23:11,Week 9,Sunday
Kareem Hunt,RB,"KC 21 @ BUF 28, Final","11 RUSH ATT,49 RUSH YD,RUSH TD,2 TGT,REC,6 REC YD",$14,8.5,12.00,55,2025-11-03 16:23:11,Week 9,Sunday
Patrick Mahomes,QB,"KC 21 @ BUF 28, Final","250 PASS YD,INT,RUSH ATT,5 RUSH YD,2PT",$45,23.5,11.50,56,2025-11-03 16:23:11,Week 9,Sunday
Brian Robinson Jr.,RB,"SF 34 @ NYG 24, Final","5 RUSH ATT,53 RUSH YD,RUSH TD",$10,3.3,11.30,57,2025-11-03 16:23:11,Week 9,Sunday
Stefon Diggs,WR,"ATL 23 @ NE 24, Final","4 TGT,3 REC,38 REC YD,REC TD",$27,9.5,11.30,58,2025-11-03 16:23:11,Week 9,Sunday
Nico Collins,WR,"DEN 18 @ HOU 15, Final","11 TGT,7 REC,75 REC YD",$30,10.7,11.00,59,2025-11-03 16:23:11,Week 9,Sunday
Terrell Jennings,RB,"ATL 23 @ NE 24, Final","11 RUSH ATT,35 RUSH YD,RUSH TD,TGT,REC,9 REC YD",$10,4.7,10.90,60,2025-11-03 16:23:11,Week 9,Sunday
Aaron Jones Sr.Q,RB,"MIN 27 @ DET 24, Final","9 RUSH ATT,78 RUSH YD,2 TGT,2 REC,20 REC YD",$19,7.8,10.80,61,2025-11-03 16:23:11,Week 9,Sunday
Dalton Schultz,TE,"DEN 18 @ HOU 15, Final","8 TGT,6 REC,77 REC YD",$14,7.2,10.70,62,2025-11-03 16:23:11,Week 9,Sunday
TreVeyon Henderson,RB,"ATL 23 @ NE 24, Final","14 RUSH ATT,55 RUSH YD,6 TGT,4 REC,32 REC YD",$14,6.2,10.70,63,2025-11-03 16:23:11,Week 9,Sunday
Juwan Johnson,TE,"NO 10 @ LA 34, Final","4 TGT,3 REC,31 REC YD,REC TD",$13,7.7,10.60,64,2025-11-03 16:23:11,Week 9,Sunday
Travis Kelce,TE,"KC 21 @ BUF 28, Final","5 TGT,4 REC,66 REC YD,2PT",$18,10.5,10.60,65,2025-11-03 16:23:11,Week 9,Sunday
Tyler Shough,QB,"NO 10 @ LA 34, Final","176 PASS YD,PASS TD,INT,RUSH ATT,2 RUSH YD",$20,5.2,10.24,66,2025-11-03 16:23:11,Week 9,Sunday
Theo Johnson,TE,"SF 34 @ NYG 24, Final","6 TGT,3 REC,27 REC YD,REC TD",$15,7.4,10.20,67,2025-11-03 16:23:11,Week 9,Sunday
Pat Freiermuth,TE,"IND 20 @ PIT 27, Final","4 TGT,3 REC,27 REC YD,REC TD",$13,7.2,10.20,68,2025-11-03 16:23:11,Week 9,Sunday
Jordan Love,QB,"CAR 16 @ GB 13, Final","273 PASS YD,INT,RUSH ATT,RUSH YD",$35,17.9,10.02,69,2025-11-03 16:23:11,Week 9,Sunday
David Montgomery,RB,"MIN 27 @ DET 24, Final","11 RUSH ATT,40 RUSH YD,RUSH TD,4 TGT,2 REC,10 REC YD,FUM LOST",$22,11.1,10.00,70,2025-11-03 16:23:11,Week 9,Sunday
Atlanta Falcons,DEF,"ATL 23 @ NE 24, Final","24 PTS ALLOWED,6 SACK,INT,FUM REC",$12,6.5,10.00,71,2025-11-03 16:23:11,Week 9,Sunday
Noah Fant,TE,"CHI 47 @ CIN 42, Final","3 TGT,2 REC,28 REC YD,REC TD",$12,7.2,9.80,72,2025-11-03 16:23:11,Week 9,Sunday
Courtland Sutton,WR,"DEN 18 @ HOU 15, Final","6 TGT,REC,30 REC YD,REC TD",$26,11.3,9.50,73,2025-11-03 16:23:11,Week 9,Sunday
Oronde Gadsden,TE,"LAC 27 @ TEN 20, Final","5 TGT,5 REC,68 REC YD",$20,10.2,9.30,74,2025-11-03 16:23:11,Week 9,Sunday
Rashid Shaheed,WR,"NO 10 @ LA 34, Final","9 TGT,5 REC,68 REC YD",$24,9.2,9.30,75,2025-11-03 16:23:11,Week 9,Sunday
Wan'Dale Robinson,WR,"SF 34 @ NYG 24, Final","11 TGT,9 REC,46 REC YD",$23,10.0,9.10,76,2025-11-03 16:23:11,Week 9,Sunday
Bhayshul Tuten,RB,"JAC 30 @ LV 29, Final OT","9 RUSH ATT,29 RUSH YD,RUSH TD,TGT,REC,-3 REC YD",$10,5.4,9.10,77,2025-11-03 16:23:11,Week 9,Sunday
Carolina Panthers,DEF,"CAR 16 @ GB 13, Final","13 PTS ALLOWED,SACK,INT,FUM REC",$11,5.7,9.00,78,2025-11-03 16:23:12,Week 9,Sunday
Minnesota Vikings,DEF,"MIN 27 @ DET 24, Final","24 PTS ALLOWED,5 SACK,FUM REC,BLK KICK",$14,7.4,9.00,79,2025-11-03 16:23:12,Week 9,Sunday
Los Angeles Rams,DEF,"NO 10 @ LA 34, Final","10 PTS ALLOWED,SACK,INT,FUM REC",$17,8.8,9.00,80,2025-11-03 16:23:12,Week 9,Sunday
Ty Johnson,RB,"KC 21 @ BUF 28, Final","2 RUSH ATT,8 RUSH YD,RUSH TD,2 TGT,2 REC,12 REC YD",$10,2.3,9.00,81,2025-11-03 16:23:12,Week 9,Sunday
Gunner Olszewski,WR,"SF 34 @ NYG 24, Final","TGT,REC,24 REC YD,REC TD",$10,1.0,8.90,82,2025-11-03 16:23:12,Week 9,Sunday
Tyler Higbee,TE,"NO 10 @ LA 34, Final","4 TGT,3 REC,13 REC YD,REC TD",$10,5.6,8.80,83,2025-11-03 16:23:12,Week 9,Sunday
Darius Slayton,WR,"SF 34 @ NYG 24, Final","7 TGT,5 REC,62 REC YD",$16,4.7,8.70,84,2025-11-03 16:23:12,Week 9,Sunday
Hollywood Brown,WR,"KC 21 @ BUF 28, Final","4 TGT,2 REC,73 REC YD",$16,8.9,8.30,85,2025-11-03 16:23:12,Week 9,Sunday
Calvin Austin III,WR,"IND 20 @ PIT 27, Final","6 TGT,5 REC,56 REC YD",$15,7.3,8.10,86,2025-11-03 16:23:12,Week 9,Sunday
T.J. Hockenson,TE,"MIN 27 @ DET 24, Final","3 TGT,2 REC,11 REC YD,REC TD",$14,6.2,8.10,87,2025-11-03 16:23:12,Week 9,Sunday
Houston Texans,DEF,"DEN 18 @ HOU 15, Final","18 PTS ALLOWED,SACK,INT,FUM REC,BLK KICK",$17,9.3,8.00,88,2025-11-03 16:23:12,Week 9,Sunday
Khalil Shakir,WR,"KC 21 @ BUF 28, Final","8 TGT,7 REC,43 REC YD",$24,9.7,7.80,89,2025-11-03 16:23:12,Week 9,Sunday
Tyjae Spears,RB,"LAC 27 @ TEN 20, Final","7 RUSH ATT,26 RUSH YD,3 TGT,3 REC,36 REC YD",$18,7.5,7.70,90,2025-11-03 16:23:12,Week 9,Sunday
Ladd McConkey,WR,"LAC 27 @ TEN 20, Final","7 TGT,4 REC,56 REC YD",$30,10.4,7.60,91,2025-11-03 16:23:12,Week 9,Sunday
Jordan Addison,WR,"MIN 27 @ DET 24, Final","RUSH ATT,16 RUSH YD,4 TGT,2 REC,48 REC YD",$26,12.2,7.40,92,2025-11-03 16:23:12,Week 9,Sunday
Tony Pollard,RB,"LAC 27 @ TEN 20, Final","10 RUSH ATT,56 RUSH YD,2 TGT,REC,12 REC YD",$19,8.9,7.30,93,2025-11-03 16:23:12,Week 9,Sunday
Chris Olave,WR,"NO 10 @ LA 34, Final","4 TGT,3 REC,57 REC YD",$28,11.1,7.20,94,2025-11-03 16:23:12,Week 9,Sunday
Hunter Henry,TE,"ATL 23 @ NE 24, Final","6 TGT,4 REC,51 REC YD",$15,8.4,7.10,95,2025-11-03 16:23:12,Week 9,Sunday
Detroit Lions,DEF,"MIN 27 @ DET 24, Final","27 PTS ALLOWED,5 SACK,INT",$16,8.3,7.00,96,2025-11-03 16:23:12,Week 9,Sunday
Chimere Dike,WR,"LAC 27 @ TEN 20, Final","3 TGT,REC,5 REC YD,PRTD",$13,4.8,7.00,97,2025-11-03 16:23:12,Week 9,Sunday
Brian Thomas Jr.Q,WR,"JAC 30 @ LV 29, Final OT","5 TGT,3 REC,55 REC YD",$24,8.8,7.00,98,2025-11-03 16:23:12,Week 9,Sunday
Christian Watson,WR,"CAR 16 @ GB 13, Final","4 TGT,2 REC,58 REC YD",$11,8.7,6.80,99,2025-11-03 16:23:12,Week 9,Sunday
Jonathan Taylor,RB,"IND 20 @ PIT 27, Final","14 RUSH ATT,45 RUSH YD,2 TGT,2 REC,12 REC YD",$45,23.4,6.70,100,2025-11-03 16:23:12,Week 9,Sunday
Scott Matlock,RB,"LAC 27 @ TEN 20, Final","TGT,REC,2 REC YD,REC TD",$10,3.7,6.70,101,2025-11-03 16:23:12,Week 9,Sunday
Tetairoa McMillan,WR,"CAR 16 @ GB 13, Final","6 TGT,4 REC,46 REC YD",$28,9.8,6.60,102,2025-11-03 16:23:13,Week 9,Sunday
J.K. Dobbins,RB,"DEN 18 @ HOU 15, Final","15 RUSH ATT,61 RUSH YD,TGT,REC,-2 REC YD",$24,11.3,6.40,103,2025-11-03 16:23:13,Week 9,Sunday
Cam Ward,QB,"LAC 27 @ TEN 20, Final","145 PASS YD,2 RUSH ATT,6 RUSH YD",$23,8.8,6.40,104,2025-11-03 16:23:13,Week 9,Sunday
Terrance Ferguson,TE,"NO 10 @ LA 34, Final","3 TGT,2 REC,54 REC YD",$10,4.7,6.40,105,2025-11-03 16:23:13,Week 9,Sunday
Troy Franklin,WR,"DEN 18 @ HOU 15, Final","2 RUSH ATT,-4 RUSH YD,10 TGT,4 REC,27 REC YD,2PT",$19,9.5,6.30,106,2025-11-03 16:23:13,Week 9,Sunday
Darnell Washington,TE,"IND 20 @ PIT 27, Final","6 TGT,4 REC,43 REC YD",$10,3.9,6.30,107,2025-11-03 16:23:13,Week 9,Sunday
Davis Mills,QB,"DEN 18 @ HOU 15, Final","137 PASS YD,2 RUSH ATT,7 RUSH YD",$20,3.7,6.18,108,2025-11-03 16:23:13,Week 9,Sunday
Devin Singletary,RB,"SF 34 @ NYG 24, Final","8 RUSH ATT,43 RUSH YD,2 TGT,2 REC,8 REC YD",$10,2.1,6.10,109,2025-11-03 16:23:13,Week 9,Sunday
Elic Ayomanor,WR,"LAC 27 @ TEN 20, Final","6 TGT,3 REC,46 REC YD",$14,6.4,6.10,110,2025-11-03 16:23:13,Week 9,Sunday
Charlie Jones,WR,"CHI 47 @ CIN 42, Final",KRTD,$10,0.8,6.00,111,2025-11-03 16:23:13,Week 9,Sunday
Cincinnati Bengals,DEF,"CHI 47 @ CIN 42, Final","47 PTS ALLOWED,2 SACK,BLK KICK,RET TD",$10,2.4,6.00,112,2025-11-03 16:23:13,Week 9,Sunday
Kyle Pitts Sr.,TE,"ATL 23 @ NE 24, Final","7 TGT,4 REC,38 REC YD",$16,8.2,5.80,113,2025-11-03 16:23:13,Week 9,Sunday
Blake Corum,RB,"NO 10 @ LA 34, Final","13 RUSH ATT,58 RUSH YD",$10,4.3,5.80,114,2025-11-03 16:23:13,Week 9,Sunday
Kenneth Gainwell,RB,"IND 20 @ PIT 27, Final","3 RUSH ATT,-1 RUSH YD,5 TGT,4 REC,35 REC YD",$16,7.9,5.40,115,2025-11-03 16:23:13,Week 9,Sunday
Tre Tucker,WR,"JAC 30 @ LV 29, Final OT","4 TGT,3 REC,38 REC YD",$18,10.7,5.30,116,2025-11-03 16:23:13,Week 9,Sunday
Tyrone Tracy Jr.,RB,"SF 34 @ NYG 24, Final","5 RUSH ATT,18 RUSH YD,4 TGT,3 REC,19 REC YD",$17,5.6,5.20,117,2025-11-03 16:23:13,Week 9,Sunday
Tanner Hudson,TE,"CHI 47 @ CIN 42, Final","2 TGT,2 REC,42 REC YD",$10,5.2,5.20,118,2025-11-03 16:23:13,Week 9,Sunday
Davis Allen,TE,"NO 10 @ LA 34, Final","4 TGT,3 REC,37 REC YD",$10,3.4,5.20,119,2025-11-03 16:23:13,Week 9,Sunday
Tyler Warren,TE,"IND 20 @ PIT 27, Final","7 TGT,5 REC,26 REC YD",$24,10.8,5.10,120,2025-11-03 16:23:13,Week 9,Sunday
Keenan Allen,WR,"LAC 27 @ TEN 20, Final","5 TGT,2 REC,41 REC YD",$22,11.2,5.10,121,2025-11-03 16:23:13,Week 9,Sunday
Denver Broncos,DEF,"DEN 18 @ HOU 15, Final","15 PTS ALLOWED,4 SACK",$16,7.7,5.00,122,2025-11-03 16:23:13,Week 9,Sunday
Indianapolis Colts,DEF,"IND 20 @ PIT 27, Final","27 PTS ALLOWED,3 SACK,FUM REC",$16,8.2,5.00,123,2025-11-03 16:23:13,Week 9,Sunday
Los Angeles Chargers,DEF,"LAC 27 @ TEN 20, Final","14 PTS ALLOWED,4 SACK",$14,5.3,5.00,124,2025-11-03 16:23:13,Week 9,Sunday
Chicago Bears,DEF,"CHI 47 @ CIN 42, Final","42 PTS ALLOWED,3 SACK,2 INT,FUM REC",$15,7.0,5.00,125,2025-11-03 16:23:13,Week 9,Sunday
Buffalo Bills,DEF,"KC 21 @ BUF 28, Final","21 PTS ALLOWED,3 SACK,INT",$13,6.3,5.00,126,2025-11-03 16:23:13,Week 9,Sunday
George Kittle,TE,"SF 34 @ NYG 24, Final","RUSH ATT,-3 RUSH YD,4 TGT,4 REC,32 REC YD",$22,6.9,4.90,127,2025-11-03 16:23:13,Week 9,Sunday
Luke Musgrave,TE,"CAR 16 @ GB 13, Final","3 TGT,3 REC,34 REC YD",$10,2.2,4.90,128,2025-11-03 16:23:14,Week 9,Sunday
Christian Kirk,WR,"DEN 18 @ HOU 15, Final","8 TGT,4 REC,26 REC YD",$16,5.1,4.60,129,2025-11-03 16:23:14,Week 9,Sunday
Xavier Hutchinson,WR,"DEN 18 @ HOU 15, Final","5 TGT,3 REC,30 REC YD",$12,6.4,4.50,130,2025-11-03 16:23:14,Week 9,Sunday
Xavier Worthy,WR,"KC 21 @ BUF 28, Final","RUSH ATT,7 RUSH YD,7 TGT,3 REC,23 REC YD",$25,7.3,4.50,131,2025-11-03 16:23:14,Week 9,Sunday
Kendrick Bourne,WR,"SF 34 @ NYG 24, Final","2 TGT,2 REC,34 REC YD",$15,7.7,4.40,132,2025-11-03 16:23:14,Week 9,Sunday
Jaret Patterson,RB,"LAC 27 @ TEN 20, Final","9 RUSH ATT,44 RUSH YD",$10,3.7,4.40,133,2025-11-03 16:23:14,Week 9,Sunday
Dyami BrownQ,WR,"JAC 30 @ LV 29, Final OT","RUSH ATT,4 RUSH YD,7 TGT,3 REC,25 REC YD",$12,5.7,4.40,134,2025-11-03 16:23:14,Week 9,Sunday
C.J. StroudQ,QB,"DEN 18 @ HOU 15, Final","79 PASS YD,2 RUSH ATT,12 RUSH YD",$31,15.7,4.36,135,2025-11-03 16:23:14,Week 9,Sunday
Jahmyr Gibbs,RB,"MIN 27 @ DET 24, Final","9 RUSH ATT,25 RUSH YD,3 TGT,3 REC,3 REC YD",$39,16.4,4.30,136,2025-11-03 16:23:14,Week 9,Sunday
Jakobi Meyers,WR,"JAC 30 @ LV 29, Final OT","6 TGT,4 REC,23 REC YD",$24,7.4,4.30,137,2025-11-03 16:23:14,Week 9,Sunday
Jordan Mason,RB,"MIN 27 @ DET 24, Final","10 RUSH ATT,36 RUSH YD,TGT,REC,REC YD",$18,9.2,4.20,138,2025-11-03 16:23:14,Week 9,Sunday
Michael Mayer,TE,"JAC 30 @ LV 29, Final OT","7 TGT,3 REC,26 REC YD",$10,4.5,4.10,139,2025-11-03 16:23:14,Week 9,Sunday
Jonnu Smith,TE,"IND 20 @ PIT 27, Final","5 TGT,3 REC,25 REC YD",$12,5.2,4.00,140,2025-11-03 16:23:14,Week 9,Sunday
Green Bay Packers,DEF,"CAR 16 @ GB 13, Final","16 PTS ALLOWED,SACK,INT",$14,4.9,4.00,141,2025-11-03 16:23:14,Week 9,Sunday
Bryce Young,QB,"CAR 16 @ GB 13, Final","102 PASS YD,INT,2 RUSH ATT,9 RUSH YD",$25,12.7,3.98,142,2025-11-03 16:23:14,Week 9,Sunday
Adam Trautman,TE,"DEN 18 @ HOU 15, Final","2 TGT,2 REC,25 REC YD",$10,3.8,3.50,143,2025-11-03 16:23:14,Week 9,Sunday
Dawson Knox,TE,"KC 21 @ BUF 28, Final","TGT,REC,30 REC YD",$10,3.2,3.50,144,2025-11-03 16:23:14,Week 9,Sunday
Nick Chubb,RB,"DEN 18 @ HOU 15, Final","11 RUSH ATT,34 RUSH YD",$15,7.2,3.40,145,2025-11-03 16:23:14,Week 9,Sunday
Chris Brooks,RB,"CAR 16 @ GB 13, Final","2 TGT,2 REC,24 REC YD",$10,1.3,3.40,146,2025-11-03 16:23:14,Week 9,Sunday
Elijah Moore,WR,"KC 21 @ BUF 28, Final","TGT,REC,28 REC YD",$10,3.2,3.30,147,2025-11-03 16:23:14,Week 9,Sunday
Mitch Tinsley,WR,"CHI 47 @ CIN 42, Final","2 TGT,REC,27 REC YD",$10,3.1,3.20,148,2025-11-03 16:23:14,Week 9,Sunday
Pat Bryant,WR,"DEN 18 @ HOU 15, Final","3 TGT,2 REC,20 REC YD",$10,3.5,3.00,149,2025-11-03 16:23:14,Week 9,Sunday
New York Giants,DEF,"SF 34 @ NYG 24, Final","34 PTS ALLOWED,2 SACK,FUM REC",$10,2.9,3.00,150,2025-11-03 16:23:14,Week 9,Sunday
Tucker KraftQ,TE,"CAR 16 @ GB 13, Final","3 TGT,2 REC,20 REC YD",$23,12.6,3.00,151,2025-11-03 16:23:14,Week 9,Sunday
Kimani Vidal,RB,"LAC 27 @ TEN 20, Final","12 RUSH ATT,30 RUSH YD,TGT",$24,8.6,3.00,152,2025-11-03 16:23:14,Week 9,Sunday
Jacksonville Jaguars,DEF,"JAC 30 @ LV 29, Final OT","29 PTS ALLOWED,2 SACK,INT",$15,6.8,3.00,153,2025-11-03 16:23:15,Week 9,Sunday
Taysom Hill,TE,"NO 10 @ LA 34, Final","4 RUSH ATT,30 RUSH YD",$10,2.7,3.00,154,2025-11-03 16:23:15,Week 9,Sunday
Tre' Harris,WR,"LAC 27 @ TEN 20, Final","2 TGT,2 REC,18 REC YD",$10,3.1,2.80,155,2025-11-03 16:23:15,Week 9,Sunday
Woody Marks,RB,"DEN 18 @ HOU 15, Final","10 RUSH ATT,27 RUSH YD,3 TGT",$21,8.1,2.70,156,2025-11-03 16:23:15,Week 9,Sunday
Xavier Legette,WR,"CAR 16 @ GB 13, Final","3 TGT,REC,22 REC YD",$16,5.7,2.70,157,2025-11-03 16:23:15,Week 9,Sunday
Keon Coleman,WR,"KC 21 @ BUF 28, Final","2 TGT,2 REC,17 REC YD",$14,6.6,2.70,158,2025-11-03 16:23:15,Week 9,Sunday
Skyy Moore,WR,"SF 34 @ NYG 24, Final","TGT,REC,21 REC YD",$10,0.7,2.60,159,2025-11-03 16:23:15,Week 9,Sunday
Van Jefferson,WR,"LAC 27 @ TEN 20, Final","4 TGT,REC,21 REC YD",$10,3.4,2.60,160,2025-11-03 16:23:15,Week 9,Sunday
Brandin Cooks,WR,"NO 10 @ LA 34, Final","3 TGT,2 REC,16 REC YD",$10,2.9,2.60,161,2025-11-03 16:23:15,Week 9,Sunday
Austin Hooper,TE,"ATL 23 @ NE 24, Final","TGT,REC,20 REC YD",$10,3.7,2.50,162,2025-11-03 16:23:15,Week 9,Sunday
Jordan Watkins,WR,"SF 34 @ NYG 24, Final","TGT,REC,19 REC YD",$10,1.8,2.40,163,2025-11-03 16:23:15,Week 9,Sunday
Jackson Hawes,TE,"KC 21 @ BUF 28, Final","2 TGT,REC,18 REC YD",$10,3.0,2.30,164,2025-11-03 16:23:15,Week 9,Sunday
Emanuel Wilson,RB,"CAR 16 @ GB 13, Final","6 RUSH ATT,16 RUSH YD,2 TGT,REC,REC YD",$13,3.5,2.20,165,2025-11-03 16:23:15,Week 9,Sunday
Xavier Smith,WR,"NO 10 @ LA 34, Final","3 TGT,2 REC,12 REC YD",$10,1.1,2.20,166,2025-11-03 16:23:15,Week 9,Sunday
Jalen Nailor,WR,"MIN 27 @ DET 24, Final","4 TGT,REC,16 REC YD",$11,4.3,2.10,167,2025-11-03 16:23:15,Week 9,Sunday
San Francisco 49ers,DEF,"SF 34 @ NYG 24, Final","24 PTS ALLOWED,2 SACK",$11,4.2,2.00,168,2025-11-03 16:23:15,Week 9,Sunday
Chig Okonkwo,TE,"LAC 27 @ TEN 20, Final","2 TGT,2 REC,10 REC YD",$12,4.7,2.00,169,2025-11-03 16:23:15,Week 9,Sunday
Gunnar Helm,TE,"LAC 27 @ TEN 20, Final","TGT,REC,15 REC YD",$10,3.9,2.00,170,2025-11-03 16:23:15,Week 9,Sunday
Darnell Mooney,WR,"ATL 23 @ NE 24, Final","2 TGT,REC,15 REC YD",$16,3.9,2.00,171,2025-11-03 16:23:15,Week 9,Sunday
Las Vegas Raiders,DEF,"JAC 30 @ LV 29, Final OT","30 PTS ALLOWED,SACK,INT",$10,3.9,2.00,172,2025-11-03 16:23:15,Week 9,Sunday
Colby Parkinson,TE,"NO 10 @ LA 34, Final","2 TGT,2 REC,10 REC YD",$10,1.9,2.00,173,2025-11-03 16:23:15,Week 9,Sunday
Kansas City Chiefs,DEF,"KC 21 @ BUF 28, Final","28 PTS ALLOWED,3 SACK",$13,6.7,2.00,174,2025-11-03 16:23:15,Week 9,Sunday
Matthew GoldenQ,WR,"CAR 16 @ GB 13, Final","3 TGT,2 REC,9 REC YD",$18,5.3,1.90,175,2025-11-03 16:23:15,Week 9,Sunday
Mack Hollins,WR,"ATL 23 @ NE 24, Final","2 TGT,2 REC,9 REC YD",$11,5.5,1.90,176,2025-11-03 16:23:15,Week 9,Sunday
Raheem Mostert,RB,"JAC 30 @ LV 29, Final OT","TGT,REC,14 REC YD",$10,2.4,1.90,177,2025-11-03 16:23:15,Week 9,Sunday
Kaleb Johnson,RB,"IND 20 @ PIT 27, Final","RUSH ATT,4 RUSH YD,TGT,REC,9 REC YD",$10,1.1,1.80,178,2025-11-03 16:23:16,Week 9,Sunday
Kyle Juszczyk,RB,"SF 34 @ NYG 24, Final","2 TGT,REC,12 REC YD",$10,2.8,1.70,179,2025-11-03 16:23:16,Week 9,Sunday
Chuba Hubbard,RB,"CAR 16 @ GB 13, Final","5 RUSH ATT,17 RUSH YD,TGT",$21,9.6,1.70,180,2025-11-03 16:23:16,Week 9,Sunday
Tucker Fisk,TE,"LAC 27 @ TEN 20, Final","TGT,REC,12 REC YD",$10,0.6,1.70,181,2025-11-03 16:23:16,Week 9,Sunday
Devin Neal,RB,"NO 10 @ LA 34, Final","3 RUSH ATT,11 RUSH YD,TGT,REC,REC YD",$10,1.3,1.70,182,2025-11-03 16:23:16,Week 9,Sunday
Tyler Badie,RB,"DEN 18 @ HOU 15, Final","3 TGT,2 REC,6 REC YD",$10,1.8,1.60,183,2025-11-03 16:23:16,Week 9,Sunday
DK Metcalf,WR,"IND 20 @ PIT 27, Final","4 TGT,2 REC,6 REC YD",$30,11.4,1.60,184,2025-11-03 16:23:16,Week 9,Sunday
Malik Heath,WR,"CAR 16 @ GB 13, Final","TGT,REC,11 REC YD",$10,2.9,1.60,185,2025-11-03 16:23:16,Week 9,Sunday
Brock Wright,TE,"MIN 27 @ DET 24, Final","TGT,REC,11 REC YD",$10,5.9,1.60,186,2025-11-03 16:23:16,Week 9,Sunday
LeQuint Allen Jr.,RB,"JAC 30 @ LV 29, Final OT","RUSH ATT,10 RUSH YD,TGT,REC,REC YD",$10,1.2,1.60,187,2025-11-03 16:23:16,Week 9,Sunday
Cole KmetQ,TE,"CHI 47 @ CIN 42, Final","2 TGT,REC,10 REC YD",$10,3.6,1.50,188,2025-11-03 16:23:16,Week 9,Sunday
Luke Farrell,TE,"SF 34 @ NYG 24, Final","TGT,REC,9 REC YD",$10,1.8,1.40,189,2025-11-03 16:23:16,Week 9,Sunday
Jalen Coker,WR,"CAR 16 @ GB 13, Final","TGT,REC,9 REC YD",$13,2.2,1.40,190,2025-11-03 16:23:16,Week 9,Sunday
Ian Thomas,TE,"JAC 30 @ LV 29, Final OT","TGT,REC,9 REC YD",$10,1.5,1.40,191,2025-11-03 16:23:16,Week 9,Sunday
Tyler Goodson,RB,"IND 20 @ PIT 27, Final","2 TGT,REC,8 REC YD",$10,0.7,1.30,192,2025-11-03 16:23:16,Week 9,Sunday
Brycen Tremayne,WR,"CAR 16 @ GB 13, Final","TGT,REC,8 REC YD",$10,2.1,1.30,193,2025-11-03 16:23:16,Week 9,Sunday
Jimmy Horn Jr.,WR,"CAR 16 @ GB 13, Final","RUSH ATT,7 RUSH YD,2 TGT,REC,REC YD",$10,2.8,1.30,194,2025-11-03 16:23:16,Week 9,Sunday
Adonai Mitchell,WR,"IND 20 @ PIT 27, Final","TGT,REC,7 REC YD",$10,2.2,1.20,195,2025-11-03 16:23:16,Week 9,Sunday
Tyrell Shavers,WR,"KC 21 @ BUF 28, Final","TGT,REC,7 REC YD",$10,1.5,1.20,196,2025-11-03 16:23:16,Week 9,Sunday
Hunter Long,TE,"JAC 30 @ LV 29, Final OT","3 TGT,REC,6 REC YD",$10,3.8,1.10,197,2025-11-03 16:23:16,Week 9,Sunday
Curtis Samuel,WR,"KC 21 @ BUF 28, Final","TGT,REC,6 REC YD",$10,3.0,1.10,198,2025-11-03 16:23:16,Week 9,Sunday
Ameer Abdullah,RB,"IND 20 @ PIT 27, Final","RUSH ATT,3 RUSH YD,TGT,REC,2 REC YD",$10,2.8,1.00,199,2025-11-03 16:23:16,Week 9,Sunday
Ja'Tavion Sanders,TE,"CAR 16 @ GB 13, Final","TGT,REC,5 REC YD",$10,3.2,1.00,200,2025-11-03 16:23:16,Week 9,Sunday
New England Patriots,DEF,"ATL 23 @ NE 24, Final","23 PTS ALLOWED,SACK",$19,8.6,1.00,201,2025-11-03 16:23:16,Week 9,Sunday
New Orleans Saints,DEF,"NO 10 @ LA 34, Final","34 PTS ALLOWED,2 SACK",$12,4.9,1.00,202,2025-11-03 16:23:16,Week 9,Sunday
Jayden Higgins,WR,"DEN 18 @ HOU 15, Final","TGT,REC,4 REC YD",$12,4.4,0.90,203,2025-11-03 16:23:16,Week 9,Sunday
Tyson Bagent,QB,"CHI 47 @ CIN 42, Final",20 PASS YD,$20,1.3,0.80,204,2025-11-03 16:23:17,Week 9,Sunday
Dare Ogunbowale,RB,"DEN 18 @ HOU 15, Final","TGT,REC,2 REC YD",$10,0.6,0.70,205,2025-11-03 16:23:17,Week 9,Sunday
Harrison Bryant,TE,"DEN 18 @ HOU 15, Final","2 TGT,REC,2 REC YD",$10,0.3,0.70,206,2025-11-03 16:23:17,Week 9,Sunday
JuJu Smith-Schuster,WR,"KC 21 @ BUF 28, Final","TGT,REC,2 REC YD",$10,5.3,0.70,207,2025-11-03 16:23:17,Week 9,Sunday
Brashard Smith,RB,"KC 21 @ BUF 28, Final","3 RUSH ATT,7 RUSH YD,TGT",$10,3.0,0.70,208,2025-11-03 16:23:17,Week 9,Sunday
Tyler Allgeier,RB,"ATL 23 @ NE 24, Final","2 RUSH ATT,6 RUSH YD",$15,6.2,0.60,209,2025-11-03 16:23:17,Week 9,Sunday
Samaje PerineQ,RB,"CHI 47 @ CIN 42, Final","RUSH ATT,5 RUSH YD",$12,3.4,0.50,210,2025-11-03 16:23:17,Week 9,Sunday
Connor Heyward,TE,"IND 20 @ PIT 27, Final","RUSH ATT,4 RUSH YD",$10,1.6,0.40,211,2025-11-03 16:23:17,Week 9,Sunday
Adam Prentice,RB,"DEN 18 @ HOU 15, Final","RUSH ATT,2 RUSH YD",$10,0.4,0.20,212,2025-11-03 16:23:17,Week 9,Sunday
Savion Williams,WR,"CAR 16 @ GB 13, Final","RUSH ATT,2 TGT,2 REC,12 REC YD,FUM LOST",$10,1.8,0.20,213,2025-11-03 16:23:17,Week 9,Sunday
Alvin Kamara,RB,"NO 10 @ LA 34, Final","6 RUSH ATT,14 RUSH YD,3 TGT,REC,3 REC YD,FUM LOST",$20,7.6,0.20,214,2025-11-03 16:23:17,Week 9,Sunday
Tahj Brooks,RB,"CHI 47 @ CIN 42, Final","RUSH ATT,RUSH YD",$10,0.3,0.10,215,2025-11-03 16:23:17,Week 9,Sunday
Evan Engram,TE,"DEN 18 @ HOU 15, Final",3 TGT,$14,5.2,0.00,216,2025-11-03 16:23:17,Week 9,Sunday
Trent Sherfield Sr.Q,WR,"DEN 18 @ HOU 15, Final",,$10,0.9,0.00,217,2025-11-03 16:23:17,Week 9,Sunday
Jarrett Stidham,QB,"DEN 18 @ HOU 15, Final",,$20,-0.1,0.00,218,2025-11-03 16:23:17,Week 9,Sunday
Marvin Mims Jr.O,WR,"DEN 18 @ HOU 15, Final",,$15,6.2,0.00,219,2025-11-03 16:23:17,Week 9,Sunday
Jaleel McLaughlin,RB,"DEN 18 @ HOU 15, Final",,$10,—,0.00,220,2025-11-03 16:23:17,Week 9,Sunday
Nate AdkinsO,TE,"DEN 18 @ HOU 15, Final",,$10,2.3,0.00,221,2025-11-03 16:23:17,Week 9,Sunday
Braxton Berrios,WR,"DEN 18 @ HOU 15, Final",,$10,2.2,0.00,222,2025-11-03 16:23:17,Week 9,Sunday
Dameon Pierce,RB,"DEN 18 @ HOU 15, Final",,$10,0.9,0.00,223,2025-11-03 16:23:17,Week 9,Sunday
Tank DellPUP,WR,"DEN 18 @ HOU 15, Final",,$11,8.2,0.00,224,2025-11-03 16:23:17,Week 9,Sunday
British Brooks,RB,"DEN 18 @ HOU 15, Final",2 RUSH ATT,$10,0.5,0.00,225,2025-11-03 16:23:17,Week 9,Sunday
Graham Mertz,QB,"DEN 18 @ HOU 15, Final",,$20,—,0.00,226,2025-11-03 16:23:17,Week 9,Sunday
Sam Ehlinger,QB,"DEN 18 @ HOU 15, Final",,$20,—,0.00,227,2025-11-03 16:23:17,Week 9,Sunday
Jared Wayne,WR,"DEN 18 @ HOU 15, Final",,$10,3.0,0.00,228,2025-11-03 16:23:17,Week 9,Sunday
Cade StoverIR,TE,"DEN 18 @ HOU 15, Final",,$10,4.2,0.00,229,2025-11-03 16:23:18,Week 9,Sunday
Justin WatsonIR,WR,"DEN 18 @ HOU 15, Final",,$10,—,0.00,230,2025-11-03 16:23:18,Week 9,Sunday
Demarcus Robinson,WR,"SF 34 @ NYG 24, Final",TGT,$10,2.8,0.00,231,2025-11-03 16:23:18,Week 9,Sunday
Brandon AiyukPUP,WR,"SF 34 @ NYG 24, Final",,$13,7.1,0.00,232,2025-11-03 16:23:18,Week 9,Sunday
Brock PurdyO,QB,"SF 34 @ NYG 24, Final",,$33,19.2,0.00,233,2025-11-03 16:23:18,Week 9,Sunday
Jake Tonges,TE,"SF 34 @ NYG 24, Final",,$10,8.5,0.00,234,2025-11-03 16:23:18,Week 9,Sunday
Ricky PearsallO,WR,"SF 34 @ NYG 24, Final",,$22,10.6,0.00,235,2025-11-03 16:23:18,Week 9,Sunday
Isaac Guerendo,RB,"SF 34 @ NYG 24, Final",,$10,—,0.00,236,2025-11-03 16:23:18,Week 9,Sunday
Jordan James,RB,"SF 34 @ NYG 24, Final",,$10,—,0.00,237,2025-11-03 16:23:18,Week 9,Sunday
Russell Wilson,QB,"SF 34 @ NYG 24, Final",,$20,10.0,0.00,238,2025-11-03 16:23:18,Week 9,Sunday
Chris Manhertz,TE,"SF 34 @ NYG 24, Final",,$10,0.6,0.00,239,2025-11-03 16:23:18,Week 9,Sunday
Jameis Winston,QB,"SF 34 @ NYG 24, Final",,$20,13.0,0.00,240,2025-11-03 16:23:18,Week 9,Sunday
Daniel BellingerO,TE,"SF 34 @ NYG 24, Final",,$10,5.2,0.00,241,2025-11-03 16:23:18,Week 9,Sunday
Jalin Hyatt,WR,"SF 34 @ NYG 24, Final",,$10,0.8,0.00,242,2025-11-03 16:23:18,Week 9,Sunday
Eric GrayPUP,RB,"SF 34 @ NYG 24, Final",,$10,—,0.00,243,2025-11-03 16:23:18,Week 9,Sunday
Cam SkatteboIR,RB,"SF 34 @ NYG 24, Final",,$10,14.5,0.00,244,2025-11-03 16:23:18,Week 9,Sunday
Thomas Fidone II,TE,"SF 34 @ NYG 24, Final",,$10,—,0.00,245,2025-11-03 16:23:18,Week 9,Sunday
Beaux CollinsQ,WR,"SF 34 @ NYG 24, Final",,$10,0.9,0.00,246,2025-11-03 16:23:18,Week 9,Sunday
Lil'Jordan Humphrey,WR,"SF 34 @ NYG 24, Final",,$10,3.8,0.00,247,2025-11-03 16:23:18,Week 9,Sunday
Jacob CowingIR,WR,"SF 34 @ NYG 24, Final",,$10,—,0.00,248,2025-11-03 16:23:18,Week 9,Sunday
Mo Alie-Cox,TE,"IND 20 @ PIT 27, Final",TGT,$10,1.4,0.00,249,2025-11-03 16:23:18,Week 9,Sunday
Ashton Dulin,WR,"IND 20 @ PIT 27, Final",,$10,1.3,0.00,250,2025-11-03 16:23:18,Week 9,Sunday
Drew Ogletree,TE,"IND 20 @ PIT 27, Final",,$10,—,0.00,251,2025-11-03 16:23:18,Week 9,Sunday
Will Mallory,TE,"IND 20 @ PIT 27, Final",,$10,0.7,0.00,252,2025-11-03 16:23:18,Week 9,Sunday
Anthony GouldO,WR,"IND 20 @ PIT 27, Final",,$10,0.1,0.00,253,2025-11-03 16:23:18,Week 9,Sunday
DJ Giddens,RB,"IND 20 @ PIT 27, Final",,$10,1.7,0.00,254,2025-11-03 16:23:18,Week 9,Sunday
Riley Leonard,QB,"IND 20 @ PIT 27, Final",,$20,0.1,0.00,255,2025-11-03 16:23:19,Week 9,Sunday
Mason Rudolph,QB,"IND 20 @ PIT 27, Final",,$20,0.2,0.00,256,2025-11-03 16:23:19,Week 9,Sunday
Scotty MillerO,WR,"IND 20 @ PIT 27, Final",,$10,0.7,0.00,257,2025-11-03 16:23:19,Week 9,Sunday
Ben Skowronek,WR,"IND 20 @ PIT 27, Final",,$10,1.3,0.00,258,2025-11-03 16:23:19,Week 9,Sunday
Ke'Shawn Williams,WR,"IND 20 @ PIT 27, Final",,$10,—,0.00,259,2025-11-03 16:23:19,Week 9,Sunday
Will HowardIR,QB,"IND 20 @ PIT 27, Final",,$20,—,0.00,260,2025-11-03 16:23:19,Week 9,Sunday
Andy Dalton,QB,"CAR 16 @ GB 13, Final",,$20,2.6,0.00,261,2025-11-03 16:23:19,Week 9,Sunday
Hunter Renfrow,WR,"CAR 16 @ GB 13, Final",,$10,4.7,0.00,262,2025-11-03 16:23:19,Week 9,Sunday
DeeJay Dallas,RB,"CAR 16 @ GB 13, Final",,$10,—,0.00,263,2025-11-03 16:23:19,Week 9,Sunday
Tommy Tremble,TE,"CAR 16 @ GB 13, Final",TGT,$10,3.1,0.00,264,2025-11-03 16:23:19,Week 9,Sunday
James Mitchell,TE,"CAR 16 @ GB 13, Final",,$10,2.2,0.00,265,2025-11-03 16:23:19,Week 9,Sunday
Jonathon BrooksPUP,RB,"CAR 16 @ GB 13, Final",,$10,2.0,0.00,266,2025-11-03 16:23:19,Week 9,Sunday
Trevor Etienne,RB,"CAR 16 @ GB 13, Final",,$10,1.2,0.00,267,2025-11-03 16:23:19,Week 9,Sunday
Mitchell Evans,TE,"CAR 16 @ GB 13, Final",,$10,4.3,0.00,268,2025-11-03 16:23:19,Week 9,Sunday
Malik Willis,QB,"CAR 16 @ GB 13, Final",,$20,8.6,0.00,269,2025-11-03 16:23:19,Week 9,Sunday
John FitzPatrick,TE,"CAR 16 @ GB 13, Final",,$10,2.2,0.00,270,2025-11-03 16:23:19,Week 9,Sunday
Dontayvion WicksO,WR,"CAR 16 @ GB 13, Final",,$10,3.3,0.00,271,2025-11-03 16:23:19,Week 9,Sunday
Hendon Hooker,QB,"CAR 16 @ GB 13, Final",,$20,0.9,0.00,272,2025-11-03 16:23:19,Week 9,Sunday
MarShawn LloydIR,RB,"CAR 16 @ GB 13, Final",,$10,—,0.00,273,2025-11-03 16:23:19,Week 9,Sunday
Jayden ReedIR,WR,"CAR 16 @ GB 13, Final",,$18,6.0,0.00,274,2025-11-03 16:23:19,Week 9,Sunday
Adam Thielen,WR,"MIN 27 @ DET 24, Final",,$10,1.5,0.00,275,2025-11-03 16:23:19,Week 9,Sunday
Carson WentzIR,QB,"MIN 27 @ DET 24, Final",,$20,15.1,0.00,276,2025-11-03 16:23:19,Week 9,Sunday
C.J. HamO,RB,"MIN 27 @ DET 24, Final",,$10,0.5,0.00,277,2025-11-03 16:23:19,Week 9,Sunday
Josh OliverO,TE,"MIN 27 @ DET 24, Final",,$10,4.1,0.00,278,2025-11-03 16:23:19,Week 9,Sunday
Zavier Scott,RB,"MIN 27 @ DET 24, Final",,$10,3.9,0.00,279,2025-11-03 16:23:19,Week 9,Sunday
Tai Felton,WR,"MIN 27 @ DET 24, Final",,$10,0.4,0.00,280,2025-11-03 16:23:19,Week 9,Sunday
Gavin BartholomewPUP,TE,"MIN 27 @ DET 24, Final",,$10,—,0.00,281,2025-11-03 16:23:20,Week 9,Sunday
Max Brosmer,QB,"MIN 27 @ DET 24, Final",,$20,0.5,0.00,282,2025-11-03 16:23:20,Week 9,Sunday
Myles Price,WR,"MIN 27 @ DET 24, Final",,$10,—,0.00,283,2025-11-03 16:23:20,Week 9,Sunday
Ben Yurosek,TE,"MIN 27 @ DET 24, Final",,$10,0.3,0.00,284,2025-11-03 16:23:20,Week 9,Sunday
Kalif Raymond,WR,"MIN 27 @ DET 24, Final",TGT,$10,2.5,0.00,285,2025-11-03 16:23:20,Week 9,Sunday
Kyle Allen,QB,"MIN 27 @ DET 24, Final",,$20,-0.2,0.00,286,2025-11-03 16:23:20,Week 9,Sunday
Ross Dwelley,TE,"MIN 27 @ DET 24, Final",,$10,0.5,0.00,287,2025-11-03 16:23:20,Week 9,Sunday
Craig ReynoldsO,RB,"MIN 27 @ DET 24, Final",,$10,0.1,0.00,288,2025-11-03 16:23:20,Week 9,Sunday
Jacob Saylors,RB,"MIN 27 @ DET 24, Final",,$10,0.2,0.00,289,2025-11-03 16:23:20,Week 9,Sunday
Sione Vaki,RB,"MIN 27 @ DET 24, Final",,$10,—,0.00,290,2025-11-03 16:23:20,Week 9,Sunday
Isaac TeSlaa,WR,"MIN 27 @ DET 24, Final",,$10,3.8,0.00,291,2025-11-03 16:23:20,Week 9,Sunday
Dominic Lovett,WR,"MIN 27 @ DET 24, Final",,$10,—,0.00,292,2025-11-03 16:23:20,Week 9,Sunday
Ty ChandlerIR,RB,"MIN 27 @ DET 24, Final",,$10,—,0.00,293,2025-11-03 16:23:20,Week 9,Sunday
Will DisslyO,TE,"LAC 27 @ TEN 20, Final",,$10,1.6,0.00,294,2025-11-03 16:23:20,Week 9,Sunday
Tyler Conklin,TE,"LAC 27 @ TEN 20, Final",,$10,2.8,0.00,295,2025-11-03 16:23:20,Week 9,Sunday
Trey Lance,QB,"LAC 27 @ TEN 20, Final",,$20,2.9,0.00,296,2025-11-03 16:23:20,Week 9,Sunday
Hassan HaskinsIR,RB,"LAC 27 @ TEN 20, Final",,$10,0.9,0.00,297,2025-11-03 16:23:20,Week 9,Sunday
Derius Davis,WR,"LAC 27 @ TEN 20, Final",,$10,-0.3,0.00,298,2025-11-03 16:23:20,Week 9,Sunday
KeAndre Lambert-Smith,WR,"LAC 27 @ TEN 20, Final",TGT,$10,0.1,0.00,299,2025-11-03 16:23:20,Week 9,Sunday
Brandon Allen,QB,"LAC 27 @ TEN 20, Final",,$20,2.8,0.00,300,2025-11-03 16:23:20,Week 9,Sunday
Calvin RidleyO,WR,"LAC 27 @ TEN 20, Final",,$19,6.2,0.00,301,2025-11-03 16:23:20,Week 9,Sunday
Julius Chestnut,RB,"LAC 27 @ TEN 20, Final",,$10,0.5,0.00,302,2025-11-03 16:23:20,Week 9,Sunday
Bryce OliverO,WR,"LAC 27 @ TEN 20, Final",,$10,0.7,0.00,303,2025-11-03 16:23:20,Week 9,Sunday
David Martin-Robinson,TE,"LAC 27 @ TEN 20, Final",,$10,1.7,0.00,304,2025-11-03 16:23:20,Week 9,Sunday
Nyheim Hines,RB,"LAC 27 @ TEN 20, Final",,$10,-0.1,0.00,305,2025-11-03 16:23:20,Week 9,Sunday
Mason Kinsey,WR,"LAC 27 @ TEN 20, Final",,$10,—,0.00,306,2025-11-03 16:23:20,Week 9,Sunday
James Proche II,WR,"LAC 27 @ TEN 20, Final",,$10,0.4,0.00,307,2025-11-03 16:23:21,Week 9,Sunday
Kalel MullingsIR,RB,"LAC 27 @ TEN 20, Final",,$10,—,0.00,308,2025-11-03 16:23:21,Week 9,Sunday
Kirk Cousins,QB,"ATL 23 @ NE 24, Final",,$20,4.1,0.00,309,2025-11-03 16:23:21,Week 9,Sunday
Jamal Agnew,WR,"ATL 23 @ NE 24, Final",,$10,—,0.00,310,2025-11-03 16:23:21,Week 9,Sunday
KhaDarel Hodge,WR,"ATL 23 @ NE 24, Final",,$10,0.9,0.00,311,2025-11-03 16:23:21,Week 9,Sunday
David Sills V,WR,"ATL 23 @ NE 24, Final",TGT,$10,1.3,0.00,312,2025-11-03 16:23:21,Week 9,Sunday
Charlie Woerner,TE,"ATL 23 @ NE 24, Final",,$10,—,0.00,313,2025-11-03 16:23:21,Week 9,Sunday
Feleipe Franks,TE,"ATL 23 @ NE 24, Final",,$10,0.1,0.00,314,2025-11-03 16:23:21,Week 9,Sunday
Teagan Quitoriano,TE,"ATL 23 @ NE 24, Final",,$10,—,0.00,315,2025-11-03 16:23:21,Week 9,Sunday
Casey WashingtonO,WR,"ATL 23 @ NE 24, Final",,$10,2.5,0.00,316,2025-11-03 16:23:21,Week 9,Sunday
Nathan Carter,RB,"ATL 23 @ NE 24, Final",,$10,2.0,0.00,317,2025-11-03 16:23:21,Week 9,Sunday
Joshua Dobbs,QB,"ATL 23 @ NE 24, Final",,$20,0.0,0.00,318,2025-11-03 16:23:21,Week 9,Sunday
Rhamondre StevensonO,RB,"ATL 23 @ NE 24, Final",,$18,8.4,0.00,319,2025-11-03 16:23:21,Week 9,Sunday
Kayshon BoutteQ,WR,"ATL 23 @ NE 24, Final",TGT,$21,9.4,0.00,320,2025-11-03 16:23:21,Week 9,Sunday
Tommy DeVito,QB,"ATL 23 @ NE 24, Final",,$20,6.7,0.00,321,2025-11-03 16:23:21,Week 9,Sunday
Jack Westover,RB,"ATL 23 @ NE 24, Final",,$10,—,0.00,322,2025-11-03 16:23:21,Week 9,Sunday
Kyle Williams,WR,"ATL 23 @ NE 24, Final",TGT,$10,0.5,0.00,323,2025-11-03 16:23:21,Week 9,Sunday
Efton Chism III,WR,"ATL 23 @ NE 24, Final",,$10,—,0.00,324,2025-11-03 16:23:21,Week 9,Sunday
Easton Stick,QB,"ATL 23 @ NE 24, Final",,$20,—,0.00,325,2025-11-03 16:23:21,Week 9,Sunday
Dylan Drummond,WR,"ATL 23 @ NE 24, Final",,$10,—,0.00,326,2025-11-03 16:23:21,Week 9,Sunday
Case Keenum,QB,"CHI 47 @ CIN 42, Final",,$20,—,0.00,327,2025-11-03 16:23:21,Week 9,Sunday
Durham Smythe,TE,"CHI 47 @ CIN 42, Final",,$10,0.8,0.00,328,2025-11-03 16:23:21,Week 9,Sunday
D'Andre SwiftO,RB,"CHI 47 @ CIN 42, Final",,$32,14.7,0.00,329,2025-11-03 16:23:21,Week 9,Sunday
Devin Duvernay,WR,"CHI 47 @ CIN 42, Final",,$10,0.1,0.00,330,2025-11-03 16:23:21,Week 9,Sunday
Roschon JohnsonO,RB,"CHI 47 @ CIN 42, Final",,$10,0.3,0.00,331,2025-11-03 16:23:21,Week 9,Sunday
Rome Odunze,WR,"CHI 47 @ CIN 42, Final",3 TGT,$27,11.6,0.00,332,2025-11-03 16:23:21,Week 9,Sunday
Luther Burden IIIO,WR,"CHI 47 @ CIN 42, Final",,$10,4.3,0.00,333,2025-11-03 16:23:22,Week 9,Sunday
Jahdae Walker,WR,"CHI 47 @ CIN 42, Final",,$10,—,0.00,334,2025-11-03 16:23:22,Week 9,Sunday
Drew Sample,TE,"CHI 47 @ CIN 42, Final",,$10,1.8,0.00,335,2025-11-03 16:23:22,Week 9,Sunday
Jake Browning,QB,"CHI 47 @ CIN 42, Final",,$20,14.0,0.00,336,2025-11-03 16:23:22,Week 9,Sunday
Jermaine Burton,WR,"CHI 47 @ CIN 42, Final",,$10,1.6,0.00,337,2025-11-03 16:23:22,Week 9,Sunday
Erick All Jr.PUP,TE,"CHI 47 @ CIN 42, Final",,$10,3.2,0.00,338,2025-11-03 16:23:22,Week 9,Sunday
Cam Grandy,TE,"CHI 47 @ CIN 42, Final",,$10,1.1,0.00,339,2025-11-03 16:23:22,Week 9,Sunday
Travis Homer,RB,"CHI 47 @ CIN 42, Final",,$10,—,0.00,340,2025-11-03 16:23:22,Week 9,Sunday
Stephen Carlson,TE,"CHI 47 @ CIN 42, Final",,$10,—,0.00,341,2025-11-03 16:23:22,Week 9,Sunday
Johnny Mundt,TE,"JAC 30 @ LV 29, Final OT",,$10,1.0,0.00,342,2025-11-03 16:23:22,Week 9,Sunday
Tim PatrickO,WR,"JAC 30 @ LV 29, Final OT",,$10,2.4,0.00,343,2025-11-03 16:23:22,Week 9,Sunday
Nick Mullens,QB,"JAC 30 @ LV 29, Final OT",,$20,0.3,0.00,344,2025-11-03 16:23:22,Week 9,Sunday
Quintin MorrisO,TE,"JAC 30 @ LV 29, Final OT",,$10,—,0.00,345,2025-11-03 16:23:22,Week 9,Sunday
Cody Schrader,RB,"JAC 30 @ LV 29, Final OT",,$10,0.7,0.00,346,2025-11-03 16:23:22,Week 9,Sunday
Travis HunterIR,WR,"JAC 30 @ LV 29, Final OT",,$22,7.1,0.00,347,2025-11-03 16:23:22,Week 9,Sunday
Alex Bachman,WR,"JAC 30 @ LV 29, Final OT",,$10,0.4,0.00,348,2025-11-03 16:23:22,Week 9,Sunday
Kenny Pickett,QB,"JAC 30 @ LV 29, Final OT",,$20,-1.7,0.00,349,2025-11-03 16:23:22,Week 9,Sunday
Zamir White,RB,"JAC 30 @ LV 29, Final OT",,$10,2.0,0.00,350,2025-11-03 16:23:22,Week 9,Sunday
Justin Shorter,WR,"JAC 30 @ LV 29, Final OT",,$10,—,0.00,351,2025-11-03 16:23:22,Week 9,Sunday
Dylan Laube,RB,"JAC 30 @ LV 29, Final OT",,$10,0.5,0.00,352,2025-11-03 16:23:22,Week 9,Sunday
Jack Bech,WR,"JAC 30 @ LV 29, Final OT",,$10,1.5,0.00,353,2025-11-03 16:23:22,Week 9,Sunday
Dont'e Thornton Jr.,WR,"JAC 30 @ LV 29, Final OT",,$10,2.0,0.00,354,2025-11-03 16:23:22,Week 9,Sunday
Carter Runyon,TE,"JAC 30 @ LV 29, Final OT",,$10,0.8,0.00,355,2025-11-03 16:23:22,Week 9,Sunday
Aidan O'ConnellIR,QB,"JAC 30 @ LV 29, Final OT",,$20,10.8,0.00,356,2025-11-03 16:23:22,Week 9,Sunday
Foster Moreau,TE,"NO 10 @ LA 34, Final",,$10,0.7,0.00,357,2025-11-03 16:23:23,Week 9,Sunday
Jack StollQ,TE,"NO 10 @ LA 34, Final",,$10,2.1,0.00,358,2025-11-03 16:23:23,Week 9,Sunday
Spencer Rattler,QB,"NO 10 @ LA 34, Final",,$21,13.0,0.00,359,2025-11-03 16:23:23,Week 9,Sunday
Devaughn Vele,WR,"NO 10 @ LA 34, Final",,$10,2.1,0.00,360,2025-11-03 16:23:23,Week 9,Sunday
Mason Tipton,WR,"NO 10 @ LA 34, Final",,$10,—,0.00,361,2025-11-03 16:23:23,Week 9,Sunday
Jimmy Garoppolo,QB,"NO 10 @ LA 34, Final",,$20,-0.1,0.00,362,2025-11-03 16:23:23,Week 9,Sunday
Tutu AtwellIR,WR,"NO 10 @ LA 34, Final",,$11,4.1,0.00,363,2025-11-03 16:23:23,Week 9,Sunday
Stetson Bennett IV,QB,"NO 10 @ LA 34, Final",,$20,—,0.00,364,2025-11-03 16:23:23,Week 9,Sunday
Jordan Whittington,WR,"NO 10 @ LA 34, Final",,$10,2.8,0.00,365,2025-11-03 16:23:23,Week 9,Sunday
Jarquez Hunter,RB,"NO 10 @ LA 34, Final",,$10,—,0.00,366,2025-11-03 16:23:23,Week 9,Sunday
Konata Mumpfield,WR,"NO 10 @ LA 34, Final",,$10,2.1,0.00,367,2025-11-03 16:23:23,Week 9,Sunday
Zaire Mitchell-Paden,TE,"NO 10 @ LA 34, Final",,$10,0.4,0.00,368,2025-11-03 16:23:23,Week 9,Sunday
Trey PalmerIR,WR,"NO 10 @ LA 34, Final",,$10,1.9,0.00,369,2025-11-03 16:23:23,Week 9,Sunday
Robert Tonyan,TE,"KC 21 @ BUF 28, Final",,$10,—,0.00,370,2025-11-03 16:23:23,Week 9,Sunday
Gardner Minshew,QB,"KC 21 @ BUF 28, Final",,$20,-0.3,0.00,371,2025-11-03 16:23:23,Week 9,Sunday
Noah Gray,TE,"KC 21 @ BUF 28, Final",TGT,$10,1.9,0.00,372,2025-11-03 16:23:23,Week 9,Sunday
Elijah Mitchell,RB,"KC 21 @ BUF 28, Final",,$10,—,0.00,373,2025-11-03 16:23:23,Week 9,Sunday
Tyquan Thornton,WR,"KC 21 @ BUF 28, Final",TGT,$11,8.0,0.00,374,2025-11-03 16:23:23,Week 9,Sunday
Isiah PachecoO,RB,"KC 21 @ BUF 28, Final",,$18,6.8,0.00,375,2025-11-03 16:23:23,Week 9,Sunday
Nikko Remigio,WR,"KC 21 @ BUF 28, Final",,$10,0.4,0.00,376,2025-11-03 16:23:23,Week 9,Sunday
Jared Wiley,TE,"KC 21 @ BUF 28, Final",,$10,1.2,0.00,377,2025-11-03 16:23:23,Week 9,Sunday
Jalen Royals,WR,"KC 21 @ BUF 28, Final",,$10,—,0.00,378,2025-11-03 16:23:23,Week 9,Sunday
Mitchell Trubisky,QB,"KC 21 @ BUF 28, Final",,$20,0.9,0.00,379,2025-11-03 16:23:23,Week 9,Sunday
Reggie Gilliam,RB,"KC 21 @ BUF 28, Final",,$10,—,0.00,380,2025-11-03 16:23:23,Week 9,Sunday
Joshua PalmerO,WR,"KC 21 @ BUF 28, Final",,$12,5.1,0.00,381,2025-11-03 16:23:23,Week 9,Sunday
Ray Davis,RB,"KC 21 @ BUF 28, Final",,$10,1.7,0.00,382,2025-11-03 16:23:23,Week 9,Sunday
Adrian Martinez,QB,"SF 34 @ NYG 24, Final","RUSH ATT,-1 RUSH YD",$20,-0.1,-0.10,383,2025-11-03 16:23:24,Week 9,Sunday
Jaylin Noel,WR,"DEN 18 @ HOU 15, Final","RUSH ATT,-3 RUSH YD",$10,3.7,-0.30,384,2025-11-03 16:23:24,Week 9,Sunday
Roman Wilson,WR,"IND 20 @ PIT 27, Final","2 TGT,REC,4 REC YD,FUM LOST",$10,4.0,-1.10,385,2025-11-03 16:23:24,Week 9,Sunday
Caleb Williams,QB,"CHI 47 @ CIN 42, Final","280 PASS YD,3 PASS TD,5 RUSH ATT,53 RUSH YD,2 TGT,2 REC,22 REC YD,REC TD",$32,20.0,37.70,1,2025-11-03 16:23:40,Week 9,Sunday
Drake London,WR,"ATL 23 @ NE 24, Final","14 TGT,9 REC,118 REC YD,3 REC TD",$35,15.7,34.30,2,2025-11-03 16:23:40,Week 9,Sunday
Joe Flacco,QB,"CHI 47 @ CIN 42, Final","470 PASS YD,4 PASS TD,2 INT,RUSH ATT,-1 RUSH YD,FUM LOST,2PT",$31,16.7,32.70,3,2025-11-03 16:23:40,Week 9,Sunday
Christian McCaffrey,RB,"SF 34 @ NYG 24, Final","28 RUSH ATT,106 RUSH YD,RUSH TD,6 TGT,5 REC,67 REC YD,REC TD",$41,22.3,31.80,4,2025-11-03 16:23:40,Week 9,Sunday
Tee Higgins,WR,"CHI 47 @ CIN 42, Final","9 TGT,7 REC,121 REC YD,2 REC TD,2PT",$27,11.3,29.60,5,2025-11-03 16:23:40,Week 9,Sunday
Justin Herbert,QB,"LAC 27 @ TEN 20, Final","250 PASS YD,2 PASS TD,INT,9 RUSH ATT,57 RUSH YD,RUSH TD",$40,21.8,28.70,6,2025-11-03 16:23:40,Week 9,Sunday
Jaxson Dart,QB,"SF 34 @ NYG 24, Final","191 PASS YD,2 PASS TD,8 RUSH ATT,56 RUSH YD,RUSH TD",$30,17.1,27.24,7,2025-11-03 16:23:40,Week 9,Sunday
Rico Dowdle,RB,"CAR 16 @ GB 13, Final","25 RUSH ATT,130 RUSH YD,2 RUSH TD,3 TGT,2 REC,11 REC YD",$25,13.8,27.10,8,2025-11-03 16:23:40,Week 9,Sunday
Colston Loveland,TE,"CHI 47 @ CIN 42, Final","7 TGT,6 REC,118 REC YD,2 REC TD",$10,6.3,26.80,9,2025-11-03 16:23:40,Week 9,Sunday
Michael Penix Jr.,QB,"ATL 23 @ NE 24, Final","221 PASS YD,3 PASS TD,2 RUSH ATT,19 RUSH YD",$27,14.9,22.74,10,2025-11-03 16:23:40,Week 9,Sunday
Kyle Monangai,RB,"CHI 47 @ CIN 42, Final","26 RUSH ATT,176 RUSH YD,5 TGT,3 REC,22 REC YD",$12,6.9,21.30,11,2025-11-03 16:23:40,Week 9,Sunday
DJ Moore,WR,"CHI 47 @ CIN 42, Final","2 PASS YD,PASS TD,RUSH ATT,17 RUSH YD,RUSH TD,6 TGT,4 REC,72 REC YD",$21,9.3,20.98,12,2025-11-03 16:23:40,Week 9,Sunday
Tennessee Titans,DEF,"LAC 27 @ TEN 20, Final","27 PTS ALLOWED,6 SACK,INT,TD,RET TD",$10,6.1,20.00,13,2025-11-03 16:23:40,Week 9,Sunday
J.J. McCarthy,QB,"MIN 27 @ DET 24, Final","143 PASS YD,2 PASS TD,INT,9 RUSH ATT,12 RUSH YD,RUSH TD",$25,16.0,19.92,14,2025-11-03 16:23:40,Week 9,Sunday
Bo Nix,QB,"DEN 18 @ HOU 15, Final","173 PASS YD,2 PASS TD,INT,3 RUSH ATT,36 RUSH YD,2PT",$40,20.6,19.52,15,2025-11-03 16:23:41,Week 9,Sunday
Jared Goff,QB,"MIN 27 @ DET 24, Final","284 PASS YD,2 PASS TD",$33,17.5,19.36,16,2025-11-03 16:23:41,Week 9,Sunday
Sam LaPorta,TE,"MIN 27 @ DET 24, Final","8 TGT,6 REC,97 REC YD,REC TD",$20,9.9,18.70,17,2025-11-03 16:23:41,Week 9,Sunday
Pittsburgh Steelers,DEF,"IND 20 @ PIT 27, Final","20 PTS ALLOWED,5 SACK,3 INT,3 FUM REC",$12,7.3,18.00,18,2025-11-03 16:23:41,Week 9,Sunday
Josh Jacobs,RB,"CAR 16 @ GB 13, Final","17 RUSH ATT,87 RUSH YD,RUSH TD,5 TGT,4 REC,13 REC YD",$38,18.2,18.00,19,2025-11-03 16:23:41,Week 9,Sunday
DeMario Douglas,WR,"ATL 23 @ NE 24, Final","6 TGT,4 REC,100 REC YD,REC TD",$11,6.7,18.00,20,2025-11-03 16:23:41,Week 9,Sunday
Drake Maye,QB,"ATL 23 @ NE 24, Final","259 PASS YD,2 PASS TD,INT,8 RUSH ATT,20 RUSH YD,FUM LOST",$38,21.5,17.36,21,2025-11-03 16:23:41,Week 9,Sunday
Daniel Jones,QB,"IND 20 @ PIT 27, Final","342 PASS YD,PASS TD,3 INT,3 RUSH ATT,4 RUSH YD,RUSH TD,2 FUM LOST",$38,20.4,17.08,22,2025-11-03 16:23:41,Week 9,Sunday
Michael Pittman Jr.,WR,"IND 20 @ PIT 27, Final","12 TGT,9 REC,115 REC YD",$29,13.3,16.00,23,2025-11-03 16:23:41,Week 9,Sunday
Jaylen Warren,RB,"IND 20 @ PIT 27, Final","16 RUSH ATT,31 RUSH YD,2 RUSH TD,2 TGT,2 REC,-2 REC YD",$22,12.6,15.90,24,2025-11-03 16:23:41,Week 9,Sunday
Mac Jones,QB,"SF 34 @ NYG 24, Final","235 PASS YD,2 PASS TD,4 RUSH ATT,4 RUSH YD,FUM LOST",$22,16.1,15.80,25,2025-11-03 16:23:41,Week 9,Sunday
Andrei Iosivas,WR,"CHI 47 @ CIN 42, Final","RUSH ATT,4 RUSH YD,7 TGT,5 REC,66 REC YD,REC TD",$11,5.5,15.50,26,2025-11-03 16:23:41,Week 9,Sunday
Chase Brown,RB,"CHI 47 @ CIN 42, Final","11 RUSH ATT,37 RUSH YD,14 TGT,8 REC,75 REC YD",$28,11.0,15.20,27,2025-11-03 16:23:41,Week 9,Sunday
Olamide Zaccheaus,WR,"CHI 47 @ CIN 42, Final","8 TGT,6 REC,58 REC YD,REC TD",$10,6.0,14.80,28,2025-11-03 16:23:41,Week 9,Sunday
Jameson Williams,WR,"MIN 27 @ DET 24, Final","6 TGT,4 REC,66 REC YD,REC TD",$20,8.0,14.60,29,2025-11-03 16:23:41,Week 9,Sunday
Alec Pierce,WR,"IND 20 @ PIT 27, Final","13 TGT,6 REC,115 REC YD",$18,8.9,14.50,30,2025-11-03 16:23:41,Week 9,Sunday
Amon-Ra St. Brown,WR,"MIN 27 @ DET 24, Final","13 TGT,9 REC,97 REC YD",$36,17.0,14.20,31,2025-11-03 16:23:41,Week 9,Sunday
RJ Harvey,RB,"DEN 18 @ HOU 15, Final","2 RUSH ATT,5 RUSH YD,5 TGT,5 REC,51 REC YD,REC TD",$18,9.4,14.10,32,2025-11-03 16:23:41,Week 9,Sunday
Ja'Marr Chase,WR,"CHI 47 @ CIN 42, Final","8 TGT,6 REC,111 REC YD",$38,16.6,14.10,33,2025-11-03 16:23:41,Week 9,Sunday
Justin Jefferson,WR,"MIN 27 @ DET 24, Final","9 TGT,6 REC,47 REC YD,REC TD",$31,12.6,13.70,34,2025-11-03 16:23:41,Week 9,Sunday
Bijan Robinson,RB,"ATL 23 @ NE 24, Final","12 RUSH ATT,46 RUSH YD,10 TGT,8 REC,50 REC YD",$40,18.5,13.60,35,2025-11-03 16:23:41,Week 9,Sunday
Quentin Johnston,WR,"LAC 27 @ TEN 20, Final","5 TGT,4 REC,53 REC YD,REC TD",$22,13.8,13.30,36,2025-11-03 16:23:41,Week 9,Sunday
Josh Downs,WR,"IND 20 @ PIT 27, Final","9 TGT,6 REC,57 REC YD,REC TD,FUM LOST",$19,8.1,12.70,37,2025-11-03 16:23:41,Week 9,Sunday
Romeo Doubs,WR,"CAR 16 @ GB 13, Final","10 TGT,7 REC,91 REC YD",$24,10.9,12.60,38,2025-11-03 16:23:41,Week 9,Sunday
Aaron Rodgers,QB,"IND 20 @ PIT 27, Final","203 PASS YD,PASS TD,2 RUSH ATT",$32,16.8,12.12,39,2025-11-03 16:23:42,Week 9,Sunday
Jauan Jennings,WR,"SF 34 @ NYG 24, Final","5 TGT,4 REC,41 REC YD,REC TD",$18,7.2,12.10,40,2025-11-03 16:23:42,Week 9,Sunday
Brian Robinson Jr.,RB,"SF 34 @ NYG 24, Final","5 RUSH ATT,53 RUSH YD,RUSH TD",$10,3.3,11.30,41,2025-11-03 16:23:42,Week 9,Sunday
Stefon Diggs,WR,"ATL 23 @ NE 24, Final","4 TGT,3 REC,38 REC YD,REC TD",$27,9.5,11.30,42,2025-11-03 16:23:42,Week 9,Sunday
Nico Collins,WR,"DEN 18 @ HOU 15, Final","11 TGT,7 REC,75 REC YD",$30,10.7,11.00,43,2025-11-03 16:23:42,Week 9,Sunday
Terrell Jennings,RB,"ATL 23 @ NE 24, Final","11 RUSH ATT,35 RUSH YD,RUSH TD,TGT,REC,9 REC YD",$10,4.7,10.90,44,2025-11-03 16:23:42,Week 9,Sunday
Aaron Jones Sr.Q,RB,"MIN 27 @ DET 24, Final","9 RUSH ATT,78 RUSH YD,2 TGT,2 REC,20 REC YD",$19,7.8,10.80,45,2025-11-03 16:23:42,Week 9,Sunday
Dalton Schultz,TE,"DEN 18 @ HOU 15, Final","8 TGT,6 REC,77 REC YD",$14,7.2,10.70,46,2025-11-03 16:23:42,Week 9,Sunday
TreVeyon Henderson,RB,"ATL 23 @ NE 24, Final","14 RUSH ATT,55 RUSH YD,6 TGT,4 REC,32 REC YD",$14,6.2,10.70,47,2025-11-03 16:23:42,Week 9,Sunday
Theo Johnson,TE,"SF 34 @ NYG 24, Final","6 TGT,3 REC,27 REC YD,REC TD",$15,7.4,10.20,48,2025-11-03 16:23:42,Week 9,Sunday
Pat Freiermuth,TE,"IND 20 @ PIT 27, Final","4 TGT,3 REC,27 REC YD,REC TD",$13,7.2,10.20,49,2025-11-03 16:23:42,Week 9,Sunday
Jordan Love,QB,"CAR 16 @ GB 13, Final","273 PASS YD,INT,RUSH ATT,RUSH YD",$35,17.9,10.02,50,2025-11-03 16:23:42,Week 9,Sunday
David Montgomery,RB,"MIN 27 @ DET 24, Final","11 RUSH ATT,40 RUSH YD,RUSH TD,4 TGT,2 REC,10 REC YD,FUM LOST",$22,11.1,10.00,51,2025-11-03 16:23:42,Week 9,Sunday
Atlanta Falcons,DEF,"ATL 23 @ NE 24, Final","24 PTS ALLOWED,6 SACK,INT,FUM REC",$12,6.5,10.00,52,2025-11-03 16:23:42,Week 9,Sunday
Noah Fant,TE,"CHI 47 @ CIN 42, Final","3 TGT,2 REC,28 REC YD,REC TD",$12,7.2,9.80,53,2025-11-03 16:23:42,Week 9,Sunday
Courtland Sutton,WR,"DEN 18 @ HOU 15, Final","6 TGT,REC,30 REC YD,REC TD",$26,11.3,9.50,54,2025-11-03 16:23:42,Week 9,Sunday
Oronde Gadsden,TE,"LAC 27 @ TEN 20, Final","5 TGT,5 REC,68 REC YD",$20,10.2,9.30,55,2025-11-03 16:23:42,Week 9,Sunday
Wan'Dale Robinson,WR,"SF 34 @ NYG 24, Final","11 TGT,9 REC,46 REC YD",$23,10.0,9.10,56,2025-11-03 16:23:42,Week 9,Sunday
Carolina Panthers,DEF,"CAR 16 @ GB 13, Final","13 PTS ALLOWED,SACK,INT,FUM REC",$11,5.7,9.00,57,2025-11-03 16:23:42,Week 9,Sunday
Minnesota Vikings,DEF,"MIN 27 @ DET 24, Final","24 PTS ALLOWED,5 SACK,FUM REC,BLK KICK",$14,7.4,9.00,58,2025-11-03 16:23:42,Week 9,Sunday
Gunner Olszewski,WR,"SF 34 @ NYG 24, Final","TGT,REC,24 REC YD,REC TD",$10,1.0,8.90,59,2025-11-03 16:23:42,Week 9,Sunday
Darius Slayton,WR,"SF 34 @ NYG 24, Final","7 TGT,5 REC,62 REC YD",$16,4.7,8.70,60,2025-11-03 16:23:42,Week 9,Sunday
Calvin Austin III,WR,"IND 20 @ PIT 27, Final","6 TGT,5 REC,56 REC YD",$15,7.3,8.10,61,2025-11-03 16:23:42,Week 9,Sunday
T.J. Hockenson,TE,"MIN 27 @ DET 24, Final","3 TGT,2 REC,11 REC YD,REC TD",$14,6.2,8.10,62,2025-11-03 16:23:42,Week 9,Sunday
Houston Texans,DEF,"DEN 18 @ HOU 15, Final","18 PTS ALLOWED,SACK,INT,FUM REC,BLK KICK",$17,9.3,8.00,63,2025-11-03 16:23:43,Week 9,Sunday
Tyjae Spears,RB,"LAC 27 @ TEN 20, Final","7 RUSH ATT,26 RUSH YD,3 TGT,3 REC,36 REC YD",$18,7.5,7.70,64,2025-11-03 16:23:43,Week 9,Sunday
Ladd McConkey,WR,"LAC 27 @ TEN 20, Final","7 TGT,4 REC,56 REC YD",$30,10.4,7.60,65,2025-11-03 16:23:43,Week 9,Sunday
Jordan Addison,WR,"MIN 27 @ DET 24, Final","RUSH ATT,16 RUSH YD,4 TGT,2 REC,48 REC YD",$26,12.2,7.40,66,2025-11-03 16:23:43,Week 9,Sunday
Tony Pollard,RB,"LAC 27 @ TEN 20, Final","10 RUSH ATT,56 RUSH YD,2 TGT,REC,12 REC YD",$19,8.9,7.30,67,2025-11-03 16:23:43,Week 9,Sunday
Hunter Henry,TE,"ATL 23 @ NE 24, Final","6 TGT,4 REC,51 REC YD",$15,8.4,7.10,68,2025-11-03 16:23:43,Week 9,Sunday
Detroit Lions,DEF,"MIN 27 @ DET 24, Final","27 PTS ALLOWED,5 SACK,INT",$16,8.3,7.00,69,2025-11-03 16:23:43,Week 9,Sunday
Chimere Dike,WR,"LAC 27 @ TEN 20, Final","3 TGT,REC,5 REC YD,PRTD",$13,4.8,7.00,70,2025-11-03 16:23:43,Week 9,Sunday
Christian Watson,WR,"CAR 16 @ GB 13, Final","4 TGT,2 REC,58 REC YD",$11,8.7,6.80,71,2025-11-03 16:23:43,Week 9,Sunday
Jonathan Taylor,RB,"IND 20 @ PIT 27, Final","14 RUSH ATT,45 RUSH YD,2 TGT,2 REC,12 REC YD",$45,23.4,6.70,72,2025-11-03 16:23:43,Week 9,Sunday
Scott Matlock,RB,"LAC 27 @ TEN 20, Final","TGT,REC,2 REC YD,REC TD",$10,3.7,6.70,73,2025-11-03 16:23:43,Week 9,Sunday
Tetairoa McMillan,WR,"CAR 16 @ GB 13, Final","6 TGT,4 REC,46 REC YD",$28,9.8,6.60,74,2025-11-03 16:23:43,Week 9,Sunday
J.K. Dobbins,RB,"DEN 18 @ HOU 15, Final","15 RUSH ATT,61 RUSH YD,TGT,REC,-2 REC YD",$24,11.3,6.40,75,2025-11-03 16:23:43,Week 9,Sunday
Cam Ward,QB,"LAC 27 @ TEN 20, Final","145 PASS YD,2 RUSH ATT,6 RUSH YD",$23,8.8,6.40,76,2025-11-03 16:23:43,Week 9,Sunday
Troy Franklin,WR,"DEN 18 @ HOU 15, Final","2 RUSH ATT,-4 RUSH YD,10 TGT,4 REC,27 REC YD,2PT",$19,9.5,6.30,77,2025-11-03 16:23:43,Week 9,Sunday
Darnell Washington,TE,"IND 20 @ PIT 27, Final","6 TGT,4 REC,43 REC YD",$10,3.9,6.30,78,2025-11-03 16:23:43,Week 9,Sunday
Davis Mills,QB,"DEN 18 @ HOU 15, Final","137 PASS YD,2 RUSH ATT,7 RUSH YD",$20,3.7,6.18,79,2025-11-03 16:23:43,Week 9,Sunday
Devin Singletary,RB,"SF 34 @ NYG 24, Final","8 RUSH ATT,43 RUSH YD,2 TGT,2 REC,8 REC YD",$10,2.1,6.10,80,2025-11-03 16:23:43,Week 9,Sunday
Elic Ayomanor,WR,"LAC 27 @ TEN 20, Final","6 TGT,3 REC,46 REC YD",$14,6.4,6.10,81,2025-11-03 16:23:43,Week 9,Sunday
Charlie Jones,WR,"CHI 47 @ CIN 42, Final",KRTD,$10,0.8,6.00,82,2025-11-03 16:23:43,Week 9,Sunday
Cincinnati Bengals,DEF,"CHI 47 @ CIN 42, Final","47 PTS ALLOWED,2 SACK,BLK KICK,RET TD",$10,2.4,6.00,83,2025-11-03 16:23:43,Week 9,Sunday
Kyle Pitts Sr.,TE,"ATL 23 @ NE 24, Final","7 TGT,4 REC,38 REC YD",$16,8.2,5.80,84,2025-11-03 16:23:43,Week 9,Sunday
Kenneth Gainwell,RB,"IND 20 @ PIT 27, Final","3 RUSH ATT,-1 RUSH YD,5 TGT,4 REC,35 REC YD",$16,7.9,5.40,85,2025-11-03 16:23:43,Week 9,Sunday
Tyrone Tracy Jr.,RB,"SF 34 @ NYG 24, Final","5 RUSH ATT,18 RUSH YD,4 TGT,3 REC,19 REC YD",$17,5.6,5.20,86,2025-11-03 16:23:43,Week 9,Sunday
Tanner Hudson,TE,"CHI 47 @ CIN 42, Final","2 TGT,2 REC,42 REC YD",$10,5.2,5.20,87,2025-11-03 16:23:43,Week 9,Sunday
Tyler Warren,TE,"IND 20 @ PIT 27, Final","7 TGT,5 REC,26 REC YD",$24,10.8,5.10,88,2025-11-03 16:23:44,Week 9,Sunday
Keenan Allen,WR,"LAC 27 @ TEN 20, Final","5 TGT,2 REC,41 REC YD",$22,11.2,5.10,89,2025-11-03 16:23:44,Week 9,Sunday
Denver Broncos,DEF,"DEN 18 @ HOU 15, Final","15 PTS ALLOWED,4 SACK",$16,7.7,5.00,90,2025-11-03 16:23:44,Week 9,Sunday
Indianapolis Colts,DEF,"IND 20 @ PIT 27, Final","27 PTS ALLOWED,3 SACK,FUM REC",$16,8.2,5.00,91,2025-11-03 16:23:44,Week 9,Sunday
Los Angeles Chargers,DEF,"LAC 27 @ TEN 20, Final","14 PTS ALLOWED,4 SACK",$14,5.3,5.00,92,2025-11-03 16:23:44,Week 9,Sunday
Chicago Bears,DEF,"CHI 47 @ CIN 42, Final","42 PTS ALLOWED,3 SACK,2 INT,FUM REC",$15,7.0,5.00,93,2025-11-03 16:23:44,Week 9,Sunday
George Kittle,TE,"SF 34 @ NYG 24, Final","RUSH ATT,-3 RUSH YD,4 TGT,4 REC,32 REC YD",$22,6.9,4.90,94,2025-11-03 16:23:44,Week 9,Sunday
Luke Musgrave,TE,"CAR 16 @ GB 13, Final","3 TGT,3 REC,34 REC YD",$10,2.2,4.90,95,2025-11-03 16:23:44,Week 9,Sunday
Christian Kirk,WR,"DEN 18 @ HOU 15, Final","8 TGT,4 REC,26 REC YD",$16,5.1,4.60,96,2025-11-03 16:23:44,Week 9,Sunday
Xavier Hutchinson,WR,"DEN 18 @ HOU 15, Final","5 TGT,3 REC,30 REC YD",$12,6.4,4.50,97,2025-11-03 16:23:44,Week 9,Sunday
Kendrick Bourne,WR,"SF 34 @ NYG 24, Final","2 TGT,2 REC,34 REC YD",$15,7.7,4.40,98,2025-11-03 16:23:44,Week 9,Sunday
Jaret Patterson,RB,"LAC 27 @ TEN 20, Final","9 RUSH ATT,44 RUSH YD",$10,3.7,4.40,99,2025-11-03 16:23:44,Week 9,Sunday
C.J. StroudQ,QB,"DEN 18 @ HOU 15, Final","79 PASS YD,2 RUSH ATT,12 RUSH YD",$31,15.7,4.36,100,2025-11-03 16:23:44,Week 9,Sunday
Jahmyr Gibbs,RB,"MIN 27 @ DET 24, Final","9 RUSH ATT,25 RUSH YD,3 TGT,3 REC,3 REC YD",$39,16.4,4.30,101,2025-11-03 16:23:44,Week 9,Sunday
Jordan Mason,RB,"MIN 27 @ DET 24, Final","10 RUSH ATT,36 RUSH YD,TGT,REC,REC YD",$18,9.2,4.20,102,2025-11-03 16:23:44,Week 9,Sunday
Jonnu Smith,TE,"IND 20 @ PIT 27, Final","5 TGT,3 REC,25 REC YD",$12,5.2,4.00,103,2025-11-03 16:23:44,Week 9,Sunday
Green Bay Packers,DEF,"CAR 16 @ GB 13, Final","16 PTS ALLOWED,SACK,INT",$14,4.9,4.00,104,2025-11-03 16:23:44,Week 9,Sunday
Bryce Young,QB,"CAR 16 @ GB 13, Final","102 PASS YD,INT,2 RUSH ATT,9 RUSH YD",$25,12.7,3.98,105,2025-11-03 16:23:44,Week 9,Sunday
Adam Trautman,TE,"DEN 18 @ HOU 15, Final","2 TGT,2 REC,25 REC YD",$10,3.8,3.50,106,2025-11-03 16:23:44,Week 9,Sunday
Nick Chubb,RB,"DEN 18 @ HOU 15, Final","11 RUSH ATT,34 RUSH YD",$15,7.2,3.40,107,2025-11-03 16:23:44,Week 9,Sunday
Chris Brooks,RB,"CAR 16 @ GB 13, Final","2 TGT,2 REC,24 REC YD",$10,1.3,3.40,108,2025-11-03 16:23:44,Week 9,Sunday
Mitch Tinsley,WR,"CHI 47 @ CIN 42, Final","2 TGT,REC,27 REC YD",$10,3.1,3.20,109,2025-11-03 16:23:44,Week 9,Sunday
Pat Bryant,WR,"DEN 18 @ HOU 15, Final","3 TGT,2 REC,20 REC YD",$10,3.5,3.00,110,2025-11-03 16:23:44,Week 9,Sunday
New York Giants,DEF,"SF 34 @ NYG 24, Final","34 PTS ALLOWED,2 SACK,FUM REC",$10,2.9,3.00,111,2025-11-03 16:23:44,Week 9,Sunday
Tucker KraftQ,TE,"CAR 16 @ GB 13, Final","3 TGT,2 REC,20 REC YD",$23,12.6,3.00,112,2025-11-03 16:23:45,Week 9,Sunday
Kimani Vidal,RB,"LAC 27 @ TEN 20, Final","12 RUSH ATT,30 RUSH YD,TGT",$24,8.6,3.00,113,2025-11-03 16:23:45,Week 9,Sunday
Tre' Harris,WR,"LAC 27 @ TEN 20, Final","2 TGT,2 REC,18 REC YD",$10,3.1,2.80,114,2025-11-03 16:23:45,Week 9,Sunday
Woody Marks,RB,"DEN 18 @ HOU 15, Final","10 RUSH ATT,27 RUSH YD,3 TGT",$21,8.1,2.70,115,2025-11-03 16:23:45,Week 9,Sunday
Xavier Legette,WR,"CAR 16 @ GB 13, Final","3 TGT,REC,22 REC YD",$16,5.7,2.70,116,2025-11-03 16:23:45,Week 9,Sunday
Skyy Moore,WR,"SF 34 @ NYG 24, Final","TGT,REC,21 REC YD",$10,0.7,2.60,117,2025-11-03 16:23:45,Week 9,Sunday
Van Jefferson,WR,"LAC 27 @ TEN 20, Final","4 TGT,REC,21 REC YD",$10,3.4,2.60,118,2025-11-03 16:23:45,Week 9,Sunday
Austin Hooper,TE,"ATL 23 @ NE 24, Final","TGT,REC,20 REC YD",$10,3.7,2.50,119,2025-11-03 16:23:45,Week 9,Sunday
Jordan Watkins,WR,"SF 34 @ NYG 24, Final","TGT,REC,19 REC YD",$10,1.8,2.40,120,2025-11-03 16:23:45,Week 9,Sunday
Emanuel Wilson,RB,"CAR 16 @ GB 13, Final","6 RUSH ATT,16 RUSH YD,2 TGT,REC,REC YD",$13,3.5,2.20,121,2025-11-03 16:23:45,Week 9,Sunday
Jalen Nailor,WR,"MIN 27 @ DET 24, Final","4 TGT,REC,16 REC YD",$11,4.3,2.10,122,2025-11-03 16:23:45,Week 9,Sunday
San Francisco 49ers,DEF,"SF 34 @ NYG 24, Final","24 PTS ALLOWED,2 SACK",$11,4.2,2.00,123,2025-11-03 16:23:45,Week 9,Sunday
Chig Okonkwo,TE,"LAC 27 @ TEN 20, Final","2 TGT,2 REC,10 REC YD",$12,4.7,2.00,124,2025-11-03 16:23:45,Week 9,Sunday
Gunnar Helm,TE,"LAC 27 @ TEN 20, Final","TGT,REC,15 REC YD",$10,3.9,2.00,125,2025-11-03 16:23:45,Week 9,Sunday
Darnell Mooney,WR,"ATL 23 @ NE 24, Final","2 TGT,REC,15 REC YD",$16,3.9,2.00,126,2025-11-03 16:23:45,Week 9,Sunday
Matthew GoldenQ,WR,"CAR 16 @ GB 13, Final","3 TGT,2 REC,9 REC YD",$18,5.3,1.90,127,2025-11-03 16:23:45,Week 9,Sunday
Mack Hollins,WR,"ATL 23 @ NE 24, Final","2 TGT,2 REC,9 REC YD",$11,5.5,1.90,128,2025-11-03 16:23:45,Week 9,Sunday
Kaleb Johnson,RB,"IND 20 @ PIT 27, Final","RUSH ATT,4 RUSH YD,TGT,REC,9 REC YD",$10,1.1,1.80,129,2025-11-03 16:23:45,Week 9,Sunday
Kyle Juszczyk,RB,"SF 34 @ NYG 24, Final","2 TGT,REC,12 REC YD",$10,2.8,1.70,130,2025-11-03 16:23:45,Week 9,Sunday
Chuba Hubbard,RB,"CAR 16 @ GB 13, Final","5 RUSH ATT,17 RUSH YD,TGT",$21,9.6,1.70,131,2025-11-03 16:23:45,Week 9,Sunday
Tucker Fisk,TE,"LAC 27 @ TEN 20, Final","TGT,REC,12 REC YD",$10,0.6,1.70,132,2025-11-03 16:23:45,Week 9,Sunday
Tyler Badie,RB,"DEN 18 @ HOU 15, Final","3 TGT,2 REC,6 REC YD",$10,1.8,1.60,133,2025-11-03 16:23:45,Week 9,Sunday
DK Metcalf,WR,"IND 20 @ PIT 27, Final","4 TGT,2 REC,6 REC YD",$30,11.4,1.60,134,2025-11-03 16:23:45,Week 9,Sunday
Malik Heath,WR,"CAR 16 @ GB 13, Final","TGT,REC,11 REC YD",$10,2.9,1.60,135,2025-11-03 16:23:45,Week 9,Sunday
Brock Wright,TE,"MIN 27 @ DET 24, Final","TGT,REC,11 REC YD",$10,5.9,1.60,136,2025-11-03 16:23:45,Week 9,Sunday
Cole KmetQ,TE,"CHI 47 @ CIN 42, Final","2 TGT,REC,10 REC YD",$10,3.6,1.50,137,2025-11-03 16:23:46,Week 9,Sunday
Luke Farrell,TE,"SF 34 @ NYG 24, Final","TGT,REC,9 REC YD",$10,1.8,1.40,138,2025-11-03 16:23:46,Week 9,Sunday
Jalen Coker,WR,"CAR 16 @ GB 13, Final","TGT,REC,9 REC YD",$13,2.2,1.40,139,2025-11-03 16:23:46,Week 9,Sunday
Tyler Goodson,RB,"IND 20 @ PIT 27, Final","2 TGT,REC,8 REC YD",$10,0.7,1.30,140,2025-11-03 16:23:46,Week 9,Sunday
Brycen Tremayne,WR,"CAR 16 @ GB 13, Final","TGT,REC,8 REC YD",$10,2.1,1.30,141,2025-11-03 16:23:46,Week 9,Sunday
Jimmy Horn Jr.,WR,"CAR 16 @ GB 13, Final","RUSH ATT,7 RUSH YD,2 TGT,REC,REC YD",$10,2.8,1.30,142,2025-11-03 16:23:46,Week 9,Sunday
Adonai Mitchell,WR,"IND 20 @ PIT 27, Final","TGT,REC,7 REC YD",$10,2.2,1.20,143,2025-11-03 16:23:46,Week 9,Sunday
Ameer Abdullah,RB,"IND 20 @ PIT 27, Final","RUSH ATT,3 RUSH YD,TGT,REC,2 REC YD",$10,2.8,1.00,144,2025-11-03 16:23:46,Week 9,Sunday
Ja'Tavion Sanders,TE,"CAR 16 @ GB 13, Final","TGT,REC,5 REC YD",$10,3.2,1.00,145,2025-11-03 16:23:46,Week 9,Sunday
New England Patriots,DEF,"ATL 23 @ NE 24, Final","23 PTS ALLOWED,SACK",$19,8.6,1.00,146,2025-11-03 16:23:46,Week 9,Sunday
Jayden Higgins,WR,"DEN 18 @ HOU 15, Final","TGT,REC,4 REC YD",$12,4.4,0.90,147,2025-11-03 16:23:46,Week 9,Sunday
Tyson Bagent,QB,"CHI 47 @ CIN 42, Final",20 PASS YD,$20,1.3,0.80,148,2025-11-03 16:23:46,Week 9,Sunday
Dare Ogunbowale,RB,"DEN 18 @ HOU 15, Final","TGT,REC,2 REC YD",$10,0.6,0.70,149,2025-11-03 16:23:46,Week 9,Sunday
Harrison Bryant,TE,"DEN 18 @ HOU 15, Final","2 TGT,REC,2 REC YD",$10,0.3,0.70,150,2025-11-03 16:23:46,Week 9,Sunday
Tyler Allgeier,RB,"ATL 23 @ NE 24, Final","2 RUSH ATT,6 RUSH YD",$15,6.2,0.60,151,2025-11-03 16:23:46,Week 9,Sunday
Samaje PerineQ,RB,"CHI 47 @ CIN 42, Final","RUSH ATT,5 RUSH YD",$12,3.4,0.50,152,2025-11-03 16:23:46,Week 9,Sunday
Connor Heyward,TE,"IND 20 @ PIT 27, Final","RUSH ATT,4 RUSH YD",$10,1.6,0.40,153,2025-11-03 16:23:46,Week 9,Sunday
Adam Prentice,RB,"DEN 18 @ HOU 15, Final","RUSH ATT,2 RUSH YD",$10,0.4,0.20,154,2025-11-03 16:23:46,Week 9,Sunday
Savion Williams,WR,"CAR 16 @ GB 13, Final","RUSH ATT,2 TGT,2 REC,12 REC YD,FUM LOST",$10,1.8,0.20,155,2025-11-03 16:23:46,Week 9,Sunday
Tahj Brooks,RB,"CHI 47 @ CIN 42, Final","RUSH ATT,RUSH YD",$10,0.3,0.10,156,2025-11-03 16:23:46,Week 9,Sunday
Evan Engram,TE,"DEN 18 @ HOU 15, Final",3 TGT,$14,5.2,0.00,157,2025-11-03 16:23:46,Week 9,Sunday
Trent Sherfield Sr.Q,WR,"DEN 18 @ HOU 15, Final",,$10,0.9,0.00,158,2025-11-03 16:23:46,Week 9,Sunday
Jarrett Stidham,QB,"DEN 18 @ HOU 15, Final",,$20,-0.1,0.00,159,2025-11-03 16:23:46,Week 9,Sunday
Marvin Mims Jr.O,WR,"DEN 18 @ HOU 15, Final",,$15,6.2,0.00,160,2025-11-03 16:23:46,Week 9,Sunday
Jaleel McLaughlin,RB,"DEN 18 @ HOU 15, Final",,$10,—,0.00,161,2025-11-03 16:23:46,Week 9,Sunday
Nate AdkinsO,TE,"DEN 18 @ HOU 15, Final",,$10,2.3,0.00,162,2025-11-03 16:23:47,Week 9,Sunday
Braxton Berrios,WR,"DEN 18 @ HOU 15, Final",,$10,2.2,0.00,163,2025-11-03 16:23:47,Week 9,Sunday
Dameon Pierce,RB,"DEN 18 @ HOU 15, Final",,$10,0.9,0.00,164,2025-11-03 16:23:47,Week 9,Sunday
Tank DellPUP,WR,"DEN 18 @ HOU 15, Final",,$11,8.2,0.00,165,2025-11-03 16:23:47,Week 9,Sunday
British Brooks,RB,"DEN 18 @ HOU 15, Final",2 RUSH ATT,$10,0.5,0.00,166,2025-11-03 16:23:47,Week 9,Sunday
Graham Mertz,QB,"DEN 18 @ HOU 15, Final",,$20,—,0.00,167,2025-11-03 16:23:47,Week 9,Sunday
Sam Ehlinger,QB,"DEN 18 @ HOU 15, Final",,$20,—,0.00,168,2025-11-03 16:23:47,Week 9,Sunday
Jared Wayne,WR,"DEN 18 @ HOU 15, Final",,$10,3.0,0.00,169,2025-11-03 16:23:47,Week 9,Sunday
Cade StoverIR,TE,"DEN 18 @ HOU 15, Final",,$10,4.2,0.00,170,2025-11-03 16:23:47,Week 9,Sunday
Justin WatsonIR,WR,"DEN 18 @ HOU 15, Final",,$10,—,0.00,171,2025-11-03 16:23:47,Week 9,Sunday
Demarcus Robinson,WR,"SF 34 @ NYG 24, Final",TGT,$10,2.8,0.00,172,2025-11-03 16:23:47,Week 9,Sunday
Brandon AiyukPUP,WR,"SF 34 @ NYG 24, Final",,$13,7.1,0.00,173,2025-11-03 16:23:47,Week 9,Sunday
Brock PurdyO,QB,"SF 34 @ NYG 24, Final",,$33,19.2,0.00,174,2025-11-03 16:23:47,Week 9,Sunday
Jake Tonges,TE,"SF 34 @ NYG 24, Final",,$10,8.5,0.00,175,2025-11-03 16:23:47,Week 9,Sunday
Ricky PearsallO,WR,"SF 34 @ NYG 24, Final",,$22,10.6,0.00,176,2025-11-03 16:23:47,Week 9,Sunday
Isaac Guerendo,RB,"SF 34 @ NYG 24, Final",,$10,—,0.00,177,2025-11-03 16:23:47,Week 9,Sunday
Jordan James,RB,"SF 34 @ NYG 24, Final",,$10,—,0.00,178,2025-11-03 16:23:47,Week 9,Sunday
Russell Wilson,QB,"SF 34 @ NYG 24, Final",,$20,10.0,0.00,179,2025-11-03 16:23:47,Week 9,Sunday
Chris Manhertz,TE,"SF 34 @ NYG 24, Final",,$10,0.6,0.00,180,2025-11-03 16:23:47,Week 9,Sunday
Jameis Winston,QB,"SF 34 @ NYG 24, Final",,$20,13.0,0.00,181,2025-11-03 16:23:47,Week 9,Sunday
Daniel BellingerO,TE,"SF 34 @ NYG 24, Final",,$10,5.2,0.00,182,2025-11-03 16:23:47,Week 9,Sunday
Jalin Hyatt,WR,"SF 34 @ NYG 24, Final",,$10,0.8,0.00,183,2025-11-03 16:23:47,Week 9,Sunday
Eric GrayPUP,RB,"SF 34 @ NYG 24, Final",,$10,—,0.00,184,2025-11-03 16:23:47,Week 9,Sunday
Cam SkatteboIR,RB,"SF 34 @ NYG 24, Final",,$10,14.5,0.00,185,2025-11-03 16:23:47,Week 9,Sunday
Thomas Fidone II,TE,"SF 34 @ NYG 24, Final",,$10,—,0.00,186,2025-11-03 16:23:47,Week 9,Sunday
Beaux CollinsQ,WR,"SF 34 @ NYG 24, Final",,$10,0.9,0.00,187,2025-11-03 16:23:47,Week 9,Sunday
Lil'Jordan Humphrey,WR,"SF 34 @ NYG 24, Final",,$10,3.8,0.00,188,2025-11-03 16:23:48,Week 9,Sunday
Jacob CowingIR,WR,"SF 34 @ NYG 24, Final",,$10,—,0.00,189,2025-11-03 16:23:48,Week 9,Sunday
Mo Alie-Cox,TE,"IND 20 @ PIT 27, Final",TGT,$10,1.4,0.00,190,2025-11-03 16:23:48,Week 9,Sunday
Ashton Dulin,WR,"IND 20 @ PIT 27, Final",,$10,1.3,0.00,191,2025-11-03 16:23:48,Week 9,Sunday
Drew Ogletree,TE,"IND 20 @ PIT 27, Final",,$10,—,0.00,192,2025-11-03 16:23:48,Week 9,Sunday
Will Mallory,TE,"IND 20 @ PIT 27, Final",,$10,0.7,0.00,193,2025-11-03 16:23:48,Week 9,Sunday
Anthony GouldO,WR,"IND 20 @ PIT 27, Final",,$10,0.1,0.00,194,2025-11-03 16:23:48,Week 9,Sunday
DJ Giddens,RB,"IND 20 @ PIT 27, Final",,$10,1.7,0.00,195,2025-11-03 16:23:48,Week 9,Sunday
Riley Leonard,QB,"IND 20 @ PIT 27, Final",,$20,0.1,0.00,196,2025-11-03 16:23:48,Week 9,Sunday
Mason Rudolph,QB,"IND 20 @ PIT 27, Final",,$20,0.2,0.00,197,2025-11-03 16:23:48,Week 9,Sunday
Scotty MillerO,WR,"IND 20 @ PIT 27, Final",,$10,0.7,0.00,198,2025-11-03 16:23:48,Week 9,Sunday
Ben Skowronek,WR,"IND 20 @ PIT 27, Final",,$10,1.3,0.00,199,2025-11-03 16:23:48,Week 9,Sunday
Ke'Shawn Williams,WR,"IND 20 @ PIT 27, Final",,$10,—,0.00,200,2025-11-03 16:23:48,Week 9,Sunday
Will HowardIR,QB,"IND 20 @ PIT 27, Final",,$20,—,0.00,201,2025-11-03 16:23:48,Week 9,Sunday
Andy Dalton,QB,"CAR 16 @ GB 13, Final",,$20,2.6,0.00,202,2025-11-03 16:23:48,Week 9,Sunday
Hunter Renfrow,WR,"CAR 16 @ GB 13, Final",,$10,4.7,0.00,203,2025-11-03 16:23:48,Week 9,Sunday
DeeJay Dallas,RB,"CAR 16 @ GB 13, Final",,$10,—,0.00,204,2025-11-03 16:23:48,Week 9,Sunday
Tommy Tremble,TE,"CAR 16 @ GB 13, Final",TGT,$10,3.1,0.00,205,2025-11-03 16:23:48,Week 9,Sunday
James Mitchell,TE,"CAR 16 @ GB 13, Final",,$10,2.2,0.00,206,2025-11-03 16:23:48,Week 9,Sunday
Jonathon BrooksPUP,RB,"CAR 16 @ GB 13, Final",,$10,2.0,0.00,207,2025-11-03 16:23:48,Week 9,Sunday
Trevor Etienne,RB,"CAR 16 @ GB 13, Final",,$10,1.2,0.00,208,2025-11-03 16:23:48,Week 9,Sunday
Mitchell Evans,TE,"CAR 16 @ GB 13, Final",,$10,4.3,0.00,209,2025-11-03 16:23:48,Week 9,Sunday
Malik Willis,QB,"CAR 16 @ GB 13, Final",,$20,8.6,0.00,210,2025-11-03 16:23:48,Week 9,Sunday
John FitzPatrick,TE,"CAR 16 @ GB 13, Final",,$10,2.2,0.00,211,2025-11-03 16:23:48,Week 9,Sunday
Dontayvion WicksO,WR,"CAR 16 @ GB 13, Final",,$10,3.3,0.00,212,2025-11-03 16:23:48,Week 9,Sunday
Hendon Hooker,QB,"CAR 16 @ GB 13, Final",,$20,0.9,0.00,213,2025-11-03 16:23:48,Week 9,Sunday
MarShawn LloydIR,RB,"CAR 16 @ GB 13, Final",,$10,—,0.00,214,2025-11-03 16:23:49,Week 9,Sunday
Jayden ReedIR,WR,"CAR 16 @ GB 13, Final",,$18,6.0,0.00,215,2025-11-03 16:23:49,Week 9,Sunday
Adam Thielen,WR,"MIN 27 @ DET 24, Final",,$10,1.5,0.00,216,2025-11-03 16:23:49,Week 9,Sunday
Carson WentzIR,QB,"MIN 27 @ DET 24, Final",,$20,15.1,0.00,217,2025-11-03 16:23:49,Week 9,Sunday
C.J. HamO,RB,"MIN 27 @ DET 24, Final",,$10,0.5,0.00,218,2025-11-03 16:23:49,Week 9,Sunday
Josh OliverO,TE,"MIN 27 @ DET 24, Final",,$10,4.1,0.00,219,2025-11-03 16:23:49,Week 9,Sunday
Zavier Scott,RB,"MIN 27 @ DET 24, Final",,$10,3.9,0.00,220,2025-11-03 16:23:49,Week 9,Sunday
Tai Felton,WR,"MIN 27 @ DET 24, Final",,$10,0.4,0.00,221,2025-11-03 16:23:49,Week 9,Sunday
Gavin BartholomewPUP,TE,"MIN 27 @ DET 24, Final",,$10,—,0.00,222,2025-11-03 16:23:49,Week 9,Sunday
Max Brosmer,QB,"MIN 27 @ DET 24, Final",,$20,0.5,0.00,223,2025-11-03 16:23:49,Week 9,Sunday
Myles Price,WR,"MIN 27 @ DET 24, Final",,$10,—,0.00,224,2025-11-03 16:23:49,Week 9,Sunday
Ben Yurosek,TE,"MIN 27 @ DET 24, Final",,$10,0.3,0.00,225,2025-11-03 16:23:49,Week 9,Sunday
Kalif Raymond,WR,"MIN 27 @ DET 24, Final",TGT,$10,2.5,0.00,226,2025-11-03 16:23:49,Week 9,Sunday
Kyle Allen,QB,"MIN 27 @ DET 24, Final",,$20,-0.2,0.00,227,2025-11-03 16:23:49,Week 9,Sunday
Ross Dwelley,TE,"MIN 27 @ DET 24, Final",,$10,0.5,0.00,228,2025-11-03 16:23:49,Week 9,Sunday
Craig ReynoldsO,RB,"MIN 27 @ DET 24, Final",,$10,0.1,0.00,229,2025-11-03 16:23:49,Week 9,Sunday
Jacob Saylors,RB,"MIN 27 @ DET 24, Final",,$10,0.2,0.00,230,2025-11-03 16:23:49,Week 9,Sunday
Sione Vaki,RB,"MIN 27 @ DET 24, Final",,$10,—,0.00,231,2025-11-03 16:23:49,Week 9,Sunday
Isaac TeSlaa,WR,"MIN 27 @ DET 24, Final",,$10,3.8,0.00,232,2025-11-03 16:23:49,Week 9,Sunday
Dominic Lovett,WR,"MIN 27 @ DET 24, Final",,$10,—,0.00,233,2025-11-03 16:23:49,Week 9,Sunday
Ty ChandlerIR,RB,"MIN 27 @ DET 24, Final",,$10,—,0.00,234,2025-11-03 16:23:49,Week 9,Sunday
Will DisslyO,TE,"LAC 27 @ TEN 20, Final",,$10,1.6,0.00,235,2025-11-03 16:23:49,Week 9,Sunday
Tyler Conklin,TE,"LAC 27 @ TEN 20, Final",,$10,2.8,0.00,236,2025-11-03 16:23:49,Week 9,Sunday
Trey Lance,QB,"LAC 27 @ TEN 20, Final",,$20,2.9,0.00,237,2025-11-03 16:23:49,Week 9,Sunday
Hassan HaskinsIR,RB,"LAC 27 @ TEN 20, Final",,$10,0.9,0.00,238,2025-11-03 16:23:49,Week 9,Sunday
Derius Davis,WR,"LAC 27 @ TEN 20, Final",,$10,-0.3,0.00,239,2025-11-03 16:23:50,Week 9,Sunday
KeAndre Lambert-Smith,WR,"LAC 27 @ TEN 20, Final",TGT,$10,0.1,0.00,240,2025-11-03 16:23:50,Week 9,Sunday
Brandon Allen,QB,"LAC 27 @ TEN 20, Final",,$20,2.8,0.00,241,2025-11-03 16:23:50,Week 9,Sunday
Calvin RidleyO,WR,"LAC 27 @ TEN 20, Final",,$19,6.2,0.00,242,2025-11-03 16:23:50,Week 9,Sunday
Julius Chestnut,RB,"LAC 27 @ TEN 20, Final",,$10,0.5,0.00,243,2025-11-03 16:23:50,Week 9,Sunday
Bryce OliverO,WR,"LAC 27 @ TEN 20, Final",,$10,0.7,0.00,244,2025-11-03 16:23:50,Week 9,Sunday
David Martin-Robinson,TE,"LAC 27 @ TEN 20, Final",,$10,1.7,0.00,245,2025-11-03 16:23:50,Week 9,Sunday
Nyheim Hines,RB,"LAC 27 @ TEN 20, Final",,$10,-0.1,0.00,246,2025-11-03 16:23:50,Week 9,Sunday
Mason Kinsey,WR,"LAC 27 @ TEN 20, Final",,$10,—,0.00,247,2025-11-03 16:23:50,Week 9,Sunday
James Proche II,WR,"LAC 27 @ TEN 20, Final",,$10,0.4,0.00,248,2025-11-03 16:23:50,Week 9,Sunday
Kalel MullingsIR,RB,"LAC 27 @ TEN 20, Final",,$10,—,0.00,249,2025-11-03 16:23:50,Week 9,Sunday
Kirk Cousins,QB,"ATL 23 @ NE 24, Final",,$20,4.1,0.00,250,2025-11-03 16:23:50,Week 9,Sunday
Jamal Agnew,WR,"ATL 23 @ NE 24, Final",,$10,—,0.00,251,2025-11-03 16:23:50,Week 9,Sunday
KhaDarel Hodge,WR,"ATL 23 @ NE 24, Final",,$10,0.9,0.00,252,2025-11-03 16:23:50,Week 9,Sunday
David Sills V,WR,"ATL 23 @ NE 24, Final",TGT,$10,1.3,0.00,253,2025-11-03 16:23:50,Week 9,Sunday
Charlie Woerner,TE,"ATL 23 @ NE 24, Final",,$10,—,0.00,254,2025-11-03 16:23:50,Week 9,Sunday
Feleipe Franks,TE,"ATL 23 @ NE 24, Final",,$10,0.1,0.00,255,2025-11-03 16:23:50,Week 9,Sunday
Teagan Quitoriano,TE,"ATL 23 @ NE 24, Final",,$10,—,0.00,256,2025-11-03 16:23:50,Week 9,Sunday
Casey WashingtonO,WR,"ATL 23 @ NE 24, Final",,$10,2.5,0.00,257,2025-11-03 16:23:50,Week 9,Sunday
Nathan Carter,RB,"ATL 23 @ NE 24, Final",,$10,2.0,0.00,258,2025-11-03 16:23:50,Week 9,Sunday
Joshua Dobbs,QB,"ATL 23 @ NE 24, Final",,$20,0.0,0.00,259,2025-11-03 16:23:50,Week 9,Sunday
Rhamondre StevensonO,RB,"ATL 23 @ NE 24, Final",,$18,8.4,0.00,260,2025-11-03 16:23:50,Week 9,Sunday
Kayshon BoutteQ,WR,"ATL 23 @ NE 24, Final",TGT,$21,9.4,0.00,261,2025-11-03 16:23:50,Week 9,Sunday
Tommy DeVito,QB,"ATL 23 @ NE 24, Final",,$20,6.7,0.00,262,2025-11-03 16:23:50,Week 9,Sunday
Jack Westover,RB,"ATL 23 @ NE 24, Final",,$10,—,0.00,263,2025-11-03 16:23:50,Week 9,Sunday
Kyle Williams,WR,"ATL 23 @ NE 24, Final",TGT,$10,0.5,0.00,264,2025-11-03 16:23:50,Week 9,Sunday
Efton Chism III,WR,"ATL 23 @ NE 24, Final",,$10,—,0.00,265,2025-11-03 16:23:51,Week 9,Sunday
Easton Stick,QB,"ATL 23 @ NE 24, Final",,$20,—,0.00,266,2025-11-03 16:23:51,Week 9,Sunday
Dylan Drummond,WR,"ATL 23 @ NE 24, Final",,$10,—,0.00,267,2025-11-03 16:23:51,Week 9,Sunday
Case Keenum,QB,"CHI 47 @ CIN 42, Final",,$20,—,0.00,268,2025-11-03 16:23:51,Week 9,Sunday
Durham Smythe,TE,"CHI 47 @ CIN 42, Final",,$10,0.8,0.00,269,2025-11-03 16:23:51,Week 9,Sunday
D'Andre SwiftO,RB,"CHI 47 @ CIN 42, Final",,$32,14.7,0.00,270,2025-11-03 16:23:51,Week 9,Sunday
Devin Duvernay,WR,"CHI 47 @ CIN 42, Final",,$10,0.1,0.00,271,2025-11-03 16:23:51,Week 9,Sunday
Roschon JohnsonO,RB,"CHI 47 @ CIN 42, Final",,$10,0.3,0.00,272,2025-11-03 16:23:51,Week 9,Sunday
Rome Odunze,WR,"CHI 47 @ CIN 42, Final",3 TGT,$27,11.6,0.00,273,2025-11-03 16:23:51,Week 9,Sunday
Luther Burden IIIO,WR,"CHI 47 @ CIN 42, Final",,$10,4.3,0.00,274,2025-11-03 16:23:51,Week 9,Sunday
Jahdae Walker,WR,"CHI 47 @ CIN 42, Final",,$10,—,0.00,275,2025-11-03 16:23:51,Week 9,Sunday
Drew Sample,TE,"CHI 47 @ CIN 42, Final",,$10,1.8,0.00,276,2025-11-03 16:23:51,Week 9,Sunday
Jake Browning,QB,"CHI 47 @ CIN 42, Final",,$20,14.0,0.00,277,2025-11-03 16:23:51,Week 9,Sunday
Jermaine Burton,WR,"CHI 47 @ CIN 42, Final",,$10,1.6,0.00,278,2025-11-03 16:23:51,Week 9,Sunday
Erick All Jr.PUP,TE,"CHI 47 @ CIN 42, Final",,$10,3.2,0.00,279,2025-11-03 16:23:51,Week 9,Sunday
Cam Grandy,TE,"CHI 47 @ CIN 42, Final",,$10,1.1,0.00,280,2025-11-03 16:23:51,Week 9,Sunday
Travis Homer,RB,"CHI 47 @ CIN 42, Final",,$10,—,0.00,281,2025-11-03 16:23:51,Week 9,Sunday
Stephen Carlson,TE,"CHI 47 @ CIN 42, Final",,$10,—,0.00,282,2025-11-03 16:23:51,Week 9,Sunday
Adrian Martinez,QB,"SF 34 @ NYG 24, Final","RUSH ATT,-1 RUSH YD",$20,-0.1,-0.10,283,2025-11-03 16:23:51,Week 9,Sunday
Jaylin Noel,WR,"DEN 18 @ HOU 15, Final","RUSH ATT,-3 RUSH YD",$10,3.7,-0.30,284,2025-11-03 16:23:51,Week 9,Sunday
Roman Wilson,WR,"IND 20 @ PIT 27, Final","2 TGT,REC,4 REC YD,FUM LOST",$10,4.0,-1.10,285,2025-11-03 16:23:51,Week 9,Sunday
Brock Bowers,TE,"JAC 30 @ LV 29, Final OT","RUSH ATT,6 RUSH YD,13 TGT,12 REC,127 REC YD,3 REC TD",$20,14.3,37.30,1,2025-11-03 16:24:08,Week 9,Sunday
Josh Allen,QB,"KC 21 @ BUF 28, Final","273 PASS YD,PASS TD,6 RUSH ATT,19 RUSH YD,2 RUSH TD",$42,23.7,28.82,2,2025-11-03 16:24:08,Week 9,Sunday
Geno Smith,QB,"JAC 30 @ LV 29, Final OT","284 PASS YD,4 PASS TD,INT,5 RUSH ATT,9 RUSH YD",$27,13.9,27.26,3,2025-11-03 16:24:08,Week 9,Sunday
Matthew Stafford,QB,"NO 10 @ LA 34, Final","281 PASS YD,4 PASS TD,4 RUSH ATT,-4 RUSH YD",$37,20.4,26.84,4,2025-11-03 16:24:08,Week 9,Sunday
Trevor Lawrence,QB,"JAC 30 @ LV 29, Final OT","220 PASS YD,INT,9 RUSH ATT,24 RUSH YD,2 RUSH TD",$34,17.4,22.20,5,2025-11-03 16:24:08,Week 9,Sunday
Davante Adams,WR,"NO 10 @ LA 34, Final","7 TGT,5 REC,60 REC YD,2 REC TD",$31,14.4,20.50,6,2025-11-03 16:24:08,Week 9,Sunday
Puka NacuaQ,WR,"NO 10 @ LA 34, Final","RUSH ATT,3 RUSH YD,8 TGT,7 REC,95 REC YD,REC TD",$37,18.7,19.30,7,2025-11-03 16:24:08,Week 9,Sunday
Dalton Kincaid,TE,"KC 21 @ BUF 28, Final","6 TGT,6 REC,101 REC YD,REC TD",$16,11.2,19.10,8,2025-11-03 16:24:08,Week 9,Sunday
Ashton Jeanty,RB,"JAC 30 @ LV 29, Final OT","13 RUSH ATT,42 RUSH YD,5 TGT,5 REC,47 REC YD,REC TD",$30,13.3,17.40,9,2025-11-03 16:24:08,Week 9,Sunday
Kyren Williams,RB,"NO 10 @ LA 34, Final","25 RUSH ATT,114 RUSH YD,RUSH TD",$34,14.7,17.40,10,2025-11-03 16:24:08,Week 9,Sunday
Rashee Rice,WR,"KC 21 @ BUF 28, Final","2 RUSH ATT,6 RUSH YD,RUSH TD,7 TGT,4 REC,80 REC YD",$34,19.1,16.60,11,2025-11-03 16:24:08,Week 9,Sunday
Travis Etienne Jr.,RB,"JAC 30 @ LV 29, Final OT","22 RUSH ATT,84 RUSH YD,5 TGT,5 REC,31 REC YD",$23,12.3,14.00,12,2025-11-03 16:24:08,Week 9,Sunday
Parker Washington,WR,"JAC 30 @ LV 29, Final OT","9 TGT,8 REC,90 REC YD",$13,6.9,13.00,13,2025-11-03 16:24:08,Week 9,Sunday
James Cook III,RB,"KC 21 @ BUF 28, Final","27 RUSH ATT,114 RUSH YD,TGT,REC,11 REC YD",$38,18.2,13.00,14,2025-11-03 16:24:08,Week 9,Sunday
Kareem Hunt,RB,"KC 21 @ BUF 28, Final","11 RUSH ATT,49 RUSH YD,RUSH TD,2 TGT,REC,6 REC YD",$14,8.5,12.00,15,2025-11-03 16:24:08,Week 9,Sunday
Patrick Mahomes,QB,"KC 21 @ BUF 28, Final","250 PASS YD,INT,RUSH ATT,5 RUSH YD,2PT",$45,23.5,11.50,16,2025-11-03 16:24:08,Week 9,Sunday
Juwan Johnson,TE,"NO 10 @ LA 34, Final","4 TGT,3 REC,31 REC YD,REC TD",$13,7.7,10.60,17,2025-11-03 16:24:08,Week 9,Sunday
Travis Kelce,TE,"KC 21 @ BUF 28, Final","5 TGT,4 REC,66 REC YD,2PT",$18,10.5,10.60,18,2025-11-03 16:24:08,Week 9,Sunday
Tyler Shough,QB,"NO 10 @ LA 34, Final","176 PASS YD,PASS TD,INT,RUSH ATT,2 RUSH YD",$20,5.2,10.24,19,2025-11-03 16:24:08,Week 9,Sunday
Rashid Shaheed,WR,"NO 10 @ LA 34, Final","9 TGT,5 REC,68 REC YD",$24,9.2,9.30,20,2025-11-03 16:24:08,Week 9,Sunday
Bhayshul Tuten,RB,"JAC 30 @ LV 29, Final OT","9 RUSH ATT,29 RUSH YD,RUSH TD,TGT,REC,-3 REC YD",$10,5.4,9.10,21,2025-11-03 16:24:08,Week 9,Sunday
Los Angeles Rams,DEF,"NO 10 @ LA 34, Final","10 PTS ALLOWED,SACK,INT,FUM REC",$17,8.8,9.00,22,2025-11-03 16:24:08,Week 9,Sunday
Ty Johnson,RB,"KC 21 @ BUF 28, Final","2 RUSH ATT,8 RUSH YD,RUSH TD,2 TGT,2 REC,12 REC YD",$10,2.3,9.00,23,2025-11-03 16:24:08,Week 9,Sunday
Tyler Higbee,TE,"NO 10 @ LA 34, Final","4 TGT,3 REC,13 REC YD,REC TD",$10,5.6,8.80,24,2025-11-03 16:24:09,Week 9,Sunday
Hollywood Brown,WR,"KC 21 @ BUF 28, Final","4 TGT,2 REC,73 REC YD",$16,8.9,8.30,25,2025-11-03 16:24:09,Week 9,Sunday
Khalil Shakir,WR,"KC 21 @ BUF 28, Final","8 TGT,7 REC,43 REC YD",$24,9.7,7.80,26,2025-11-03 16:24:09,Week 9,Sunday
Chris Olave,WR,"NO 10 @ LA 34, Final","4 TGT,3 REC,57 REC YD",$28,11.1,7.20,27,2025-11-03 16:24:09,Week 9,Sunday
Brian Thomas Jr.Q,WR,"JAC 30 @ LV 29, Final OT","5 TGT,3 REC,55 REC YD",$24,8.8,7.00,28,2025-11-03 16:24:09,Week 9,Sunday
Terrance Ferguson,TE,"NO 10 @ LA 34, Final","3 TGT,2 REC,54 REC YD",$10,4.7,6.40,29,2025-11-03 16:24:09,Week 9,Sunday
Blake Corum,RB,"NO 10 @ LA 34, Final","13 RUSH ATT,58 RUSH YD",$10,4.3,5.80,30,2025-11-03 16:24:09,Week 9,Sunday
Tre Tucker,WR,"JAC 30 @ LV 29, Final OT","4 TGT,3 REC,38 REC YD",$18,10.7,5.30,31,2025-11-03 16:24:09,Week 9,Sunday
Davis Allen,TE,"NO 10 @ LA 34, Final","4 TGT,3 REC,37 REC YD",$10,3.4,5.20,32,2025-11-03 16:24:09,Week 9,Sunday
Buffalo Bills,DEF,"KC 21 @ BUF 28, Final","21 PTS ALLOWED,3 SACK,INT",$13,6.3,5.00,33,2025-11-03 16:24:09,Week 9,Sunday
Xavier Worthy,WR,"KC 21 @ BUF 28, Final","RUSH ATT,7 RUSH YD,7 TGT,3 REC,23 REC YD",$25,7.3,4.50,34,2025-11-03 16:24:09,Week 9,Sunday
Dyami BrownQ,WR,"JAC 30 @ LV 29, Final OT","RUSH ATT,4 RUSH YD,7 TGT,3 REC,25 REC YD",$12,5.7,4.40,35,2025-11-03 16:24:09,Week 9,Sunday
Jakobi Meyers,WR,"JAC 30 @ LV 29, Final OT","6 TGT,4 REC,23 REC YD",$24,7.4,4.30,36,2025-11-03 16:24:09,Week 9,Sunday
Michael Mayer,TE,"JAC 30 @ LV 29, Final OT","7 TGT,3 REC,26 REC YD",$10,4.5,4.10,37,2025-11-03 16:24:09,Week 9,Sunday
Dawson Knox,TE,"KC 21 @ BUF 28, Final","TGT,REC,30 REC YD",$10,3.2,3.50,38,2025-11-03 16:24:09,Week 9,Sunday
Elijah Moore,WR,"KC 21 @ BUF 28, Final","TGT,REC,28 REC YD",$10,3.2,3.30,39,2025-11-03 16:24:09,Week 9,Sunday
Jacksonville Jaguars,DEF,"JAC 30 @ LV 29, Final OT","29 PTS ALLOWED,2 SACK,INT",$15,6.8,3.00,40,2025-11-03 16:24:09,Week 9,Sunday
Taysom Hill,TE,"NO 10 @ LA 34, Final","4 RUSH ATT,30 RUSH YD",$10,2.7,3.00,41,2025-11-03 16:24:09,Week 9,Sunday
Keon Coleman,WR,"KC 21 @ BUF 28, Final","2 TGT,2 REC,17 REC YD",$14,6.6,2.70,42,2025-11-03 16:24:09,Week 9,Sunday
Brandin Cooks,WR,"NO 10 @ LA 34, Final","3 TGT,2 REC,16 REC YD",$10,2.9,2.60,43,2025-11-03 16:24:09,Week 9,Sunday
Jackson Hawes,TE,"KC 21 @ BUF 28, Final","2 TGT,REC,18 REC YD",$10,3.0,2.30,44,2025-11-03 16:24:09,Week 9,Sunday
Xavier Smith,WR,"NO 10 @ LA 34, Final","3 TGT,2 REC,12 REC YD",$10,1.1,2.20,45,2025-11-03 16:24:09,Week 9,Sunday
Las Vegas Raiders,DEF,"JAC 30 @ LV 29, Final OT","30 PTS ALLOWED,SACK,INT",$10,3.9,2.00,46,2025-11-03 16:24:09,Week 9,Sunday
Colby Parkinson,TE,"NO 10 @ LA 34, Final","2 TGT,2 REC,10 REC YD",$10,1.9,2.00,47,2025-11-03 16:24:09,Week 9,Sunday
Kansas City Chiefs,DEF,"KC 21 @ BUF 28, Final","28 PTS ALLOWED,3 SACK",$13,6.7,2.00,48,2025-11-03 16:24:09,Week 9,Sunday
Raheem Mostert,RB,"JAC 30 @ LV 29, Final OT","TGT,REC,14 REC YD",$10,2.4,1.90,49,2025-11-03 16:24:10,Week 9,Sunday
Devin Neal,RB,"NO 10 @ LA 34, Final","3 RUSH ATT,11 RUSH YD,TGT,REC,REC YD",$10,1.3,1.70,50,2025-11-03 16:24:10,Week 9,Sunday
LeQuint Allen Jr.,RB,"JAC 30 @ LV 29, Final OT","RUSH ATT,10 RUSH YD,TGT,REC,REC YD",$10,1.2,1.60,51,2025-11-03 16:24:10,Week 9,Sunday
Ian Thomas,TE,"JAC 30 @ LV 29, Final OT","TGT,REC,9 REC YD",$10,1.5,1.40,52,2025-11-03 16:24:10,Week 9,Sunday
Tyrell Shavers,WR,"KC 21 @ BUF 28, Final","TGT,REC,7 REC YD",$10,1.5,1.20,53,2025-11-03 16:24:10,Week 9,Sunday
Hunter Long,TE,"JAC 30 @ LV 29, Final OT","3 TGT,REC,6 REC YD",$10,3.8,1.10,54,2025-11-03 16:24:10,Week 9,Sunday
Curtis Samuel,WR,"KC 21 @ BUF 28, Final","TGT,REC,6 REC YD",$10,3.0,1.10,55,2025-11-03 16:24:10,Week 9,Sunday
New Orleans Saints,DEF,"NO 10 @ LA 34, Final","34 PTS ALLOWED,2 SACK",$12,4.9,1.00,56,2025-11-03 16:24:10,Week 9,Sunday
JuJu Smith-Schuster,WR,"KC 21 @ BUF 28, Final","TGT,REC,2 REC YD",$10,5.3,0.70,57,2025-11-03 16:24:10,Week 9,Sunday
Brashard Smith,RB,"KC 21 @ BUF 28, Final","3 RUSH ATT,7 RUSH YD,TGT",$10,3.0,0.70,58,2025-11-03 16:24:10,Week 9,Sunday
Alvin Kamara,RB,"NO 10 @ LA 34, Final","6 RUSH ATT,14 RUSH YD,3 TGT,REC,3 REC YD,FUM LOST",$20,7.6,0.20,59,2025-11-03 16:24:10,Week 9,Sunday
Johnny Mundt,TE,"JAC 30 @ LV 29, Final OT",,$10,1.0,0.00,60,2025-11-03 16:24:10,Week 9,Sunday
Tim PatrickO,WR,"JAC 30 @ LV 29, Final OT",,$10,2.4,0.00,61,2025-11-03 16:24:10,Week 9,Sunday
Nick Mullens,QB,"JAC 30 @ LV 29, Final OT",,$20,0.3,0.00,62,2025-11-03 16:24:10,Week 9,Sunday
Quintin MorrisO,TE,"JAC 30 @ LV 29, Final OT",,$10,—,0.00,63,2025-11-03 16:24:10,Week 9,Sunday
Cody Schrader,RB,"JAC 30 @ LV 29, Final OT",,$10,0.7,0.00,64,2025-11-03 16:24:10,Week 9,Sunday
Travis HunterIR,WR,"JAC 30 @ LV 29, Final OT",,$22,7.1,0.00,65,2025-11-03 16:24:10,Week 9,Sunday
Alex Bachman,WR,"JAC 30 @ LV 29, Final OT",,$10,0.4,0.00,66,2025-11-03 16:24:10,Week 9,Sunday
Kenny Pickett,QB,"JAC 30 @ LV 29, Final OT",,$20,-1.7,0.00,67,2025-11-03 16:24:10,Week 9,Sunday
Zamir White,RB,"JAC 30 @ LV 29, Final OT",,$10,2.0,0.00,68,2025-11-03 16:24:10,Week 9,Sunday
Justin Shorter,WR,"JAC 30 @ LV 29, Final OT",,$10,—,0.00,69,2025-11-03 16:24:10,Week 9,Sunday
Dylan Laube,RB,"JAC 30 @ LV 29, Final OT",,$10,0.5,0.00,70,2025-11-03 16:24:10,Week 9,Sunday
Jack Bech,WR,"JAC 30 @ LV 29, Final OT",,$10,1.5,0.00,71,2025-11-03 16:24:10,Week 9,Sunday
Dont'e Thornton Jr.,WR,"JAC 30 @ LV 29, Final OT",,$10,2.0,0.00,72,2025-11-03 16:24:10,Week 9,Sunday
Carter Runyon,TE,"JAC 30 @ LV 29, Final OT",,$10,0.8,0.00,73,2025-11-03 16:24:10,Week 9,Sunday
Aidan O'ConnellIR,QB,"JAC 30 @ LV 29, Final OT",,$20,10.8,0.00,74,2025-11-03 16:24:10,Week 9,Sunday
Foster Moreau,TE,"NO 10 @ LA 34, Final",,$10,0.7,0.00,75,2025-11-03 16:24:11,Week 9,Sunday
Jack StollQ,TE,"NO 10 @ LA 34, Final",,$10,2.1,0.00,76,2025-11-03 16:24:11,Week 9,Sunday
Spencer Rattler,QB,"NO 10 @ LA 34, Final",,$21,13.0,0.00,77,2025-11-03 16:24:11,Week 9,Sunday
Devaughn Vele,WR,"NO 10 @ LA 34, Final",,$10,2.1,0.00,78,2025-11-03 16:24:11,Week 9,Sunday
Mason Tipton,WR,"NO 10 @ LA 34, Final",,$10,—,0.00,79,2025-11-03 16:24:11,Week 9,Sunday
Jimmy Garoppolo,QB,"NO 10 @ LA 34, Final",,$20,-0.1,0.00,80,2025-11-03 16:24:11,Week 9,Sunday
Tutu AtwellIR,WR,"NO 10 @ LA 34, Final",,$11,4.1,0.00,81,2025-11-03 16:24:11,Week 9,Sunday
Stetson Bennett IV,QB,"NO 10 @ LA 34, Final",,$20,—,0.00,82,2025-11-03 16:24:11,Week 9,Sunday
Jordan Whittington,WR,"NO 10 @ LA 34, Final",,$10,2.8,0.00,83,2025-11-03 16:24:11,Week 9,Sunday
Jarquez Hunter,RB,"NO 10 @ LA 34, Final",,$10,—,0.00,84,2025-11-03 16:24:11,Week 9,Sunday
Konata Mumpfield,WR,"NO 10 @ LA 34, Final",,$10,2.1,0.00,85,2025-11-03 16:24:11,Week 9,Sunday
Zaire Mitchell-Paden,TE,"NO 10 @ LA 34, Final",,$10,0.4,0.00,86,2025-11-03 16:24:11,Week 9,Sunday
Trey PalmerIR,WR,"NO 10 @ LA 34, Final",,$10,1.9,0.00,87,2025-11-03 16:24:11,Week 9,Sunday
Robert Tonyan,TE,"KC 21 @ BUF 28, Final",,$10,—,0.00,88,2025-11-03 16:24:11,Week 9,Sunday
Gardner Minshew,QB,"KC 21 @ BUF 28, Final",,$20,-0.3,0.00,89,2025-11-03 16:24:11,Week 9,Sunday
Noah Gray,TE,"KC 21 @ BUF 28, Final",TGT,$10,1.9,0.00,90,2025-11-03 16:24:11,Week 9,Sunday
Elijah Mitchell,RB,"KC 21 @ BUF 28, Final",,$10,—,0.00,91,2025-11-03 16:24:11,Week 9,Sunday
Tyquan Thornton,WR,"KC 21 @ BUF 28, Final",TGT,$11,8.0,0.00,92,2025-11-03 16:24:11,Week 9,Sunday
Isiah PachecoO,RB,"KC 21 @ BUF 28, Final",,$18,6.8,0.00,93,2025-11-03 16:24:11,Week 9,Sunday
Nikko Remigio,WR,"KC 21 @ BUF 28, Final",,$10,0.4,0.00,94,2025-11-03 16:24:11,Week 9,Sunday
Jared Wiley,TE,"KC 21 @ BUF 28, Final",,$10,1.2,0.00,95,2025-11-03 16:24:11,Week 9,Sunday
Jalen Royals,WR,"KC 21 @ BUF 28, Final",,$10,—,0.00,96,2025-11-03 16:24:11,Week 9,Sunday
Mitchell Trubisky,QB,"KC 21 @ BUF 28, Final",,$20,0.9,0.00,97,2025-11-03 16:24:11,Week 9,Sunday
Reggie Gilliam,RB,"KC 21 @ BUF 28, Final",,$10,—,0.00,98,2025-11-03 16:24:11,Week 9,Sunday
Joshua PalmerO,WR,"KC 21 @ BUF 28, Final",,$12,5.1,0.00,99,2025-11-03 16:24:11,Week 9,Sunday
Ray Davis,RB,"KC 21 @ BUF 28, Final",,$10,1.7,0.00,100,2025-11-03 16:24:12,Week 9,Sunday
Sam Darnold,QB,"SEA 38 @ WAS 14, Final","330 PASS YD,4 PASS TD,INT",$33,17.8,28.20,1,2025-11-03 16:24:28,Week 9,Sunday
Tory Horton,WR,"SEA 38 @ WAS 14, Final","4 TGT,4 REC,48 REC YD,2 REC TD",$10,7.3,18.80,2,2025-11-03 16:24:28,Week 9,Sunday
Jaxon Smith-Njigba,WR,"SEA 38 @ WAS 14, Final","RUSH ATT,11 RUSH YD,9 TGT,8 REC,129 REC YD",$39,18.5,18.00,3,2025-11-03 16:24:28,Week 9,Sunday
Jayden DanielsO,QB,"SEA 38 @ WAS 14, Final","153 PASS YD,INT,10 RUSH ATT,51 RUSH YD,RUSH TD",$36,18.9,16.22,4,2025-11-03 16:24:28,Week 9,Sunday
Chris Rodriguez Jr.,RB,"SEA 38 @ WAS 14, Final","12 RUSH ATT,65 RUSH YD,RUSH TD",$10,5.1,12.50,5,2025-11-03 16:24:28,Week 9,Sunday
AJ Barner,TE,"SEA 38 @ WAS 14, Final","RUSH ATT,RUSH YD,RUSH TD,4 TGT,3 REC,24 REC YD",$15,8.1,10.00,6,2025-11-03 16:24:28,Week 9,Sunday
Elijah Arroyo,TE,"SEA 38 @ WAS 14, Final","2 TGT,2 REC,29 REC YD,REC TD",$10,3.4,9.90,7,2025-11-03 16:24:28,Week 9,Sunday
Seattle Seahawks,DEF,"SEA 38 @ WAS 14, Final","14 PTS ALLOWED,4 SACK,INT,FUM REC",$18,9.4,9.00,8,2025-11-03 16:24:28,Week 9,Sunday
Kenneth Walker III,RB,"SEA 38 @ WAS 14, Final","11 RUSH ATT,42 RUSH YD,2 TGT,2 REC,19 REC YD",$21,9.8,7.10,9,2025-11-03 16:24:28,Week 9,Sunday
Deebo Samuel,WR,"SEA 38 @ WAS 14, Final","RUSH ATT,3 RUSH YD,6 TGT,5 REC,41 REC YD",$23,10.8,6.90,10,2025-11-03 16:24:28,Week 9,Sunday
Zach Ertz,TE,"SEA 38 @ WAS 14, Final","4 TGT,4 REC,46 REC YD",$17,7.8,6.60,11,2025-11-03 16:24:28,Week 9,Sunday
Zach Charbonnet,RB,"SEA 38 @ WAS 14, Final","8 RUSH ATT,25 RUSH YD,TGT,REC,21 REC YD",$21,8.9,5.10,12,2025-11-03 16:24:28,Week 9,Sunday
Jacory Croskey-Merritt,RB,"SEA 38 @ WAS 14, Final","12 RUSH ATT,38 RUSH YD,TGT,REC,3 REC YD",$20,8.3,4.60,13,2025-11-03 16:24:28,Week 9,Sunday
John Bates,TE,"SEA 38 @ WAS 14, Final","4 TGT,2 REC,20 REC YD",$10,2.0,3.00,14,2025-11-03 16:24:28,Week 9,Sunday
Jaylin Lane,WR,"SEA 38 @ WAS 14, Final","5 TGT,3 REC,29 REC YD,FUM LOST",$10,3.2,2.40,15,2025-11-03 16:24:28,Week 9,Sunday
George Holani,RB,"SEA 38 @ WAS 14, Final","3 RUSH ATT,9 RUSH YD",$10,1.3,0.90,16,2025-11-03 16:24:28,Week 9,Sunday
Cooper KuppO,WR,"SEA 38 @ WAS 14, Final",,$18,6.6,0.00,17,2025-11-03 16:24:28,Week 9,Sunday
Drew Lock,QB,"SEA 38 @ WAS 14, Final",,$20,0.5,0.00,18,2025-11-03 16:24:28,Week 9,Sunday
Dareke YoungO,WR,"SEA 38 @ WAS 14, Final",,$10,1.0,0.00,19,2025-11-03 16:24:29,Week 9,Sunday
Jake BoboO,WR,"SEA 38 @ WAS 14, Final",,$10,1.5,0.00,20,2025-11-03 16:24:29,Week 9,Sunday
Brady Russell,RB,"SEA 38 @ WAS 14, Final",,$10,—,0.00,21,2025-11-03 16:24:29,Week 9,Sunday
Jalen MilroeO,QB,"SEA 38 @ WAS 14, Final",,$20,-0.5,0.00,22,2025-11-03 16:24:29,Week 9,Sunday
Nick Kallerup,TE,"SEA 38 @ WAS 14, Final",,$10,—,0.00,23,2025-11-03 16:24:29,Week 9,Sunday
Josh JohnsonO,QB,"SEA 38 @ WAS 14, Final",,$20,0.2,0.00,24,2025-11-03 16:24:29,Week 9,Sunday
Marcus Mariota,QB,"SEA 38 @ WAS 14, Final",,$20,11.2,0.00,25,2025-11-03 16:24:29,Week 9,Sunday
Chris Moore,WR,"SEA 38 @ WAS 14, Final",,$10,3.9,0.00,26,2025-11-03 16:24:29,Week 9,Sunday
Jeremy McNichols,RB,"SEA 38 @ WAS 14, Final",RUSH ATT,$10,4.9,0.00,27,2025-11-03 16:24:29,Week 9,Sunday
Terry McLaurinO,WR,"SEA 38 @ WAS 14, Final",,$21,8.2,0.00,28,2025-11-03 16:24:29,Week 9,Sunday
Ben Sinnott,TE,"SEA 38 @ WAS 14, Final",,$10,2.0,0.00,29,2025-11-03 16:24:29,Week 9,Sunday
Luke McCaffreyO,WR,"SEA 38 @ WAS 14, Final",,$10,5.1,0.00,30,2025-11-03 16:24:29,Week 9,Sunday
Colson YankoffO,TE,"SEA 38 @ WAS 14, Final",,$10,—,0.00,31,2025-11-03 16:24:29,Week 9,Sunday
Eric SaubertIR,TE,"SEA 38 @ WAS 14, Final",,$10,0.3,0.00,32,2025-11-03 16:24:29,Week 9,Sunday
Washington Commanders,DEF,"SEA 38 @ WAS 14, Final","38 PTS ALLOWED,INT",$11,5.0,-2.00,33,2025-11-03 16:24:29,Week 9,Sunday
