player_name,position,game_info,stats,salary,fppg,points,row_number,scrape_date,week,day
Seattle Seahawks,DEF,"MIN 0 @ SEA 26, Final","0 PTS ALLOWED,4 SACK,4 INT,FUM REC,TD",$19,11.0,30.00,1,2025-12-01 16:29:38,Week 13,Sunday
Bijan Robinson,RB,"ATL 24 @ NYJ 27, Final","23 RUSH ATT,142 RUSH YD,RUSH TD,7 TGT,5 REC,51 REC YD",$38,19.0,27.80,2,2025-12-01 16:29:38,Week 13,Sunday
Bryce Young,QB,"LA 28 @ CAR 31, Final","206 PASS YD,3 PASS TD,5 RUSH ATT,23 RUSH YD",$27,14.0,22.54,3,2025-12-01 16:29:38,Week 13,Sunday
Trevor Lawrence,QB,"JAC 25 @ TEN 3, Final","229 PASS YD,2 PASS TD,3 RUSH ATT,25 RUSH YD,2PT",$35,17.3,21.66,4,2025-12-01 16:29:38,Week 13,Sunday
Tyrod Taylor,QB,"ATL 24 @ NYJ 27, Final","172 PASS YD,PASS TD,8 RUSH ATT,44 RUSH YD,RUSH TD",$23,13.0,21.28,5,2025-12-01 16:29:38,Week 13,Sunday
Jacoby Brissett,QB,"ARI 17 @ TB 20, Final","301 PASS YD,2 PASS TD,INT,3 RUSH ATT,16 RUSH YD",$34,16.6,20.64,6,2025-12-01 16:29:38,Week 13,Sunday
Brock Bowers,TE,"LV 14 @ LAC 31, Final","4 TGT,4 REC,63 REC YD,2 REC TD",$25,12.7,20.30,7,2025-12-01 16:29:38,Week 13,Sunday
Adonai Mitchell,WR,"ATL 24 @ NYJ 27, Final","12 TGT,8 REC,102 REC YD,REC TD",$10,4.1,20.20,8,2025-12-01 16:29:38,Week 13,Sunday
Kimani Vidal,RB,"LV 14 @ LAC 31, Final","25 RUSH ATT,126 RUSH YD,RUSH TD,TGT,REC,11 REC YD",$18,10.1,20.20,9,2025-12-01 16:29:38,Week 13,Sunday
Davante Adams,WR,"LA 28 @ CAR 31, Final","5 TGT,4 REC,58 REC YD,2 REC TD",$35,14.9,19.80,10,2025-12-01 16:29:38,Week 13,Sunday
Chuba Hubbard,RB,"LA 28 @ CAR 31, Final","17 RUSH ATT,83 RUSH YD,2 TGT,2 REC,41 REC YD,REC TD",$14,8.9,19.40,11,2025-12-01 16:29:38,Week 13,Sunday
De'Von Achane,RB,"NO 17 @ MIA 21, Final","22 RUSH ATT,134 RUSH YD,RUSH TD,TGT",$44,18.9,19.40,12,2025-12-01 16:29:38,Week 13,Sunday
Devaughn Vele,WR,"NO 17 @ MIA 21, Final","8 TGT,8 REC,93 REC YD,REC TD",$10,4.3,19.30,13,2025-12-01 16:29:38,Week 13,Sunday
Nico Collins,WR,"HOU 20 @ IND 16, Final","RUSH ATT,7 RUSH YD,RUSH TD,10 TGT,5 REC,98 REC YD",$32,12.7,19.00,14,2025-12-01 16:29:38,Week 13,Sunday
Tyler Shough,QB,"NO 17 @ MIA 21, Final","239 PASS YD,2 PASS TD,INT,6 RUSH ATT,18 RUSH YD,FUM LOST,2PT",$24,10.3,18.36,15,2025-12-01 16:29:38,Week 13,Sunday
Jakobi Meyers,WR,"JAC 25 @ TEN 3, Final","RUSH ATT,3 RUSH YD,6 TGT,6 REC,90 REC YD,REC TD",$17,8.9,18.30,16,2025-12-01 16:29:38,Week 13,Sunday
Trey McBride,TE,"ARI 17 @ TB 20, Final","9 TGT,8 REC,82 REC YD,REC TD",$28,15.0,18.20,17,2025-12-01 16:29:38,Week 13,Sunday
Josh Allen,QB,"BUF 26 @ PIT 7, Final","123 PASS YD,PASS TD,INT,8 RUSH ATT,38 RUSH YD,RUSH TD",$42,23.5,17.72,18,2025-12-01 16:29:38,Week 13,Sunday
James Cook III,RB,"BUF 26 @ PIT 7, Final","32 RUSH ATT,144 RUSH YD,3 TGT,3 REC,33 REC YD,FUM LOST",$37,17.5,17.20,19,2025-12-01 16:29:38,Week 13,Sunday
Brock Purdy,QB,"SF 26 @ CLE 8, Final","168 PASS YD,PASS TD,2 RUSH ATT,4 RUSH YD,RUSH TD",$36,17.0,17.12,20,2025-12-01 16:29:38,Week 13,Sunday
Daniel Jones,QB,"HOU 20 @ IND 16, Final","201 PASS YD,2 PASS TD,RUSH ATT,RUSH YD",$36,19.4,16.14,21,2025-12-01 16:29:38,Week 13,Sunday
Alec Pierce,WR,"HOU 20 @ IND 16, Final","5 TGT,4 REC,78 REC YD,REC TD",$21,9.7,15.80,22,2025-12-01 16:29:38,Week 13,Sunday
Jalen Coker,WR,"LA 28 @ CAR 31, Final","6 TGT,4 REC,74 REC YD,REC TD",$13,5.6,15.40,23,2025-12-01 16:29:38,Week 13,Sunday
Christian McCaffrey,RB,"SF 26 @ CLE 8, Final","20 RUSH ATT,53 RUSH YD,RUSH TD,4 TGT,4 REC,21 REC YD",$45,22.0,15.40,24,2025-12-01 16:29:38,Week 13,Sunday
Bam Knight,RB,"ARI 17 @ TB 20, Final","11 RUSH ATT,62 RUSH YD,3 TGT,3 REC,36 REC YD,REC TD,FUM LOST",$16,7.7,15.30,25,2025-12-01 16:29:38,Week 13,Sunday
Bucky Irving,RB,"ARI 17 @ TB 20, Final","17 RUSH ATT,61 RUSH YD,RUSH TD,2 TGT,2 REC,20 REC YD",$29,15.5,15.10,26,2025-12-01 16:29:39,Week 13,Sunday
Buffalo Bills,DEF,"BUF 26 @ PIT 7, Final","7 PTS ALLOWED,SACK,INT,FUM REC,TD",$12,6.5,15.00,27,2025-12-01 16:29:39,Week 13,Sunday
Breece Hall,RB,"ATL 24 @ NYJ 27, Final","19 RUSH ATT,68 RUSH YD,RUSH TD,2 TGT,2 REC,8 REC YD",$30,12.8,14.60,28,2025-12-01 16:29:39,Week 13,Sunday
Baker Mayfield,QB,"ARI 17 @ TB 20, Final","194 PASS YD,PASS TD,6 RUSH ATT,27 RUSH YD",$32,16.9,14.46,29,2025-12-01 16:29:39,Week 13,Sunday
Quinshon Judkins,RB,"SF 26 @ CLE 8, Final","23 RUSH ATT,91 RUSH YD,3 TGT,3 REC,18 REC YD,2PT",$28,12.5,14.40,30,2025-12-01 16:29:39,Week 13,Sunday
Blake Corum,RB,"LA 28 @ CAR 31, Final","7 RUSH ATT,81 RUSH YD,RUSH TD",$11,4.8,14.10,31,2025-12-01 16:29:39,Week 13,Sunday
Jacksonville Jaguars,DEF,"JAC 25 @ TEN 3, Final","3 PTS ALLOWED,3 SACK,2 FUM REC",$16,8.2,14.00,32,2025-12-01 16:29:39,Week 13,Sunday
Justin HerbertQ,QB,"LV 14 @ LAC 31, Final","151 PASS YD,2 PASS TD,INT,3 RUSH ATT,8 RUSH YD",$37,19.1,13.84,33,2025-12-01 16:29:39,Week 13,Sunday
Matthew Stafford,QB,"LA 28 @ CAR 31, Final","243 PASS YD,2 PASS TD,2 INT,RUSH ATT,-1 RUSH YD,FUM LOST",$40,20.0,13.62,34,2025-12-01 16:29:39,Week 13,Sunday
Jonathan Taylor,RB,"HOU 20 @ IND 16, Final","21 RUSH ATT,85 RUSH YD,5 TGT,3 REC,36 REC YD",$43,23.3,13.60,35,2025-12-01 16:29:39,Week 13,Sunday
Kirk Cousins,QB,"ATL 24 @ NYJ 27, Final","234 PASS YD,PASS TD",$22,7.8,13.36,36,2025-12-01 16:29:39,Week 13,Sunday
Kyren Williams,RB,"LA 28 @ CAR 31, Final","13 RUSH ATT,72 RUSH YD,RUSH TD,TGT",$35,14.4,13.20,37,2025-12-01 16:29:39,Week 13,Sunday
Carolina Panthers,DEF,"LA 28 @ CAR 31, Final","28 PTS ALLOWED,2 SACK,2 INT,FUM REC,TD",$11,6.0,13.00,38,2025-12-01 16:29:39,Week 13,Sunday
Geno Smith,QB,"LV 14 @ LAC 31, Final","165 PASS YD,2 PASS TD,INT,2 RUSH ATT,-6 RUSH YD",$25,13.1,13.00,39,2025-12-01 16:29:39,Week 13,Sunday
Chris Olave,WR,"NO 17 @ MIA 21, Final","7 TGT,4 REC,47 REC YD,REC TD",$30,11.9,12.70,40,2025-12-01 16:29:39,Week 13,Sunday
Tyler Allgeier,RB,"ATL 24 @ NYJ 27, Final","8 RUSH ATT,20 RUSH YD,RUSH TD,2 TGT,2 REC,35 REC YD",$17,7.8,12.50,41,2025-12-01 16:29:39,Week 13,Sunday
Brenton Strange,TE,"JAC 25 @ TEN 3, Final","4 TGT,3 REC,45 REC YD,REC TD",$15,7.7,12.00,42,2025-12-01 16:29:39,Week 13,Sunday
Jauan Jennings,WR,"SF 26 @ CLE 8, Final","6 TGT,4 REC,39 REC YD,REC TD",$23,8.8,11.90,43,2025-12-01 16:29:39,Week 13,Sunday
Ladd McConkey,WR,"LV 14 @ LAC 31, Final","6 TGT,4 REC,39 REC YD,REC TD",$29,10.6,11.90,44,2025-12-01 16:29:39,Week 13,Sunday
Kyle Pitts Sr.,TE,"ATL 24 @ NYJ 27, Final","8 TGT,7 REC,82 REC YD",$13,7.3,11.70,45,2025-12-01 16:29:39,Week 13,Sunday
Jaylen Warren,RB,"BUF 26 @ PIT 7, Final","10 RUSH ATT,35 RUSH YD,RUSH TD,4 TGT,2 REC,9 REC YD",$29,11.8,11.40,46,2025-12-01 16:29:39,Week 13,Sunday
Zach Charbonnet,RB,"MIN 0 @ SEA 26, Final","14 RUSH ATT,52 RUSH YD,RUSH TD",$22,9.4,11.20,47,2025-12-01 16:29:39,Week 13,Sunday
Miami Dolphins,DEF,"NO 17 @ MIA 21, Final","17 PTS ALLOWED,4 SACK,INT,FUM REC,2PT",$13,5.8,11.00,48,2025-12-01 16:29:39,Week 13,Sunday
San Francisco 49ers,DEF,"SF 26 @ CLE 8, Final","8 PTS ALLOWED,3 SACK,2 FUM REC",$10,4.7,11.00,49,2025-12-01 16:29:39,Week 13,Sunday
Tetairoa McMillan,WR,"LA 28 @ CAR 31, Final","2 TGT,REC,43 REC YD,REC TD",$32,11.3,10.80,50,2025-12-01 16:29:39,Week 13,Sunday
Shedeur Sanders,QB,"SF 26 @ CLE 8, Final","149 PASS YD,PASS TD,RUSH ATT,6 RUSH YD",$21,8.1,10.56,51,2025-12-01 16:29:40,Week 13,Sunday
Puka Nacua,WR,"LA 28 @ CAR 31, Final","9 TGT,6 REC,72 REC YD",$38,16.4,10.20,52,2025-12-01 16:29:40,Week 13,Sunday
C.J. Stroud,QB,"HOU 20 @ IND 16, Final","276 PASS YD,INT,RUSH ATT",$32,15.1,10.04,53,2025-12-01 16:29:40,Week 13,Sunday
Marvin Harrison Jr.Q,WR,"ARI 17 @ TB 20, Final","7 TGT,6 REC,69 REC YD",$26,10.5,9.90,54,2025-12-01 16:29:40,Week 13,Sunday
Harold Fannin Jr.,TE,"SF 26 @ CLE 8, Final","RUSH ATT,5 TGT,3 REC,43 REC YD,REC TD,FUM LOST",$14,7.8,9.80,55,2025-12-01 16:29:40,Week 13,Sunday
Quentin Johnston,WR,"LV 14 @ LAC 31, Final","3 TGT,3 REC,23 REC YD,REC TD",$21,11.3,9.80,56,2025-12-01 16:29:40,Week 13,Sunday
Xavier Smith,WR,"LA 28 @ CAR 31, Final","3 TGT,3 REC,82 REC YD",$10,2.0,9.70,57,2025-12-01 16:29:40,Week 13,Sunday
Tyler Warren,TE,"HOU 20 @ IND 16, Final","RUSH ATT,4 TGT,3 REC,22 REC YD,REC TD",$19,10.7,9.70,58,2025-12-01 16:29:40,Week 13,Sunday
Nick Chubb,RB,"HOU 20 @ IND 16, Final","9 RUSH ATT,34 RUSH YD,RUSH TD",$13,6.4,9.40,59,2025-12-01 16:29:40,Week 13,Sunday
Chris Godwin Jr.,WR,"ARI 17 @ TB 20, Final","5 TGT,3 REC,78 REC YD",$21,4.9,9.30,60,2025-12-01 16:29:40,Week 13,Sunday
Ashton Jeanty,RB,"LV 14 @ LAC 31, Final","15 RUSH ATT,31 RUSH YD,8 TGT,6 REC,30 REC YD",$34,13.0,9.10,61,2025-12-01 16:29:40,Week 13,Sunday
Dalton Schultz,TE,"HOU 20 @ IND 16, Final","8 TGT,7 REC,55 REC YD",$15,7.6,9.00,62,2025-12-01 16:29:40,Week 13,Sunday
Jayden Higgins,WR,"HOU 20 @ IND 16, Final","5 TGT,5 REC,65 REC YD",$17,6.3,9.00,63,2025-12-01 16:29:40,Week 13,Sunday
Minnesota Vikings,DEF,"MIN 0 @ SEA 26, Final","20 PTS ALLOWED,4 SACK,2 FUM REC",$11,6.1,9.00,64,2025-12-01 16:29:40,Week 13,Sunday
Rico Dowdle,RB,"LA 28 @ CAR 31, Final","18 RUSH ATT,58 RUSH YD,2 TGT,2 REC,21 REC YD",$31,13.0,8.90,65,2025-12-01 16:29:40,Week 13,Sunday
Michael Carter,RB,"ARI 17 @ TB 20, Final","5 RUSH ATT,17 RUSH YD,6 TGT,5 REC,47 REC YD",$10,6.2,8.90,66,2025-12-01 16:29:40,Week 13,Sunday
T.J. Hockenson,TE,"MIN 0 @ SEA 26, Final","6 TGT,6 REC,59 REC YD",$12,5.8,8.90,67,2025-12-01 16:29:40,Week 13,Sunday
Kenneth Walker III,RB,"MIN 0 @ SEA 26, Final","13 RUSH ATT,56 RUSH YD,4 TGT,3 REC,18 REC YD",$24,10.4,8.90,68,2025-12-01 16:29:40,Week 13,Sunday
George Kittle,TE,"SF 26 @ CLE 8, Final","5 TGT,4 REC,67 REC YD",$24,11.0,8.70,69,2025-12-01 16:29:40,Week 13,Sunday
David Sills V,WR,"ATL 24 @ NYJ 27, Final","4 TGT,2 REC,15 REC YD,REC TD",$10,3.2,8.50,70,2025-12-01 16:29:40,Week 13,Sunday
Bhayshul Tuten,RB,"JAC 25 @ TEN 3, Final","8 RUSH ATT,17 RUSH YD,RUSH TD,TGT,REC,2 REC YD",$15,5.7,8.40,71,2025-12-01 16:29:40,Week 13,Sunday
Devin Neal,RB,"NO 17 @ MIA 21, Final","14 RUSH ATT,47 RUSH YD,3 TGT,3 REC,22 REC YD",$13,3.8,8.40,72,2025-12-01 16:29:40,Week 13,Sunday
Los Angeles Chargers,DEF,"LV 14 @ LAC 31, Final","14 PTS ALLOWED,5 SACK,INT",$16,5.8,8.00,73,2025-12-01 16:29:40,Week 13,Sunday
Keon Coleman,WR,"BUF 26 @ PIT 7, Final","3 TGT,2 REC,9 REC YD,REC TD",$16,7.3,7.90,74,2025-12-01 16:29:41,Week 13,Sunday
Woody Marks,RB,"HOU 20 @ IND 16, Final","19 RUSH ATT,64 RUSH YD,TGT,REC,3 REC YD",$19,8.4,7.20,75,2025-12-01 16:29:41,Week 13,Sunday
New Orleans Saints,DEF,"NO 17 @ MIA 21, Final","19 PTS ALLOWED,4 SACK,INT",$13,6.2,7.00,76,2025-12-01 16:29:41,Week 13,Sunday
Tampa Bay Buccaneers,DEF,"ARI 17 @ TB 20, Final","17 PTS ALLOWED,2 SACK,INT,FUM REC",$14,6.6,7.00,77,2025-12-01 16:29:41,Week 13,Sunday
Juwan Johnson,TE,"NO 17 @ MIA 21, Final","9 TGT,5 REC,39 REC YD",$18,8.4,6.40,78,2025-12-01 16:29:41,Week 13,Sunday
Cam Ward,QB,"JAC 25 @ TEN 3, Final","141 PASS YD,RUSH ATT,7 RUSH YD",$24,10.2,6.34,79,2025-12-01 16:29:41,Week 13,Sunday
Emeka Egbuka,WR,"ARI 17 @ TB 20, Final","8 TGT,4 REC,42 REC YD",$27,12.0,6.20,80,2025-12-01 16:29:41,Week 13,Sunday
Ray Davis,RB,"BUF 26 @ PIT 7, Final","9 RUSH ATT,62 RUSH YD",$10,2.2,6.20,81,2025-12-01 16:29:41,Week 13,Sunday
Jordan Addison,WR,"MIN 0 @ SEA 26, Final","10 TGT,5 REC,36 REC YD",$18,9.0,6.10,82,2025-12-01 16:29:41,Week 13,Sunday
Darren Waller,TE,"NO 17 @ MIA 21, Final","3 TGT,2 REC,47 REC YD",$17,11.6,5.70,83,2025-12-01 16:29:41,Week 13,Sunday
AJ Barner,TE,"MIN 0 @ SEA 26, Final","RUSH ATT,2 RUSH YD,5 TGT,4 REC,35 REC YD",$13,7.1,5.70,84,2025-12-01 16:29:41,Week 13,Sunday
Tua Tagovailoa,QB,"NO 17 @ MIA 21, Final","157 PASS YD,INT,4 RUSH ATT,4 RUSH YD",$30,12.4,5.68,85,2025-12-01 16:29:41,Week 13,Sunday
Jaylen Waddle,WR,"NO 17 @ MIA 21, Final","6 TGT,3 REC,40 REC YD",$31,11.0,5.50,86,2025-12-01 16:29:41,Week 13,Sunday
Kenneth Gainwell,RB,"BUF 26 @ PIT 7, Final","5 RUSH ATT,20 RUSH YD,3 TGT,2 REC,25 REC YD",$23,9.3,5.50,87,2025-12-01 16:29:41,Week 13,Sunday
Darnell Washington,TE,"BUF 26 @ PIT 7, Final","4 TGT,2 REC,45 REC YD",$10,4.2,5.50,88,2025-12-01 16:29:41,Week 13,Sunday
Tyjae Spears,RB,"JAC 25 @ TEN 3, Final","2 RUSH ATT,-1 RUSH YD,6 TGT,6 REC,25 REC YD",$15,6.6,5.40,89,2025-12-01 16:29:41,Week 13,Sunday
Josh Downs,WR,"HOU 20 @ IND 16, Final","6 TGT,2 REC,44 REC YD",$18,6.6,5.40,90,2025-12-01 16:29:41,Week 13,Sunday
Gunnar Helm,TE,"JAC 25 @ TEN 3, Final","7 TGT,6 REC,23 REC YD",$10,4.4,5.30,91,2025-12-01 16:29:41,Week 13,Sunday
Jordan Mason,RB,"MIN 0 @ SEA 26, Final","6 RUSH ATT,47 RUSH YD,TGT,REC,REC YD",$14,8.1,5.30,92,2025-12-01 16:29:41,Week 13,Sunday
Michael Wilson,WR,"ARI 17 @ TB 20, Final","7 TGT,3 REC,36 REC YD",$22,7.3,5.10,93,2025-12-01 16:29:41,Week 13,Sunday
Malik Washington,WR,"NO 17 @ MIA 21, Final","5 TGT,4 REC,30 REC YD",$15,5.7,5.00,94,2025-12-01 16:29:41,Week 13,Sunday
Indianapolis Colts,DEF,"HOU 20 @ IND 16, Final","20 PTS ALLOWED,2 SACK,INT",$15,7.7,5.00,95,2025-12-01 16:29:41,Week 13,Sunday
Pittsburgh Steelers,DEF,"BUF 26 @ PIT 7, Final","20 PTS ALLOWED,INT,FUM REC",$17,8.3,5.00,96,2025-12-01 16:29:41,Week 13,Sunday
Keenan Allen,WR,"LV 14 @ LAC 31, Final","5 TGT,4 REC,30 REC YD",$17,9.7,5.00,97,2025-12-01 16:29:41,Week 13,Sunday
Chig Okonkwo,TE,"JAC 25 @ TEN 3, Final","5 TGT,4 REC,29 REC YD",$12,5.0,4.90,98,2025-12-01 16:29:41,Week 13,Sunday
Xavier Hutchinson,WR,"HOU 20 @ IND 16, Final","5 TGT,2 REC,39 REC YD",$10,5.7,4.90,99,2025-12-01 16:29:42,Week 13,Sunday
Tony Pollard,RB,"JAC 25 @ TEN 3, Final","10 RUSH ATT,60 RUSH YD,2 TGT,REC,3 REC YD,FUM LOST",$17,7.9,4.80,100,2025-12-01 16:29:42,Week 13,Sunday
Colby Parkinson,TE,"LA 28 @ CAR 31, Final","5 TGT,4 REC,27 REC YD",$10,5.2,4.70,101,2025-12-01 16:29:42,Week 13,Sunday
DK Metcalf,WR,"BUF 26 @ PIT 7, Final","5 TGT,3 REC,32 REC YD",$24,10.0,4.70,102,2025-12-01 16:29:42,Week 13,Sunday
Travis Etienne Jr.,RB,"JAC 25 @ TEN 3, Final","12 RUSH ATT,28 RUSH YD,TGT,REC,13 REC YD",$31,13.0,4.60,103,2025-12-01 16:29:42,Week 13,Sunday
Tre' Harris,WR,"LV 14 @ LAC 31, Final","4 TGT,3 REC,30 REC YD",$10,2.9,4.50,104,2025-12-01 16:29:42,Week 13,Sunday
Rachaad White,RB,"ARI 17 @ TB 20, Final","2 RUSH ATT,7 RUSH YD,3 TGT,3 REC,22 REC YD",$16,8.3,4.40,105,2025-12-01 16:29:42,Week 13,Sunday
Dawson Knox,TE,"BUF 26 @ PIT 7, Final","4 TGT,3 REC,28 REC YD",$10,3.4,4.30,106,2025-12-01 16:29:42,Week 13,Sunday
Jerry Jeudy,WR,"SF 26 @ CLE 8, Final","4 TGT,3 REC,26 REC YD",$15,5.3,4.10,107,2025-12-01 16:29:42,Week 13,Sunday
New York Jets,DEF,"ATL 24 @ NYJ 27, Final","24 PTS ALLOWED,2 SACK,FUM REC",$10,3.8,4.00,108,2025-12-01 16:29:42,Week 13,Sunday
Ty Johnson,RB,"BUF 26 @ PIT 7, Final","2 RUSH ATT,5 RUSH YD,5 TGT,3 REC,20 REC YD",$12,3.9,4.00,109,2025-12-01 16:29:42,Week 13,Sunday
Las Vegas Raiders,DEF,"LV 14 @ LAC 31, Final","31 PTS ALLOWED,3 SACK,INT",$10,4.3,4.00,110,2025-12-01 16:29:42,Week 13,Sunday
Cooper Kupp,WR,"MIN 0 @ SEA 26, Final","4 TGT,3 REC,24 REC YD",$15,6.0,3.90,111,2025-12-01 16:29:42,Week 13,Sunday
Brian Thomas Jr.,WR,"JAC 25 @ TEN 3, Final","3 TGT,2 REC,28 REC YD",$24,8.3,3.80,112,2025-12-01 16:29:42,Week 13,Sunday
John Metchie III,WR,"ATL 24 @ NYJ 27, Final","RUSH ATT,-2 RUSH YD,8 TGT,4 REC,19 REC YD",$13,4.4,3.70,113,2025-12-01 16:29:42,Week 13,Sunday
Kyle JuszczykQ,RB,"SF 26 @ CLE 8, Final","2 TGT,2 REC,27 REC YD",$10,2.6,3.70,114,2025-12-01 16:29:42,Week 13,Sunday
Van Jefferson,WR,"JAC 25 @ TEN 3, Final","4 TGT,3 REC,20 REC YD",$12,3.9,3.50,115,2025-12-01 16:29:42,Week 13,Sunday
Darnell Mooney,WR,"ATL 24 @ NYJ 27, Final","5 TGT,2 REC,25 REC YD",$19,4.9,3.50,116,2025-12-01 16:29:42,Week 13,Sunday
Mitchell Evans,TE,"LA 28 @ CAR 31, Final","3 TGT,3 REC,20 REC YD",$10,3.3,3.50,117,2025-12-01 16:29:42,Week 13,Sunday
Tre Tucker,WR,"LV 14 @ LAC 31, Final","3 TGT,3 REC,20 REC YD",$17,9.2,3.50,118,2025-12-01 16:29:42,Week 13,Sunday
Mason Tipton,WR,"NO 17 @ MIA 21, Final","RUSH ATT,-1 RUSH YD,4 TGT,3 REC,20 REC YD",$10,1.6,3.40,119,2025-12-01 16:29:42,Week 13,Sunday
Greg Dulcich,TE,"NO 17 @ MIA 21, Final","2 TGT,2 REC,24 REC YD",$10,4.1,3.40,120,2025-12-01 16:29:42,Week 13,Sunday
Jaxon Smith-Njigba,WR,"MIN 0 @ SEA 26, Final","4 TGT,2 REC,23 REC YD",$45,18.2,3.30,121,2025-12-01 16:29:42,Week 13,Sunday
Jerome Ford,RB,"SF 26 @ CLE 8, Final","3 TGT,3 REC,17 REC YD",$10,2.4,3.20,122,2025-12-01 16:29:42,Week 13,Sunday
Isaiah Bond,WR,"SF 26 @ CLE 8, Final","RUSH ATT,9 RUSH YD,2 TGT,REC,18 REC YD",$10,3.0,3.20,123,2025-12-01 16:29:42,Week 13,Sunday
Jack Bech,WR,"LV 14 @ LAC 31, Final","3 TGT,2 REC,22 REC YD",$10,1.5,3.20,124,2025-12-01 16:29:43,Week 13,Sunday
Oronde Gadsden,TE,"LV 14 @ LAC 31, Final","2 TGT,REC,27 REC YD",$16,8.2,3.20,125,2025-12-01 16:29:43,Week 13,Sunday
Sam Darnold,QB,"MIN 0 @ SEA 26, Final","128 PASS YD,FUM LOST",$33,14.8,3.12,126,2025-12-01 16:29:43,Week 13,Sunday
Parker WashingtonQ,WR,"JAC 25 @ TEN 3, Final","3 TGT,REC,26 REC YD",$20,7.8,3.10,127,2025-12-01 16:29:43,Week 13,Sunday
Mason Taylor,TE,"ATL 24 @ NYJ 27, Final","4 TGT,2 REC,21 REC YD",$13,4.9,3.10,128,2025-12-01 16:29:43,Week 13,Sunday
Tennessee Titans,DEF,"JAC 25 @ TEN 3, Final","25 PTS ALLOWED,3 SACK",$13,5.8,3.00,129,2025-12-01 16:29:43,Week 13,Sunday
Arizona Cardinals,DEF,"ARI 17 @ TB 20, Final","20 PTS ALLOWED,2 SACK",$13,6.3,3.00,130,2025-12-01 16:29:43,Week 13,Sunday
Cade Stover,TE,"HOU 20 @ IND 16, Final","4 RUSH ATT,3 RUSH YD,2 TGT,2 REC,16 REC YD",$10,2.4,2.90,131,2025-12-01 16:29:43,Week 13,Sunday
Elijah Higgins,TE,"ARI 17 @ TB 20, Final","2 TGT,2 REC,17 REC YD",$10,2.3,2.70,132,2025-12-01 16:29:43,Week 13,Sunday
Aaron Rodgers,QB,"BUF 26 @ PIT 7, Final","117 PASS YD,RUSH ATT,FUM LOST",$30,14.1,2.68,133,2025-12-01 16:29:43,Week 13,Sunday
Brian Robinson Jr.,RB,"SF 26 @ CLE 8, Final","8 RUSH ATT,26 RUSH YD",$10,3.9,2.60,134,2025-12-01 16:29:43,Week 13,Sunday
Zavier Scott,RB,"MIN 0 @ SEA 26, Final","3 RUSH ATT,17 RUSH YD,TGT,REC,4 REC YD",$10,3.7,2.60,135,2025-12-01 16:29:43,Week 13,Sunday
Cody White,WR,"MIN 0 @ SEA 26, Final","TGT,REC,21 REC YD",$10,2.5,2.60,136,2025-12-01 16:29:43,Week 13,Sunday
Aaron Jones Sr.Q,RB,"MIN 0 @ SEA 26, Final","6 RUSH ATT,3 RUSH YD,4 TGT,4 REC,22 REC YD,FUM LOST",$20,8.1,2.50,137,2025-12-01 16:29:43,Week 13,Sunday
Greg Dortch,WR,"ARI 17 @ TB 20, Final","2 TGT,2 REC,14 REC YD",$14,5.1,2.40,138,2025-12-01 16:29:43,Week 13,Sunday
Ricky Pearsall,WR,"SF 26 @ CLE 8, Final","3 TGT,2 REC,14 REC YD",$20,5.9,2.40,139,2025-12-01 16:29:43,Week 13,Sunday
Foster Moreau,TE,"NO 17 @ MIA 21, Final","2 TGT,2 REC,13 REC YD",$10,1.3,2.30,140,2025-12-01 16:29:43,Week 13,Sunday
Dylan SampsonQ,RB,"SF 26 @ CLE 8, Final","4 RUSH ATT,23 RUSH YD",$10,4.5,2.30,141,2025-12-01 16:29:43,Week 13,Sunday
Jeremy Ruckert,TE,"ATL 24 @ NYJ 27, Final","2 TGT,2 REC,12 REC YD",$10,2.7,2.20,142,2025-12-01 16:29:43,Week 13,Sunday
Cedrick Wilson Jr.,WR,"NO 17 @ MIA 21, Final","2 TGT,REC,16 REC YD",$10,1.3,2.10,143,2025-12-01 16:29:43,Week 13,Sunday
Rashid Shaheed,WR,"MIN 0 @ SEA 26, Final","RUSH ATT,9 RUSH YD,3 TGT,REC,7 REC YD",$12,7.1,2.10,144,2025-12-01 16:29:43,Week 13,Sunday
Xavier RestrepoQ,WR,"JAC 25 @ TEN 3, Final","TGT,REC,15 REC YD",$10,2.8,2.00,145,2025-12-01 16:29:43,Week 13,Sunday
Atlanta Falcons,DEF,"ATL 24 @ NYJ 27, Final","27 PTS ALLOWED,2 SACK",$17,7.0,2.00,146,2025-12-01 16:29:43,Week 13,Sunday
Los Angeles Rams,DEF,"LA 28 @ CAR 31, Final","25 PTS ALLOWED,2 SACK",$18,8.8,2.00,147,2025-12-01 16:29:43,Week 13,Sunday
Houston Texans,DEF,"HOU 20 @ IND 16, Final","16 PTS ALLOWED,SACK",$19,9.5,2.00,148,2025-12-01 16:29:44,Week 13,Sunday
Quintin Morris,TE,"JAC 25 @ TEN 3, Final","2 TGT,REC,14 REC YD",$10,0.6,1.90,149,2025-12-01 16:29:44,Week 13,Sunday
Cade Otton,TE,"ARI 17 @ TB 20, Final","2 TGT,2 REC,9 REC YD",$14,5.7,1.90,150,2025-12-01 16:29:44,Week 13,Sunday
James Proche II,WR,"JAC 25 @ TEN 3, Final","TGT,REC,13 REC YD",$10,3.8,1.80,151,2025-12-01 16:29:44,Week 13,Sunday
Michael Pittman Jr.,WR,"HOU 20 @ IND 16, Final","4 TGT,REC,13 REC YD",$26,11.3,1.80,152,2025-12-01 16:29:44,Week 13,Sunday
Tim Patrick,WR,"JAC 25 @ TEN 3, Final","TGT,REC,11 REC YD",$10,2.8,1.60,153,2025-12-01 16:29:44,Week 13,Sunday
Jaylen Wright,RB,"NO 17 @ MIA 21, Final","3 RUSH ATT,16 RUSH YD",$10,1.4,1.60,154,2025-12-01 16:29:44,Week 13,Sunday
Payne Durham,TE,"ARI 17 @ TB 20, Final","TGT,REC,11 REC YD",$10,0.3,1.60,155,2025-12-01 16:29:44,Week 13,Sunday
Tyler Lockett,WR,"LV 14 @ LAC 31, Final","TGT,REC,11 REC YD",$10,2.8,1.60,156,2025-12-01 16:29:44,Week 13,Sunday
Dont'e Thornton Jr.Q,WR,"LV 14 @ LAC 31, Final","2 TGT,REC,11 REC YD",$10,1.8,1.60,157,2025-12-01 16:29:44,Week 13,Sunday
Allen Lazard,WR,"ATL 24 @ NYJ 27, Final","TGT,REC,10 REC YD",$12,2.4,1.50,158,2025-12-01 16:29:44,Week 13,Sunday
Jackson Hawes,TE,"BUF 26 @ PIT 7, Final","TGT,REC,10 REC YD",$10,3.6,1.50,159,2025-12-01 16:29:44,Week 13,Sunday
David Njoku,TE,"SF 26 @ CLE 8, Final","2 TGT,2 REC,4 REC YD",$14,6.3,1.40,160,2025-12-01 16:29:44,Week 13,Sunday
Justin Jefferson,WR,"MIN 0 @ SEA 26, Final","6 TGT,2 REC,4 REC YD",$27,10.3,1.40,161,2025-12-01 16:29:44,Week 13,Sunday
Gage Larvadain,WR,"SF 26 @ CLE 8, Final","3 TGT,2 REC,23 REC YD,FUM LOST",$10,0.6,1.30,162,2025-12-01 16:29:44,Week 13,Sunday
Drew Ogletree,TE,"HOU 20 @ IND 16, Final","TGT,REC,8 REC YD",$10,1.1,1.30,163,2025-12-01 16:29:44,Week 13,Sunday
Ian Thomas,TE,"LV 14 @ LAC 31, Final","TGT,REC,8 REC YD",$10,2.2,1.30,164,2025-12-01 16:29:44,Week 13,Sunday
Taysom Hill,TE,"NO 17 @ MIA 21, Final","RUSH ATT,2 RUSH YD,TGT,REC,5 REC YD",$10,2.3,1.20,165,2025-12-01 16:29:44,Week 13,Sunday
Jonnu Smith,TE,"BUF 26 @ PIT 7, Final","2 TGT,REC,6 REC YD",$10,4.0,1.10,166,2025-12-01 16:29:44,Week 13,Sunday
Elic Ayomanor,WR,"JAC 25 @ TEN 3, Final","5 TGT,REC,5 REC YD",$16,5.5,1.00,167,2025-12-01 16:29:44,Week 13,Sunday
Ollie Gordon II,RB,"NO 17 @ MIA 21, Final","3 RUSH ATT,10 RUSH YD",$11,3.4,1.00,168,2025-12-01 16:29:44,Week 13,Sunday
Sterling Shepard,WR,"ARI 17 @ TB 20, Final","2 TGT,REC,5 REC YD",$10,5.1,1.00,169,2025-12-01 16:29:44,Week 13,Sunday
Tez Johnson,WR,"ARI 17 @ TB 20, Final","2 TGT,REC,5 REC YD",$14,6.6,1.00,170,2025-12-01 16:29:44,Week 13,Sunday
Cleveland Browns,DEF,"SF 26 @ CLE 8, Final","26 PTS ALLOWED,SACK",$16,8.1,1.00,171,2025-12-01 16:29:44,Week 13,Sunday
Khalil Shakir,WR,"BUF 26 @ PIT 7, Final","4 TGT,REC,5 REC YD",$21,8.4,1.00,172,2025-12-01 16:29:44,Week 13,Sunday
Gabe Davis,WR,"BUF 26 @ PIT 7, Final","2 TGT,REC,5 REC YD",$10,3.1,1.00,173,2025-12-01 16:29:44,Week 13,Sunday
Max Brosmer,QB,"MIN 0 @ SEA 26, Final","126 PASS YD,4 INT,RUSH ATT,-1 RUSH YD",$20,0.6,0.94,174,2025-12-01 16:29:45,Week 13,Sunday
Davis Allen,TE,"LA 28 @ CAR 31, Final","TGT,REC,4 REC YD",$10,3.7,0.90,175,2025-12-01 16:29:45,Week 13,Sunday
Trevor Etienne,RB,"LA 28 @ CAR 31, Final","TGT,REC,4 REC YD",$10,0.9,0.90,176,2025-12-01 16:29:45,Week 13,Sunday
Malachi Corley,WR,"SF 26 @ CLE 8, Final","RUSH ATT,9 RUSH YD",$10,1.9,0.90,177,2025-12-01 16:29:45,Week 13,Sunday
Dylan Drummond,WR,"ATL 24 @ NYJ 27, Final","3 TGT,REC,3 REC YD",$10,2.1,0.80,178,2025-12-01 16:29:45,Week 13,Sunday
Trey Lance,QB,"LV 14 @ LAC 31, Final","9 PASS YD,4 RUSH ATT,4 RUSH YD",$20,1.7,0.76,179,2025-12-01 16:29:45,Week 13,Sunday
Tommy Tremble,TE,"LA 28 @ CAR 31, Final","2 TGT,REC,2 REC YD",$10,2.9,0.70,180,2025-12-01 16:29:45,Week 13,Sunday
Xavier Legette,WR,"LA 28 @ CAR 31, Final","2 TGT,REC,REC YD",$15,5.5,0.60,181,2025-12-01 16:29:45,Week 13,Sunday
Demarcus Robinson,WR,"SF 26 @ CLE 8, Final","RUSH ATT,6 RUSH YD,TGT",$10,2.5,0.60,182,2025-12-01 16:29:45,Week 13,Sunday
Raheem Mostert,RB,"LV 14 @ LAC 31, Final","RUSH ATT,6 RUSH YD",$10,2.3,0.60,183,2025-12-01 16:29:45,Week 13,Sunday
Kaleb Johnson,RB,"BUF 26 @ PIT 7, Final","2 RUSH ATT,3 RUSH YD",$10,0.9,0.30,184,2025-12-01 16:29:45,Week 13,Sunday
Mac Jones,QB,"SF 26 @ CLE 8, Final","2 RUSH ATT,2 RUSH YD",$20,13.6,0.20,185,2025-12-01 16:29:45,Week 13,Sunday
Johnny Mundt,TE,"JAC 25 @ TEN 3, Final",,$10,1.5,0.00,186,2025-12-01 16:29:45,Week 13,Sunday
Hunter LongO,TE,"JAC 25 @ TEN 3, Final",,$10,3.8,0.00,187,2025-12-01 16:29:45,Week 13,Sunday
Dyami BrownO,WR,"JAC 25 @ TEN 3, Final",,$11,4.4,0.00,188,2025-12-01 16:29:45,Week 13,Sunday
Austin Trammell,WR,"JAC 25 @ TEN 3, Final",4 TGT,$10,1.2,0.00,189,2025-12-01 16:29:45,Week 13,Sunday
Cody SchraderO,RB,"JAC 25 @ TEN 3, Final",,$10,0.7,0.00,190,2025-12-01 16:29:45,Week 13,Sunday
LeQuint Allen Jr.,RB,"JAC 25 @ TEN 3, Final",,$10,1.2,0.00,191,2025-12-01 16:29:45,Week 13,Sunday
Brandon Allen,QB,"JAC 25 @ TEN 3, Final",,$20,2.8,0.00,192,2025-12-01 16:29:45,Week 13,Sunday
Mason KinseyO,WR,"JAC 25 @ TEN 3, Final",,$10,0.5,0.00,193,2025-12-01 16:29:45,Week 13,Sunday
Julius Chestnut,RB,"JAC 25 @ TEN 3, Final",,$10,0.4,0.00,194,2025-12-01 16:29:45,Week 13,Sunday
David Martin-Robinson,TE,"JAC 25 @ TEN 3, Final",,$10,1.1,0.00,195,2025-12-01 16:29:45,Week 13,Sunday
Kalel Mullings,RB,"JAC 25 @ TEN 3, Final",,$10,—,0.00,196,2025-12-01 16:29:45,Week 13,Sunday
Jamal Agnew,WR,"ATL 24 @ NYJ 27, Final",,$10,—,0.00,197,2025-12-01 16:29:45,Week 13,Sunday
KhaDarel Hodge,WR,"ATL 24 @ NYJ 27, Final",,$10,0.7,0.00,198,2025-12-01 16:29:45,Week 13,Sunday
Charlie Woerner,TE,"ATL 24 @ NYJ 27, Final",,$10,1.5,0.00,199,2025-12-01 16:29:46,Week 13,Sunday
Feleipe FranksQ,TE,"ATL 24 @ NYJ 27, Final",,$10,0.1,0.00,200,2025-12-01 16:29:46,Week 13,Sunday
Drake LondonO,WR,"ATL 24 @ NYJ 27, Final",,$40,16.3,0.00,201,2025-12-01 16:29:46,Week 13,Sunday
Teagan Quitoriano,TE,"ATL 24 @ NYJ 27, Final",,$10,—,0.00,202,2025-12-01 16:29:46,Week 13,Sunday
Casey Washington,WR,"ATL 24 @ NYJ 27, Final",,$10,2.5,0.00,203,2025-12-01 16:29:46,Week 13,Sunday
Nathan Carter,RB,"ATL 24 @ NYJ 27, Final",,$10,2.0,0.00,204,2025-12-01 16:29:46,Week 13,Sunday
Andrew Beck,RB,"ATL 24 @ NYJ 27, Final",,$10,1.3,0.00,205,2025-12-01 16:29:46,Week 13,Sunday
Tyler Johnson,WR,"ATL 24 @ NYJ 27, Final",,$10,4.2,0.00,206,2025-12-01 16:29:46,Week 13,Sunday
Justin Fields,QB,"ATL 24 @ NYJ 27, Final",,$24,16.0,0.00,207,2025-12-01 16:29:46,Week 13,Sunday
Kene Nwangwu,RB,"ATL 24 @ NYJ 27, Final",,$10,1.0,0.00,208,2025-12-01 16:29:46,Week 13,Sunday
Khalil HerbertO,RB,"ATL 24 @ NYJ 27, Final",,$10,—,0.00,209,2025-12-01 16:29:46,Week 13,Sunday
Jelani WoodsO,TE,"ATL 24 @ NYJ 27, Final",,$10,—,0.00,210,2025-12-01 16:29:46,Week 13,Sunday
Irvin CharlesPUP,WR,"ATL 24 @ NYJ 27, Final",,$10,—,0.00,211,2025-12-01 16:29:46,Week 13,Sunday
Stone Smartt,TE,"ATL 24 @ NYJ 27, Final",,$10,—,0.00,212,2025-12-01 16:29:46,Week 13,Sunday
Isaiah Davis,RB,"ATL 24 @ NYJ 27, Final",TGT,$12,2.9,0.00,213,2025-12-01 16:29:46,Week 13,Sunday
Isaiah Williams,WR,"ATL 24 @ NYJ 27, Final",TGT,$10,1.7,0.00,214,2025-12-01 16:29:46,Week 13,Sunday
Arian SmithO,WR,"ATL 24 @ NYJ 27, Final",,$10,1.0,0.00,215,2025-12-01 16:29:46,Week 13,Sunday
Easton Stick,QB,"ATL 24 @ NYJ 27, Final",,$20,—,0.00,216,2025-12-01 16:29:46,Week 13,Sunday
Josh ReynoldsIR,WR,"ATL 24 @ NYJ 27, Final",,$10,3.5,0.00,217,2025-12-01 16:29:46,Week 13,Sunday
Braelon AllenIR,RB,"ATL 24 @ NYJ 27, Final",,$10,—,0.00,218,2025-12-01 16:29:46,Week 13,Sunday
Jimmy Garoppolo,QB,"LA 28 @ CAR 31, Final",,$20,-0.1,0.00,219,2025-12-01 16:29:46,Week 13,Sunday
Ronnie Rivers,RB,"LA 28 @ CAR 31, Final",,$10,—,0.00,220,2025-12-01 16:29:46,Week 13,Sunday
Stetson Bennett IVO,QB,"LA 28 @ CAR 31, Final",,$20,—,0.00,221,2025-12-01 16:29:46,Week 13,Sunday
Jordan Whittington,WR,"LA 28 @ CAR 31, Final",TGT,$10,2.4,0.00,222,2025-12-01 16:29:46,Week 13,Sunday
Terrance Ferguson,TE,"LA 28 @ CAR 31, Final",2 TGT,$10,2.8,0.00,223,2025-12-01 16:29:46,Week 13,Sunday
Jarquez HunterO,RB,"LA 28 @ CAR 31, Final",,$10,—,0.00,224,2025-12-01 16:29:46,Week 13,Sunday
Konata Mumpfield,WR,"LA 28 @ CAR 31, Final",,$10,1.7,0.00,225,2025-12-01 16:29:47,Week 13,Sunday
Andy Dalton,QB,"LA 28 @ CAR 31, Final",,$20,2.6,0.00,226,2025-12-01 16:29:47,Week 13,Sunday
Hunter Renfrow,WR,"LA 28 @ CAR 31, Final",,$10,4.7,0.00,227,2025-12-01 16:29:47,Week 13,Sunday
James Mitchell,TE,"LA 28 @ CAR 31, Final",,$10,2.2,0.00,228,2025-12-01 16:29:47,Week 13,Sunday
Brycen Tremayne,WR,"LA 28 @ CAR 31, Final",,$10,1.8,0.00,229,2025-12-01 16:29:47,Week 13,Sunday
Jonathon BrooksPUP,RB,"LA 28 @ CAR 31, Final",,$10,2.0,0.00,230,2025-12-01 16:29:47,Week 13,Sunday
Ja'Tavion Sanders,TE,"LA 28 @ CAR 31, Final",,$10,3.3,0.00,231,2025-12-01 16:29:47,Week 13,Sunday
Jimmy Horn Jr.,WR,"LA 28 @ CAR 31, Final",,$10,2.6,0.00,232,2025-12-01 16:29:47,Week 13,Sunday
Brennan Presley,WR,"LA 28 @ CAR 31, Final",,$10,—,0.00,233,2025-12-01 16:29:47,Week 13,Sunday
Tutu AtwellIR,WR,"LA 28 @ CAR 31, Final",,$11,4.1,0.00,234,2025-12-01 16:29:47,Week 13,Sunday
Alvin KamaraO,RB,"NO 17 @ MIA 21, Final",,$21,7.7,0.00,235,2025-12-01 16:29:47,Week 13,Sunday
Jack Stoll,TE,"NO 17 @ MIA 21, Final",,$10,1.9,0.00,236,2025-12-01 16:29:47,Week 13,Sunday
Zaire Mitchell-PadenO,TE,"NO 17 @ MIA 21, Final",,$10,0.9,0.00,237,2025-12-01 16:29:47,Week 13,Sunday
Audric Estime,RB,"NO 17 @ MIA 21, Final",,$10,3.6,0.00,238,2025-12-01 16:29:47,Week 13,Sunday
Spencer Rattler,QB,"NO 17 @ MIA 21, Final",,$20,13.0,0.00,239,2025-12-01 16:29:47,Week 13,Sunday
Alec IngoldQ,RB,"NO 17 @ MIA 21, Final",,$10,1.2,0.00,240,2025-12-01 16:29:47,Week 13,Sunday
Nick Westbrook-Ikhine,WR,"NO 17 @ MIA 21, Final",,$10,1.4,0.00,241,2025-12-01 16:29:47,Week 13,Sunday
Zach Wilson,QB,"NO 17 @ MIA 21, Final",,$20,0.8,0.00,242,2025-12-01 16:29:47,Week 13,Sunday
Dee Eskridge,WR,"NO 17 @ MIA 21, Final",,$10,0.8,0.00,243,2025-12-01 16:29:47,Week 13,Sunday
Julian Hill,TE,"NO 17 @ MIA 21, Final",TGT,$10,1.8,0.00,244,2025-12-01 16:29:47,Week 13,Sunday
Tahj WashingtonO,WR,"NO 17 @ MIA 21, Final",,$10,-0.4,0.00,245,2025-12-01 16:29:47,Week 13,Sunday
Hayden Rucci,TE,"NO 17 @ MIA 21, Final",,$10,—,0.00,246,2025-12-01 16:29:47,Week 13,Sunday
Quinn EwersO,QB,"NO 17 @ MIA 21, Final",,$20,2.1,0.00,247,2025-12-01 16:29:47,Week 13,Sunday
Kevin Austin Jr.,WR,"NO 17 @ MIA 21, Final",,$10,—,0.00,248,2025-12-01 16:29:47,Week 13,Sunday
Dante Pettis,WR,"NO 17 @ MIA 21, Final",,$10,0.6,0.00,249,2025-12-01 16:29:47,Week 13,Sunday
Trey PalmerIR,WR,"NO 17 @ MIA 21, Final",,$10,1.9,0.00,250,2025-12-01 16:29:48,Week 13,Sunday
Josiah Deguara,TE,"ARI 17 @ TB 20, Final",,$10,0.6,0.00,251,2025-12-01 16:29:48,Week 13,Sunday
Emari DemercadoO,RB,"ARI 17 @ TB 20, Final",,$10,4.8,0.00,252,2025-12-01 16:29:48,Week 13,Sunday
Xavier Weaver,WR,"ARI 17 @ TB 20, Final",TGT,$10,0.8,0.00,253,2025-12-01 16:29:48,Week 13,Sunday
Kedon Slovis,QB,"ARI 17 @ TB 20, Final",,$20,-0.0,0.00,254,2025-12-01 16:29:48,Week 13,Sunday
Teddy Bridgewater,QB,"ARI 17 @ TB 20, Final",,$20,1.0,0.00,255,2025-12-01 16:29:48,Week 13,Sunday
Ryan Miller,WR,"ARI 17 @ TB 20, Final",,$10,1.3,0.00,256,2025-12-01 16:29:48,Week 13,Sunday
Sean Tucker,RB,"ARI 17 @ TB 20, Final",2 RUSH ATT,$17,5.4,0.00,257,2025-12-01 16:29:48,Week 13,Sunday
Devin Culp,TE,"ARI 17 @ TB 20, Final",,$10,—,0.00,258,2025-12-01 16:29:48,Week 13,Sunday
Kameron Johnson,WR,"ARI 17 @ TB 20, Final",,$10,1.3,0.00,259,2025-12-01 16:29:48,Week 13,Sunday
Josh WilliamsSUSP,RB,"ARI 17 @ TB 20, Final",,$10,0.6,0.00,260,2025-12-01 16:29:48,Week 13,Sunday
Andre BaccelliaQ,WR,"ARI 17 @ TB 20, Final",,$10,0.5,0.00,261,2025-12-01 16:29:48,Week 13,Sunday
Owen Wright,RB,"ARI 17 @ TB 20, Final",,$10,0.3,0.00,262,2025-12-01 16:29:48,Week 13,Sunday
Trey BensonIR,RB,"ARI 17 @ TB 20, Final",,$17,5.8,0.00,263,2025-12-01 16:29:48,Week 13,Sunday
Jermar Jefferson,RB,"ARI 17 @ TB 20, Final",,$10,1.8,0.00,264,2025-12-01 16:29:48,Week 13,Sunday
Pharaoh Brown,TE,"ARI 17 @ TB 20, Final",,$10,—,0.00,265,2025-12-01 16:29:48,Week 13,Sunday
Kendrick Bourne,WR,"SF 26 @ CLE 8, Final",TGT,$10,6.4,0.00,266,2025-12-01 16:29:48,Week 13,Sunday
Brandon AiyukPUP,WR,"SF 26 @ CLE 8, Final",,$10,7.1,0.00,267,2025-12-01 16:29:48,Week 13,Sunday
Luke Farrell,TE,"SF 26 @ CLE 8, Final",TGT,$10,2.0,0.00,268,2025-12-01 16:29:48,Week 13,Sunday
Skyy Moore,WR,"SF 26 @ CLE 8, Final",,$10,0.7,0.00,269,2025-12-01 16:29:48,Week 13,Sunday
Jake Tonges,TE,"SF 26 @ CLE 8, Final",,$10,7.5,0.00,270,2025-12-01 16:29:48,Week 13,Sunday
Isaac Guerendo,RB,"SF 26 @ CLE 8, Final",,$10,—,0.00,271,2025-12-01 16:29:48,Week 13,Sunday
Jordan WatkinsO,WR,"SF 26 @ CLE 8, Final",,$10,1.8,0.00,272,2025-12-01 16:29:48,Week 13,Sunday
Jordan JamesO,RB,"SF 26 @ CLE 8, Final",,$10,—,0.00,273,2025-12-01 16:29:48,Week 13,Sunday
Deshaun WatsonPUP,QB,"SF 26 @ CLE 8, Final",,$20,11.4,0.00,274,2025-12-01 16:29:49,Week 13,Sunday
Cedric Tillman,WR,"SF 26 @ CLE 8, Final",TGT,$13,4.7,0.00,275,2025-12-01 16:29:49,Week 13,Sunday
Blake Whiteheart,TE,"SF 26 @ CLE 8, Final",,$10,0.2,0.00,276,2025-12-01 16:29:49,Week 13,Sunday
Jamari ThrashO,WR,"SF 26 @ CLE 8, Final",,$10,2.0,0.00,277,2025-12-01 16:29:49,Week 13,Sunday
Brenden BatesO,TE,"SF 26 @ CLE 8, Final",,$10,3.3,0.00,278,2025-12-01 16:29:49,Week 13,Sunday
Dillon Gabriel,QB,"SF 26 @ CLE 8, Final",,$21,8.0,0.00,279,2025-12-01 16:29:49,Week 13,Sunday
Raheim Sanders,RB,"SF 26 @ CLE 8, Final",,$10,3.2,0.00,280,2025-12-01 16:29:49,Week 13,Sunday
Bailey Zappe,QB,"SF 26 @ CLE 8, Final",,$20,9.0,0.00,281,2025-12-01 16:29:49,Week 13,Sunday
DeAndre CarterIR,WR,"SF 26 @ CLE 8, Final",,$10,—,0.00,282,2025-12-01 16:29:49,Week 13,Sunday
Dare Ogunbowale,RB,"HOU 20 @ IND 16, Final",,$10,0.6,0.00,283,2025-12-01 16:29:49,Week 13,Sunday
Christian Kirk,WR,"HOU 20 @ IND 16, Final",,$13,4.5,0.00,284,2025-12-01 16:29:49,Week 13,Sunday
Braxton BerriosO,WR,"HOU 20 @ IND 16, Final",,$10,1.7,0.00,285,2025-12-01 16:29:49,Week 13,Sunday
Davis Mills,QB,"HOU 20 @ IND 16, Final",,$20,13.4,0.00,286,2025-12-01 16:29:49,Week 13,Sunday
Tank DellPUP,WR,"HOU 20 @ IND 16, Final",,$11,8.2,0.00,287,2025-12-01 16:29:49,Week 13,Sunday
British Brooks,RB,"HOU 20 @ IND 16, Final",,$10,0.4,0.00,288,2025-12-01 16:29:49,Week 13,Sunday
Jaylin Noel,WR,"HOU 20 @ IND 16, Final",TGT,$10,3.2,0.00,289,2025-12-01 16:29:49,Week 13,Sunday
Graham MertzO,QB,"HOU 20 @ IND 16, Final",,$20,—,0.00,290,2025-12-01 16:29:49,Week 13,Sunday
Ameer Abdullah,RB,"HOU 20 @ IND 16, Final",,$10,1.9,0.00,291,2025-12-01 16:29:49,Week 13,Sunday
Laquon Treadwell,WR,"HOU 20 @ IND 16, Final",,$10,—,0.00,292,2025-12-01 16:29:49,Week 13,Sunday
Mo Alie-Cox,TE,"HOU 20 @ IND 16, Final",,$10,1.2,0.00,293,2025-12-01 16:29:49,Week 13,Sunday
Ashton DulinIR,WR,"HOU 20 @ IND 16, Final",,$10,1.8,0.00,294,2025-12-01 16:29:49,Week 13,Sunday
Tyler Goodson,RB,"HOU 20 @ IND 16, Final",,$10,0.4,0.00,295,2025-12-01 16:29:49,Week 13,Sunday
Will MalloryO,TE,"HOU 20 @ IND 16, Final",,$10,0.7,0.00,296,2025-12-01 16:29:49,Week 13,Sunday
Anthony Gould,WR,"HOU 20 @ IND 16, Final",,$10,0.1,0.00,297,2025-12-01 16:29:50,Week 13,Sunday
DJ GiddensO,RB,"HOU 20 @ IND 16, Final",,$10,1.7,0.00,298,2025-12-01 16:29:50,Week 13,Sunday
Riley Leonard,QB,"HOU 20 @ IND 16, Final",,$20,0.1,0.00,299,2025-12-01 16:29:50,Week 13,Sunday
Jakob Johnson,RB,"HOU 20 @ IND 16, Final",,$10,—,0.00,300,2025-12-01 16:29:50,Week 13,Sunday
Justin WatsonIR,WR,"HOU 20 @ IND 16, Final",,$10,—,0.00,301,2025-12-01 16:29:50,Week 13,Sunday
Anthony Richardson Sr.IR,QB,"HOU 20 @ IND 16, Final",,$20,0.8,0.00,302,2025-12-01 16:29:50,Week 13,Sunday
Adam ThielenO,WR,"MIN 0 @ SEA 26, Final",,$10,1.4,0.00,303,2025-12-01 16:29:50,Week 13,Sunday
C.J. Ham,RB,"MIN 0 @ SEA 26, Final",,$10,0.3,0.00,304,2025-12-01 16:29:50,Week 13,Sunday
Josh Oliver,TE,"MIN 0 @ SEA 26, Final",,$10,3.1,0.00,305,2025-12-01 16:29:50,Week 13,Sunday
Jalen Nailor,WR,"MIN 0 @ SEA 26, Final",TGT,$13,4.8,0.00,306,2025-12-01 16:29:50,Week 13,Sunday
Ben Sims,TE,"MIN 0 @ SEA 26, Final",,$10,1.5,0.00,307,2025-12-01 16:29:50,Week 13,Sunday
J.J. McCarthyO,QB,"MIN 0 @ SEA 26, Final",,$23,12.5,0.00,308,2025-12-01 16:29:50,Week 13,Sunday
Tai Felton,WR,"MIN 0 @ SEA 26, Final",,$10,0.2,0.00,309,2025-12-01 16:29:50,Week 13,Sunday
Gavin BartholomewPUP,TE,"MIN 0 @ SEA 26, Final",,$10,—,0.00,310,2025-12-01 16:29:50,Week 13,Sunday
Myles Price,WR,"MIN 0 @ SEA 26, Final",,$10,—,0.00,311,2025-12-01 16:29:50,Week 13,Sunday
Ben YurosekO,TE,"MIN 0 @ SEA 26, Final",,$10,0.3,0.00,312,2025-12-01 16:29:50,Week 13,Sunday
Drew Lock,QB,"MIN 0 @ SEA 26, Final",,$20,0.0,0.00,313,2025-12-01 16:29:50,Week 13,Sunday
Jake BoboO,WR,"MIN 0 @ SEA 26, Final",,$10,1.0,0.00,314,2025-12-01 16:29:50,Week 13,Sunday
Brady Russell,RB,"MIN 0 @ SEA 26, Final",,$10,—,0.00,315,2025-12-01 16:29:50,Week 13,Sunday
George HolaniIR,RB,"MIN 0 @ SEA 26, Final",,$10,2.0,0.00,316,2025-12-01 16:29:50,Week 13,Sunday
Elijah Arroyo,TE,"MIN 0 @ SEA 26, Final",2 TGT,$10,2.5,0.00,317,2025-12-01 16:29:50,Week 13,Sunday
Jalen MilroeO,QB,"MIN 0 @ SEA 26, Final",,$20,-0.4,0.00,318,2025-12-01 16:29:50,Week 13,Sunday
Tory HortonIR,WR,"MIN 0 @ SEA 26, Final",,$10,7.3,0.00,319,2025-12-01 16:29:50,Week 13,Sunday
Robbie Ouzts,RB,"MIN 0 @ SEA 26, Final",,$10,—,0.00,320,2025-12-01 16:29:50,Week 13,Sunday
Nick Kallerup,TE,"MIN 0 @ SEA 26, Final",,$10,—,0.00,321,2025-12-01 16:29:51,Week 13,Sunday
Ty ChandlerIR,RB,"MIN 0 @ SEA 26, Final",,$10,—,0.00,322,2025-12-01 16:29:51,Week 13,Sunday
Mitchell Trubisky,QB,"BUF 26 @ PIT 7, Final",,$20,0.8,0.00,323,2025-12-01 16:29:51,Week 13,Sunday
Curtis SamuelIR,WR,"BUF 26 @ PIT 7, Final",,$10,2.9,0.00,324,2025-12-01 16:29:51,Week 13,Sunday
Reggie Gilliam,RB,"BUF 26 @ PIT 7, Final",,$10,0.1,0.00,325,2025-12-01 16:29:51,Week 13,Sunday
Elijah Moore,WR,"BUF 26 @ PIT 7, Final",,$10,2.7,0.00,326,2025-12-01 16:29:51,Week 13,Sunday
Joshua PalmerO,WR,"BUF 26 @ PIT 7, Final",,$12,4.5,0.00,327,2025-12-01 16:29:51,Week 13,Sunday
Dalton KincaidO,TE,"BUF 26 @ PIT 7, Final",,$17,10.4,0.00,328,2025-12-01 16:29:51,Week 13,Sunday
Tyrell Shavers,WR,"BUF 26 @ PIT 7, Final",,$10,3.6,0.00,329,2025-12-01 16:29:51,Week 13,Sunday
Scotty MillerO,WR,"BUF 26 @ PIT 7, Final",,$10,0.7,0.00,330,2025-12-01 16:29:51,Week 13,Sunday
Pat Freiermuth,TE,"BUF 26 @ PIT 7, Final",,$12,6.7,0.00,331,2025-12-01 16:29:51,Week 13,Sunday
Ben Skowronek,WR,"BUF 26 @ PIT 7, Final",TGT,$10,1.1,0.00,332,2025-12-01 16:29:51,Week 13,Sunday
Calvin Austin III,WR,"BUF 26 @ PIT 7, Final",2 TGT,$15,5.3,0.00,333,2025-12-01 16:29:51,Week 13,Sunday
Connor Heyward,TE,"BUF 26 @ PIT 7, Final",,$10,1.1,0.00,334,2025-12-01 16:29:51,Week 13,Sunday
Roman Wilson,WR,"BUF 26 @ PIT 7, Final",TGT,$10,3.6,0.00,335,2025-12-01 16:29:51,Week 13,Sunday
Ke'Shawn Williams,WR,"BUF 26 @ PIT 7, Final",,$10,—,0.00,336,2025-12-01 16:29:51,Week 13,Sunday
Will HowardO,QB,"BUF 26 @ PIT 7, Final",,$20,—,0.00,337,2025-12-01 16:29:51,Week 13,Sunday
Mecole Hardman Jr.IR,WR,"BUF 26 @ PIT 7, Final",,$10,-2.0,0.00,338,2025-12-01 16:29:51,Week 13,Sunday
Keleki Latu,TE,"BUF 26 @ PIT 7, Final",,$10,0.9,0.00,339,2025-12-01 16:29:51,Week 13,Sunday
Alex Bachman,WR,"LV 14 @ LAC 31, Final",,$10,0.2,0.00,340,2025-12-01 16:29:51,Week 13,Sunday
Kenny Pickett,QB,"LV 14 @ LAC 31, Final",,$20,-0.8,0.00,341,2025-12-01 16:29:51,Week 13,Sunday
Zamir WhiteO,RB,"LV 14 @ LAC 31, Final",,$10,2.0,0.00,342,2025-12-01 16:29:51,Week 13,Sunday
Michael MayerO,TE,"LV 14 @ LAC 31, Final",,$10,3.9,0.00,343,2025-12-01 16:29:51,Week 13,Sunday
Dylan Laube,RB,"LV 14 @ LAC 31, Final",,$10,0.3,0.00,344,2025-12-01 16:29:51,Week 13,Sunday
Carter Runyon,TE,"LV 14 @ LAC 31, Final",,$10,0.3,0.00,345,2025-12-01 16:29:51,Week 13,Sunday
Will DisslyO,TE,"LV 14 @ LAC 31, Final",,$10,1.6,0.00,346,2025-12-01 16:29:51,Week 13,Sunday
Tyler Conklin,TE,"LV 14 @ LAC 31, Final",,$10,2.5,0.00,347,2025-12-01 16:29:52,Week 13,Sunday
Tucker Fisk,TE,"LV 14 @ LAC 31, Final",,$10,0.7,0.00,348,2025-12-01 16:29:52,Week 13,Sunday
Derius Davis,WR,"LV 14 @ LAC 31, Final",,$10,-0.1,0.00,349,2025-12-01 16:29:52,Week 13,Sunday
Scott Matlock,RB,"LV 14 @ LAC 31, Final",,$10,3.7,0.00,350,2025-12-01 16:29:52,Week 13,Sunday
KeAndre Lambert-SmithO,WR,"LV 14 @ LAC 31, Final",,$10,0.1,0.00,351,2025-12-01 16:29:52,Week 13,Sunday
Aidan O'ConnellO,QB,"LV 14 @ LAC 31, Final",,$20,10.8,0.00,352,2025-12-01 16:29:52,Week 13,Sunday
Omarion HamptonIR,RB,"LV 14 @ LAC 31, Final",,$26,13.4,0.00,353,2025-12-01 16:29:52,Week 13,Sunday
Nick Mullens,QB,"JAC 25 @ TEN 3, Final","3 RUSH ATT,-3 RUSH YD",$20,-0.3,-0.30,354,2025-12-01 16:29:52,Week 13,Sunday
Chimere Dike,WR,"JAC 25 @ TEN 3, Final","RUSH ATT,RUSH YD,4 TGT,REC,8 REC YD,FUM LOST",$16,5.4,-0.60,355,2025-12-01 16:29:52,Week 13,Sunday
Mason Rudolph,QB,"BUF 26 @ PIT 7, Final",INT,$20,3.4,-1.00,356,2025-12-01 16:29:52,Week 13,Sunday
Bijan Robinson,RB,"ATL 24 @ NYJ 27, Final","23 RUSH ATT,142 RUSH YD,RUSH TD,7 TGT,5 REC,51 REC YD",$38,19.0,27.80,1,2025-12-01 16:30:08,Week 13,Sunday
Bryce Young,QB,"LA 28 @ CAR 31, Final","206 PASS YD,3 PASS TD,5 RUSH ATT,23 RUSH YD",$27,14.0,22.54,2,2025-12-01 16:30:08,Week 13,Sunday
Trevor Lawrence,QB,"JAC 25 @ TEN 3, Final","229 PASS YD,2 PASS TD,3 RUSH ATT,25 RUSH YD,2PT",$35,17.3,21.66,3,2025-12-01 16:30:08,Week 13,Sunday
Tyrod Taylor,QB,"ATL 24 @ NYJ 27, Final","172 PASS YD,PASS TD,8 RUSH ATT,44 RUSH YD,RUSH TD",$23,13.0,21.28,4,2025-12-01 16:30:08,Week 13,Sunday
Jacoby Brissett,QB,"ARI 17 @ TB 20, Final","301 PASS YD,2 PASS TD,INT,3 RUSH ATT,16 RUSH YD",$34,16.6,20.64,5,2025-12-01 16:30:08,Week 13,Sunday
Adonai Mitchell,WR,"ATL 24 @ NYJ 27, Final","12 TGT,8 REC,102 REC YD,REC TD",$10,4.1,20.20,6,2025-12-01 16:30:08,Week 13,Sunday
Davante Adams,WR,"LA 28 @ CAR 31, Final","5 TGT,4 REC,58 REC YD,2 REC TD",$35,14.9,19.80,7,2025-12-01 16:30:08,Week 13,Sunday
Chuba Hubbard,RB,"LA 28 @ CAR 31, Final","17 RUSH ATT,83 RUSH YD,2 TGT,2 REC,41 REC YD,REC TD",$14,8.9,19.40,8,2025-12-01 16:30:09,Week 13,Sunday
De'Von Achane,RB,"NO 17 @ MIA 21, Final","22 RUSH ATT,134 RUSH YD,RUSH TD,TGT",$44,18.9,19.40,9,2025-12-01 16:30:09,Week 13,Sunday
Devaughn Vele,WR,"NO 17 @ MIA 21, Final","8 TGT,8 REC,93 REC YD,REC TD",$10,4.3,19.30,10,2025-12-01 16:30:09,Week 13,Sunday
Nico Collins,WR,"HOU 20 @ IND 16, Final","RUSH ATT,7 RUSH YD,RUSH TD,10 TGT,5 REC,98 REC YD",$32,12.7,19.00,11,2025-12-01 16:30:09,Week 13,Sunday
Tyler Shough,QB,"NO 17 @ MIA 21, Final","239 PASS YD,2 PASS TD,INT,6 RUSH ATT,18 RUSH YD,FUM LOST,2PT",$24,10.3,18.36,12,2025-12-01 16:30:09,Week 13,Sunday
Jakobi Meyers,WR,"JAC 25 @ TEN 3, Final","RUSH ATT,3 RUSH YD,6 TGT,6 REC,90 REC YD,REC TD",$17,8.9,18.30,13,2025-12-01 16:30:09,Week 13,Sunday
Trey McBride,TE,"ARI 17 @ TB 20, Final","9 TGT,8 REC,82 REC YD,REC TD",$28,15.0,18.20,14,2025-12-01 16:30:09,Week 13,Sunday
Brock Purdy,QB,"SF 26 @ CLE 8, Final","168 PASS YD,PASS TD,2 RUSH ATT,4 RUSH YD,RUSH TD",$36,17.0,17.12,15,2025-12-01 16:30:09,Week 13,Sunday
Daniel Jones,QB,"HOU 20 @ IND 16, Final","201 PASS YD,2 PASS TD,RUSH ATT,RUSH YD",$36,19.4,16.14,16,2025-12-01 16:30:09,Week 13,Sunday
Alec Pierce,WR,"HOU 20 @ IND 16, Final","5 TGT,4 REC,78 REC YD,REC TD",$21,9.7,15.80,17,2025-12-01 16:30:09,Week 13,Sunday
Jalen Coker,WR,"LA 28 @ CAR 31, Final","6 TGT,4 REC,74 REC YD,REC TD",$13,5.6,15.40,18,2025-12-01 16:30:09,Week 13,Sunday
Christian McCaffrey,RB,"SF 26 @ CLE 8, Final","20 RUSH ATT,53 RUSH YD,RUSH TD,4 TGT,4 REC,21 REC YD",$45,22.0,15.40,19,2025-12-01 16:30:09,Week 13,Sunday
Bam Knight,RB,"ARI 17 @ TB 20, Final","11 RUSH ATT,62 RUSH YD,3 TGT,3 REC,36 REC YD,REC TD,FUM LOST",$16,7.7,15.30,20,2025-12-01 16:30:09,Week 13,Sunday
Bucky Irving,RB,"ARI 17 @ TB 20, Final","17 RUSH ATT,61 RUSH YD,RUSH TD,2 TGT,2 REC,20 REC YD",$29,15.5,15.10,21,2025-12-01 16:30:09,Week 13,Sunday
Breece Hall,RB,"ATL 24 @ NYJ 27, Final","19 RUSH ATT,68 RUSH YD,RUSH TD,2 TGT,2 REC,8 REC YD",$30,12.8,14.60,22,2025-12-01 16:30:09,Week 13,Sunday
Baker Mayfield,QB,"ARI 17 @ TB 20, Final","194 PASS YD,PASS TD,6 RUSH ATT,27 RUSH YD",$32,16.9,14.46,23,2025-12-01 16:30:09,Week 13,Sunday
Quinshon Judkins,RB,"SF 26 @ CLE 8, Final","23 RUSH ATT,91 RUSH YD,3 TGT,3 REC,18 REC YD,2PT",$28,12.5,14.40,24,2025-12-01 16:30:09,Week 13,Sunday
Blake Corum,RB,"LA 28 @ CAR 31, Final","7 RUSH ATT,81 RUSH YD,RUSH TD",$11,4.8,14.10,25,2025-12-01 16:30:09,Week 13,Sunday
Jacksonville Jaguars,DEF,"JAC 25 @ TEN 3, Final","3 PTS ALLOWED,3 SACK,2 FUM REC",$16,8.2,14.00,26,2025-12-01 16:30:09,Week 13,Sunday
Matthew Stafford,QB,"LA 28 @ CAR 31, Final","243 PASS YD,2 PASS TD,2 INT,RUSH ATT,-1 RUSH YD,FUM LOST",$40,20.0,13.62,27,2025-12-01 16:30:09,Week 13,Sunday
Jonathan Taylor,RB,"HOU 20 @ IND 16, Final","21 RUSH ATT,85 RUSH YD,5 TGT,3 REC,36 REC YD",$43,23.3,13.60,28,2025-12-01 16:30:09,Week 13,Sunday
Kirk Cousins,QB,"ATL 24 @ NYJ 27, Final","234 PASS YD,PASS TD",$22,7.8,13.36,29,2025-12-01 16:30:09,Week 13,Sunday
Kyren Williams,RB,"LA 28 @ CAR 31, Final","13 RUSH ATT,72 RUSH YD,RUSH TD,TGT",$35,14.4,13.20,30,2025-12-01 16:30:09,Week 13,Sunday
Carolina Panthers,DEF,"LA 28 @ CAR 31, Final","28 PTS ALLOWED,2 SACK,2 INT,FUM REC,TD",$11,6.0,13.00,31,2025-12-01 16:30:10,Week 13,Sunday
Chris Olave,WR,"NO 17 @ MIA 21, Final","7 TGT,4 REC,47 REC YD,REC TD",$30,11.9,12.70,32,2025-12-01 16:30:10,Week 13,Sunday
Tyler Allgeier,RB,"ATL 24 @ NYJ 27, Final","8 RUSH ATT,20 RUSH YD,RUSH TD,2 TGT,2 REC,35 REC YD",$17,7.8,12.50,33,2025-12-01 16:30:10,Week 13,Sunday
Brenton Strange,TE,"JAC 25 @ TEN 3, Final","4 TGT,3 REC,45 REC YD,REC TD",$15,7.7,12.00,34,2025-12-01 16:30:10,Week 13,Sunday
Jauan Jennings,WR,"SF 26 @ CLE 8, Final","6 TGT,4 REC,39 REC YD,REC TD",$23,8.8,11.90,35,2025-12-01 16:30:10,Week 13,Sunday
Kyle Pitts Sr.,TE,"ATL 24 @ NYJ 27, Final","8 TGT,7 REC,82 REC YD",$13,7.3,11.70,36,2025-12-01 16:30:10,Week 13,Sunday
Miami Dolphins,DEF,"NO 17 @ MIA 21, Final","17 PTS ALLOWED,4 SACK,INT,FUM REC,2PT",$13,5.8,11.00,37,2025-12-01 16:30:10,Week 13,Sunday
San Francisco 49ers,DEF,"SF 26 @ CLE 8, Final","8 PTS ALLOWED,3 SACK,2 FUM REC",$10,4.7,11.00,38,2025-12-01 16:30:10,Week 13,Sunday
Tetairoa McMillan,WR,"LA 28 @ CAR 31, Final","2 TGT,REC,43 REC YD,REC TD",$32,11.3,10.80,39,2025-12-01 16:30:10,Week 13,Sunday
Shedeur Sanders,QB,"SF 26 @ CLE 8, Final","149 PASS YD,PASS TD,RUSH ATT,6 RUSH YD",$21,8.1,10.56,40,2025-12-01 16:30:10,Week 13,Sunday
Puka Nacua,WR,"LA 28 @ CAR 31, Final","9 TGT,6 REC,72 REC YD",$38,16.4,10.20,41,2025-12-01 16:30:10,Week 13,Sunday
C.J. Stroud,QB,"HOU 20 @ IND 16, Final","276 PASS YD,INT,RUSH ATT",$32,15.1,10.04,42,2025-12-01 16:30:10,Week 13,Sunday
Marvin Harrison Jr.Q,WR,"ARI 17 @ TB 20, Final","7 TGT,6 REC,69 REC YD",$26,10.5,9.90,43,2025-12-01 16:30:10,Week 13,Sunday
Harold Fannin Jr.,TE,"SF 26 @ CLE 8, Final","RUSH ATT,5 TGT,3 REC,43 REC YD,REC TD,FUM LOST",$14,7.8,9.80,44,2025-12-01 16:30:10,Week 13,Sunday
Xavier Smith,WR,"LA 28 @ CAR 31, Final","3 TGT,3 REC,82 REC YD",$10,2.0,9.70,45,2025-12-01 16:30:10,Week 13,Sunday
Tyler Warren,TE,"HOU 20 @ IND 16, Final","RUSH ATT,4 TGT,3 REC,22 REC YD,REC TD",$19,10.7,9.70,46,2025-12-01 16:30:10,Week 13,Sunday
Nick Chubb,RB,"HOU 20 @ IND 16, Final","9 RUSH ATT,34 RUSH YD,RUSH TD",$13,6.4,9.40,47,2025-12-01 16:30:10,Week 13,Sunday
Chris Godwin Jr.,WR,"ARI 17 @ TB 20, Final","5 TGT,3 REC,78 REC YD",$21,4.9,9.30,48,2025-12-01 16:30:10,Week 13,Sunday
Dalton Schultz,TE,"HOU 20 @ IND 16, Final","8 TGT,7 REC,55 REC YD",$15,7.6,9.00,49,2025-12-01 16:30:10,Week 13,Sunday
Jayden Higgins,WR,"HOU 20 @ IND 16, Final","5 TGT,5 REC,65 REC YD",$17,6.3,9.00,50,2025-12-01 16:30:10,Week 13,Sunday
Rico Dowdle,RB,"LA 28 @ CAR 31, Final","18 RUSH ATT,58 RUSH YD,2 TGT,2 REC,21 REC YD",$31,13.0,8.90,51,2025-12-01 16:30:10,Week 13,Sunday
Michael Carter,RB,"ARI 17 @ TB 20, Final","5 RUSH ATT,17 RUSH YD,6 TGT,5 REC,47 REC YD",$10,6.2,8.90,52,2025-12-01 16:30:10,Week 13,Sunday
George Kittle,TE,"SF 26 @ CLE 8, Final","5 TGT,4 REC,67 REC YD",$24,11.0,8.70,53,2025-12-01 16:30:10,Week 13,Sunday
David Sills V,WR,"ATL 24 @ NYJ 27, Final","4 TGT,2 REC,15 REC YD,REC TD",$10,3.2,8.50,54,2025-12-01 16:30:11,Week 13,Sunday
Bhayshul Tuten,RB,"JAC 25 @ TEN 3, Final","8 RUSH ATT,17 RUSH YD,RUSH TD,TGT,REC,2 REC YD",$15,5.7,8.40,55,2025-12-01 16:30:11,Week 13,Sunday
Devin Neal,RB,"NO 17 @ MIA 21, Final","14 RUSH ATT,47 RUSH YD,3 TGT,3 REC,22 REC YD",$13,3.8,8.40,56,2025-12-01 16:30:11,Week 13,Sunday
Woody Marks,RB,"HOU 20 @ IND 16, Final","19 RUSH ATT,64 RUSH YD,TGT,REC,3 REC YD",$19,8.4,7.20,57,2025-12-01 16:30:11,Week 13,Sunday
New Orleans Saints,DEF,"NO 17 @ MIA 21, Final","19 PTS ALLOWED,4 SACK,INT",$13,6.2,7.00,58,2025-12-01 16:30:11,Week 13,Sunday
Tampa Bay Buccaneers,DEF,"ARI 17 @ TB 20, Final","17 PTS ALLOWED,2 SACK,INT,FUM REC",$14,6.6,7.00,59,2025-12-01 16:30:11,Week 13,Sunday
Juwan Johnson,TE,"NO 17 @ MIA 21, Final","9 TGT,5 REC,39 REC YD",$18,8.4,6.40,60,2025-12-01 16:30:11,Week 13,Sunday
Cam Ward,QB,"JAC 25 @ TEN 3, Final","141 PASS YD,RUSH ATT,7 RUSH YD",$24,10.2,6.34,61,2025-12-01 16:30:11,Week 13,Sunday
Emeka Egbuka,WR,"ARI 17 @ TB 20, Final","8 TGT,4 REC,42 REC YD",$27,12.0,6.20,62,2025-12-01 16:30:11,Week 13,Sunday
Darren Waller,TE,"NO 17 @ MIA 21, Final","3 TGT,2 REC,47 REC YD",$17,11.6,5.70,63,2025-12-01 16:30:11,Week 13,Sunday
Tua Tagovailoa,QB,"NO 17 @ MIA 21, Final","157 PASS YD,INT,4 RUSH ATT,4 RUSH YD",$30,12.4,5.68,64,2025-12-01 16:30:11,Week 13,Sunday
Jaylen Waddle,WR,"NO 17 @ MIA 21, Final","6 TGT,3 REC,40 REC YD",$31,11.0,5.50,65,2025-12-01 16:30:11,Week 13,Sunday
Tyjae Spears,RB,"JAC 25 @ TEN 3, Final","2 RUSH ATT,-1 RUSH YD,6 TGT,6 REC,25 REC YD",$15,6.6,5.40,66,2025-12-01 16:30:11,Week 13,Sunday
Josh Downs,WR,"HOU 20 @ IND 16, Final","6 TGT,2 REC,44 REC YD",$18,6.6,5.40,67,2025-12-01 16:30:11,Week 13,Sunday
Gunnar Helm,TE,"JAC 25 @ TEN 3, Final","7 TGT,6 REC,23 REC YD",$10,4.4,5.30,68,2025-12-01 16:30:11,Week 13,Sunday
Michael Wilson,WR,"ARI 17 @ TB 20, Final","7 TGT,3 REC,36 REC YD",$22,7.3,5.10,69,2025-12-01 16:30:11,Week 13,Sunday
Malik Washington,WR,"NO 17 @ MIA 21, Final","5 TGT,4 REC,30 REC YD",$15,5.7,5.00,70,2025-12-01 16:30:11,Week 13,Sunday
Indianapolis Colts,DEF,"HOU 20 @ IND 16, Final","20 PTS ALLOWED,2 SACK,INT",$15,7.7,5.00,71,2025-12-01 16:30:11,Week 13,Sunday
Chig Okonkwo,TE,"JAC 25 @ TEN 3, Final","5 TGT,4 REC,29 REC YD",$12,5.0,4.90,72,2025-12-01 16:30:11,Week 13,Sunday
Xavier Hutchinson,WR,"HOU 20 @ IND 16, Final","5 TGT,2 REC,39 REC YD",$10,5.7,4.90,73,2025-12-01 16:30:11,Week 13,Sunday
Tony Pollard,RB,"JAC 25 @ TEN 3, Final","10 RUSH ATT,60 RUSH YD,2 TGT,REC,3 REC YD,FUM LOST",$17,7.9,4.80,74,2025-12-01 16:30:11,Week 13,Sunday
Colby Parkinson,TE,"LA 28 @ CAR 31, Final","5 TGT,4 REC,27 REC YD",$10,5.2,4.70,75,2025-12-01 16:30:11,Week 13,Sunday
Travis Etienne Jr.,RB,"JAC 25 @ TEN 3, Final","12 RUSH ATT,28 RUSH YD,TGT,REC,13 REC YD",$31,13.0,4.60,76,2025-12-01 16:30:12,Week 13,Sunday
Rachaad White,RB,"ARI 17 @ TB 20, Final","2 RUSH ATT,7 RUSH YD,3 TGT,3 REC,22 REC YD",$16,8.3,4.40,77,2025-12-01 16:30:12,Week 13,Sunday
Jerry Jeudy,WR,"SF 26 @ CLE 8, Final","4 TGT,3 REC,26 REC YD",$15,5.3,4.10,78,2025-12-01 16:30:12,Week 13,Sunday
New York Jets,DEF,"ATL 24 @ NYJ 27, Final","24 PTS ALLOWED,2 SACK,FUM REC",$10,3.8,4.00,79,2025-12-01 16:30:12,Week 13,Sunday
Brian Thomas Jr.,WR,"JAC 25 @ TEN 3, Final","3 TGT,2 REC,28 REC YD",$24,8.3,3.80,80,2025-12-01 16:30:12,Week 13,Sunday
John Metchie III,WR,"ATL 24 @ NYJ 27, Final","RUSH ATT,-2 RUSH YD,8 TGT,4 REC,19 REC YD",$13,4.4,3.70,81,2025-12-01 16:30:12,Week 13,Sunday
Kyle JuszczykQ,RB,"SF 26 @ CLE 8, Final","2 TGT,2 REC,27 REC YD",$10,2.6,3.70,82,2025-12-01 16:30:12,Week 13,Sunday
Van Jefferson,WR,"JAC 25 @ TEN 3, Final","4 TGT,3 REC,20 REC YD",$12,3.9,3.50,83,2025-12-01 16:30:12,Week 13,Sunday
Darnell Mooney,WR,"ATL 24 @ NYJ 27, Final","5 TGT,2 REC,25 REC YD",$19,4.9,3.50,84,2025-12-01 16:30:12,Week 13,Sunday
Mitchell Evans,TE,"LA 28 @ CAR 31, Final","3 TGT,3 REC,20 REC YD",$10,3.3,3.50,85,2025-12-01 16:30:12,Week 13,Sunday
Mason Tipton,WR,"NO 17 @ MIA 21, Final","RUSH ATT,-1 RUSH YD,4 TGT,3 REC,20 REC YD",$10,1.6,3.40,86,2025-12-01 16:30:12,Week 13,Sunday
Greg Dulcich,TE,"NO 17 @ MIA 21, Final","2 TGT,2 REC,24 REC YD",$10,4.1,3.40,87,2025-12-01 16:30:12,Week 13,Sunday
Jerome Ford,RB,"SF 26 @ CLE 8, Final","3 TGT,3 REC,17 REC YD",$10,2.4,3.20,88,2025-12-01 16:30:12,Week 13,Sunday
Isaiah Bond,WR,"SF 26 @ CLE 8, Final","RUSH ATT,9 RUSH YD,2 TGT,REC,18 REC YD",$10,3.0,3.20,89,2025-12-01 16:30:12,Week 13,Sunday
Parker WashingtonQ,WR,"JAC 25 @ TEN 3, Final","3 TGT,REC,26 REC YD",$20,7.8,3.10,90,2025-12-01 16:30:12,Week 13,Sunday
Mason Taylor,TE,"ATL 24 @ NYJ 27, Final","4 TGT,2 REC,21 REC YD",$13,4.9,3.10,91,2025-12-01 16:30:12,Week 13,Sunday
Tennessee Titans,DEF,"JAC 25 @ TEN 3, Final","25 PTS ALLOWED,3 SACK",$13,5.8,3.00,92,2025-12-01 16:30:12,Week 13,Sunday
Arizona Cardinals,DEF,"ARI 17 @ TB 20, Final","20 PTS ALLOWED,2 SACK",$13,6.3,3.00,93,2025-12-01 16:30:12,Week 13,Sunday
Cade Stover,TE,"HOU 20 @ IND 16, Final","4 RUSH ATT,3 RUSH YD,2 TGT,2 REC,16 REC YD",$10,2.4,2.90,94,2025-12-01 16:30:12,Week 13,Sunday
Elijah Higgins,TE,"ARI 17 @ TB 20, Final","2 TGT,2 REC,17 REC YD",$10,2.3,2.70,95,2025-12-01 16:30:12,Week 13,Sunday
Brian Robinson Jr.,RB,"SF 26 @ CLE 8, Final","8 RUSH ATT,26 RUSH YD",$10,3.9,2.60,96,2025-12-01 16:30:12,Week 13,Sunday
Greg Dortch,WR,"ARI 17 @ TB 20, Final","2 TGT,2 REC,14 REC YD",$14,5.1,2.40,97,2025-12-01 16:30:12,Week 13,Sunday
Ricky Pearsall,WR,"SF 26 @ CLE 8, Final","3 TGT,2 REC,14 REC YD",$20,5.9,2.40,98,2025-12-01 16:30:12,Week 13,Sunday
Foster Moreau,TE,"NO 17 @ MIA 21, Final","2 TGT,2 REC,13 REC YD",$10,1.3,2.30,99,2025-12-01 16:30:12,Week 13,Sunday
Dylan SampsonQ,RB,"SF 26 @ CLE 8, Final","4 RUSH ATT,23 RUSH YD",$10,4.5,2.30,100,2025-12-01 16:30:13,Week 13,Sunday
Jeremy Ruckert,TE,"ATL 24 @ NYJ 27, Final","2 TGT,2 REC,12 REC YD",$10,2.7,2.20,101,2025-12-01 16:30:13,Week 13,Sunday
Cedrick Wilson Jr.,WR,"NO 17 @ MIA 21, Final","2 TGT,REC,16 REC YD",$10,1.3,2.10,102,2025-12-01 16:30:13,Week 13,Sunday
Xavier RestrepoQ,WR,"JAC 25 @ TEN 3, Final","TGT,REC,15 REC YD",$10,2.8,2.00,103,2025-12-01 16:30:13,Week 13,Sunday
Atlanta Falcons,DEF,"ATL 24 @ NYJ 27, Final","27 PTS ALLOWED,2 SACK",$17,7.0,2.00,104,2025-12-01 16:30:13,Week 13,Sunday
Los Angeles Rams,DEF,"LA 28 @ CAR 31, Final","25 PTS ALLOWED,2 SACK",$18,8.8,2.00,105,2025-12-01 16:30:13,Week 13,Sunday
Houston Texans,DEF,"HOU 20 @ IND 16, Final","16 PTS ALLOWED,SACK",$19,9.5,2.00,106,2025-12-01 16:30:13,Week 13,Sunday
Quintin Morris,TE,"JAC 25 @ TEN 3, Final","2 TGT,REC,14 REC YD",$10,0.6,1.90,107,2025-12-01 16:30:13,Week 13,Sunday
Cade Otton,TE,"ARI 17 @ TB 20, Final","2 TGT,2 REC,9 REC YD",$14,5.7,1.90,108,2025-12-01 16:30:13,Week 13,Sunday
James Proche II,WR,"JAC 25 @ TEN 3, Final","TGT,REC,13 REC YD",$10,3.8,1.80,109,2025-12-01 16:30:13,Week 13,Sunday
Michael Pittman Jr.,WR,"HOU 20 @ IND 16, Final","4 TGT,REC,13 REC YD",$26,11.3,1.80,110,2025-12-01 16:30:13,Week 13,Sunday
Tim Patrick,WR,"JAC 25 @ TEN 3, Final","TGT,REC,11 REC YD",$10,2.8,1.60,111,2025-12-01 16:30:13,Week 13,Sunday
Jaylen Wright,RB,"NO 17 @ MIA 21, Final","3 RUSH ATT,16 RUSH YD",$10,1.4,1.60,112,2025-12-01 16:30:13,Week 13,Sunday
Payne Durham,TE,"ARI 17 @ TB 20, Final","TGT,REC,11 REC YD",$10,0.3,1.60,113,2025-12-01 16:30:13,Week 13,Sunday
Allen Lazard,WR,"ATL 24 @ NYJ 27, Final","TGT,REC,10 REC YD",$12,2.4,1.50,114,2025-12-01 16:30:13,Week 13,Sunday
David Njoku,TE,"SF 26 @ CLE 8, Final","2 TGT,2 REC,4 REC YD",$14,6.3,1.40,115,2025-12-01 16:30:13,Week 13,Sunday
Gage Larvadain,WR,"SF 26 @ CLE 8, Final","3 TGT,2 REC,23 REC YD,FUM LOST",$10,0.6,1.30,116,2025-12-01 16:30:13,Week 13,Sunday
Drew Ogletree,TE,"HOU 20 @ IND 16, Final","TGT,REC,8 REC YD",$10,1.1,1.30,117,2025-12-01 16:30:13,Week 13,Sunday
Taysom Hill,TE,"NO 17 @ MIA 21, Final","RUSH ATT,2 RUSH YD,TGT,REC,5 REC YD",$10,2.3,1.20,118,2025-12-01 16:30:13,Week 13,Sunday
Elic Ayomanor,WR,"JAC 25 @ TEN 3, Final","5 TGT,REC,5 REC YD",$16,5.5,1.00,119,2025-12-01 16:30:13,Week 13,Sunday
Ollie Gordon II,RB,"NO 17 @ MIA 21, Final","3 RUSH ATT,10 RUSH YD",$11,3.4,1.00,120,2025-12-01 16:30:13,Week 13,Sunday
Sterling Shepard,WR,"ARI 17 @ TB 20, Final","2 TGT,REC,5 REC YD",$10,5.1,1.00,121,2025-12-01 16:30:13,Week 13,Sunday
Tez Johnson,WR,"ARI 17 @ TB 20, Final","2 TGT,REC,5 REC YD",$14,6.6,1.00,122,2025-12-01 16:30:13,Week 13,Sunday
Cleveland Browns,DEF,"SF 26 @ CLE 8, Final","26 PTS ALLOWED,SACK",$16,8.1,1.00,123,2025-12-01 16:30:14,Week 13,Sunday
Davis Allen,TE,"LA 28 @ CAR 31, Final","TGT,REC,4 REC YD",$10,3.7,0.90,124,2025-12-01 16:30:14,Week 13,Sunday
Trevor Etienne,RB,"LA 28 @ CAR 31, Final","TGT,REC,4 REC YD",$10,0.9,0.90,125,2025-12-01 16:30:14,Week 13,Sunday
Malachi Corley,WR,"SF 26 @ CLE 8, Final","RUSH ATT,9 RUSH YD",$10,1.9,0.90,126,2025-12-01 16:30:14,Week 13,Sunday
Dylan Drummond,WR,"ATL 24 @ NYJ 27, Final","3 TGT,REC,3 REC YD",$10,2.1,0.80,127,2025-12-01 16:30:14,Week 13,Sunday
Tommy Tremble,TE,"LA 28 @ CAR 31, Final","2 TGT,REC,2 REC YD",$10,2.9,0.70,128,2025-12-01 16:30:14,Week 13,Sunday
Xavier Legette,WR,"LA 28 @ CAR 31, Final","2 TGT,REC,REC YD",$15,5.5,0.60,129,2025-12-01 16:30:14,Week 13,Sunday
Demarcus Robinson,WR,"SF 26 @ CLE 8, Final","RUSH ATT,6 RUSH YD,TGT",$10,2.5,0.60,130,2025-12-01 16:30:14,Week 13,Sunday
Mac Jones,QB,"SF 26 @ CLE 8, Final","2 RUSH ATT,2 RUSH YD",$20,13.6,0.20,131,2025-12-01 16:30:14,Week 13,Sunday
Johnny Mundt,TE,"JAC 25 @ TEN 3, Final",,$10,1.5,0.00,132,2025-12-01 16:30:14,Week 13,Sunday
Hunter LongO,TE,"JAC 25 @ TEN 3, Final",,$10,3.8,0.00,133,2025-12-01 16:30:14,Week 13,Sunday
Dyami BrownO,WR,"JAC 25 @ TEN 3, Final",,$11,4.4,0.00,134,2025-12-01 16:30:14,Week 13,Sunday
Austin Trammell,WR,"JAC 25 @ TEN 3, Final",4 TGT,$10,1.2,0.00,135,2025-12-01 16:30:14,Week 13,Sunday
Cody SchraderO,RB,"JAC 25 @ TEN 3, Final",,$10,0.7,0.00,136,2025-12-01 16:30:14,Week 13,Sunday
LeQuint Allen Jr.,RB,"JAC 25 @ TEN 3, Final",,$10,1.2,0.00,137,2025-12-01 16:30:14,Week 13,Sunday
Brandon Allen,QB,"JAC 25 @ TEN 3, Final",,$20,2.8,0.00,138,2025-12-01 16:30:14,Week 13,Sunday
Mason KinseyO,WR,"JAC 25 @ TEN 3, Final",,$10,0.5,0.00,139,2025-12-01 16:30:14,Week 13,Sunday
Julius Chestnut,RB,"JAC 25 @ TEN 3, Final",,$10,0.4,0.00,140,2025-12-01 16:30:14,Week 13,Sunday
David Martin-Robinson,TE,"JAC 25 @ TEN 3, Final",,$10,1.1,0.00,141,2025-12-01 16:30:14,Week 13,Sunday
Kalel Mullings,RB,"JAC 25 @ TEN 3, Final",,$10,—,0.00,142,2025-12-01 16:30:14,Week 13,Sunday
Jamal Agnew,WR,"ATL 24 @ NYJ 27, Final",,$10,—,0.00,143,2025-12-01 16:30:14,Week 13,Sunday
KhaDarel Hodge,WR,"ATL 24 @ NYJ 27, Final",,$10,0.7,0.00,144,2025-12-01 16:30:14,Week 13,Sunday
Charlie Woerner,TE,"ATL 24 @ NYJ 27, Final",,$10,1.5,0.00,145,2025-12-01 16:30:14,Week 13,Sunday
Feleipe FranksQ,TE,"ATL 24 @ NYJ 27, Final",,$10,0.1,0.00,146,2025-12-01 16:30:14,Week 13,Sunday
Drake LondonO,WR,"ATL 24 @ NYJ 27, Final",,$40,16.3,0.00,147,2025-12-01 16:30:14,Week 13,Sunday
Teagan Quitoriano,TE,"ATL 24 @ NYJ 27, Final",,$10,—,0.00,148,2025-12-01 16:30:15,Week 13,Sunday
Casey Washington,WR,"ATL 24 @ NYJ 27, Final",,$10,2.5,0.00,149,2025-12-01 16:30:15,Week 13,Sunday
Nathan Carter,RB,"ATL 24 @ NYJ 27, Final",,$10,2.0,0.00,150,2025-12-01 16:30:15,Week 13,Sunday
Andrew Beck,RB,"ATL 24 @ NYJ 27, Final",,$10,1.3,0.00,151,2025-12-01 16:30:15,Week 13,Sunday
Tyler Johnson,WR,"ATL 24 @ NYJ 27, Final",,$10,4.2,0.00,152,2025-12-01 16:30:15,Week 13,Sunday
Justin Fields,QB,"ATL 24 @ NYJ 27, Final",,$24,16.0,0.00,153,2025-12-01 16:30:15,Week 13,Sunday
Kene Nwangwu,RB,"ATL 24 @ NYJ 27, Final",,$10,1.0,0.00,154,2025-12-01 16:30:15,Week 13,Sunday
Khalil HerbertO,RB,"ATL 24 @ NYJ 27, Final",,$10,—,0.00,155,2025-12-01 16:30:15,Week 13,Sunday
Jelani WoodsO,TE,"ATL 24 @ NYJ 27, Final",,$10,—,0.00,156,2025-12-01 16:30:15,Week 13,Sunday
Irvin CharlesPUP,WR,"ATL 24 @ NYJ 27, Final",,$10,—,0.00,157,2025-12-01 16:30:15,Week 13,Sunday
Stone Smartt,TE,"ATL 24 @ NYJ 27, Final",,$10,—,0.00,158,2025-12-01 16:30:15,Week 13,Sunday
Isaiah Davis,RB,"ATL 24 @ NYJ 27, Final",TGT,$12,2.9,0.00,159,2025-12-01 16:30:15,Week 13,Sunday
Isaiah Williams,WR,"ATL 24 @ NYJ 27, Final",TGT,$10,1.7,0.00,160,2025-12-01 16:30:15,Week 13,Sunday
Arian SmithO,WR,"ATL 24 @ NYJ 27, Final",,$10,1.0,0.00,161,2025-12-01 16:30:15,Week 13,Sunday
Easton Stick,QB,"ATL 24 @ NYJ 27, Final",,$20,—,0.00,162,2025-12-01 16:30:15,Week 13,Sunday
Josh ReynoldsIR,WR,"ATL 24 @ NYJ 27, Final",,$10,3.5,0.00,163,2025-12-01 16:30:15,Week 13,Sunday
Braelon AllenIR,RB,"ATL 24 @ NYJ 27, Final",,$10,—,0.00,164,2025-12-01 16:30:15,Week 13,Sunday
Jimmy Garoppolo,QB,"LA 28 @ CAR 31, Final",,$20,-0.1,0.00,165,2025-12-01 16:30:15,Week 13,Sunday
Ronnie Rivers,RB,"LA 28 @ CAR 31, Final",,$10,—,0.00,166,2025-12-01 16:30:15,Week 13,Sunday
Stetson Bennett IVO,QB,"LA 28 @ CAR 31, Final",,$20,—,0.00,167,2025-12-01 16:30:15,Week 13,Sunday
Jordan Whittington,WR,"LA 28 @ CAR 31, Final",TGT,$10,2.4,0.00,168,2025-12-01 16:30:15,Week 13,Sunday
Terrance Ferguson,TE,"LA 28 @ CAR 31, Final",2 TGT,$10,2.8,0.00,169,2025-12-01 16:30:15,Week 13,Sunday
Jarquez HunterO,RB,"LA 28 @ CAR 31, Final",,$10,—,0.00,170,2025-12-01 16:30:15,Week 13,Sunday
Konata Mumpfield,WR,"LA 28 @ CAR 31, Final",,$10,1.7,0.00,171,2025-12-01 16:30:16,Week 13,Sunday
Andy Dalton,QB,"LA 28 @ CAR 31, Final",,$20,2.6,0.00,172,2025-12-01 16:30:16,Week 13,Sunday
Hunter Renfrow,WR,"LA 28 @ CAR 31, Final",,$10,4.7,0.00,173,2025-12-01 16:30:16,Week 13,Sunday
James Mitchell,TE,"LA 28 @ CAR 31, Final",,$10,2.2,0.00,174,2025-12-01 16:30:16,Week 13,Sunday
Brycen Tremayne,WR,"LA 28 @ CAR 31, Final",,$10,1.8,0.00,175,2025-12-01 16:30:16,Week 13,Sunday
Jonathon BrooksPUP,RB,"LA 28 @ CAR 31, Final",,$10,2.0,0.00,176,2025-12-01 16:30:16,Week 13,Sunday
Ja'Tavion Sanders,TE,"LA 28 @ CAR 31, Final",,$10,3.3,0.00,177,2025-12-01 16:30:16,Week 13,Sunday
Jimmy Horn Jr.,WR,"LA 28 @ CAR 31, Final",,$10,2.6,0.00,178,2025-12-01 16:30:16,Week 13,Sunday
Brennan Presley,WR,"LA 28 @ CAR 31, Final",,$10,—,0.00,179,2025-12-01 16:30:16,Week 13,Sunday
Tutu AtwellIR,WR,"LA 28 @ CAR 31, Final",,$11,4.1,0.00,180,2025-12-01 16:30:16,Week 13,Sunday
Alvin KamaraO,RB,"NO 17 @ MIA 21, Final",,$21,7.7,0.00,181,2025-12-01 16:30:16,Week 13,Sunday
Jack Stoll,TE,"NO 17 @ MIA 21, Final",,$10,1.9,0.00,182,2025-12-01 16:30:16,Week 13,Sunday
Zaire Mitchell-PadenO,TE,"NO 17 @ MIA 21, Final",,$10,0.9,0.00,183,2025-12-01 16:30:16,Week 13,Sunday
Audric Estime,RB,"NO 17 @ MIA 21, Final",,$10,3.6,0.00,184,2025-12-01 16:30:16,Week 13,Sunday
Spencer Rattler,QB,"NO 17 @ MIA 21, Final",,$20,13.0,0.00,185,2025-12-01 16:30:16,Week 13,Sunday
Alec IngoldQ,RB,"NO 17 @ MIA 21, Final",,$10,1.2,0.00,186,2025-12-01 16:30:16,Week 13,Sunday
Nick Westbrook-Ikhine,WR,"NO 17 @ MIA 21, Final",,$10,1.4,0.00,187,2025-12-01 16:30:16,Week 13,Sunday
Zach Wilson,QB,"NO 17 @ MIA 21, Final",,$20,0.8,0.00,188,2025-12-01 16:30:16,Week 13,Sunday
Dee Eskridge,WR,"NO 17 @ MIA 21, Final",,$10,0.8,0.00,189,2025-12-01 16:30:16,Week 13,Sunday
Julian Hill,TE,"NO 17 @ MIA 21, Final",TGT,$10,1.8,0.00,190,2025-12-01 16:30:16,Week 13,Sunday
Tahj WashingtonO,WR,"NO 17 @ MIA 21, Final",,$10,-0.4,0.00,191,2025-12-01 16:30:16,Week 13,Sunday
Hayden Rucci,TE,"NO 17 @ MIA 21, Final",,$10,—,0.00,192,2025-12-01 16:30:16,Week 13,Sunday
Quinn EwersO,QB,"NO 17 @ MIA 21, Final",,$20,2.1,0.00,193,2025-12-01 16:30:16,Week 13,Sunday
Kevin Austin Jr.,WR,"NO 17 @ MIA 21, Final",,$10,—,0.00,194,2025-12-01 16:30:16,Week 13,Sunday
Dante Pettis,WR,"NO 17 @ MIA 21, Final",,$10,0.6,0.00,195,2025-12-01 16:30:16,Week 13,Sunday
Trey PalmerIR,WR,"NO 17 @ MIA 21, Final",,$10,1.9,0.00,196,2025-12-01 16:30:17,Week 13,Sunday
Josiah Deguara,TE,"ARI 17 @ TB 20, Final",,$10,0.6,0.00,197,2025-12-01 16:30:17,Week 13,Sunday
Emari DemercadoO,RB,"ARI 17 @ TB 20, Final",,$10,4.8,0.00,198,2025-12-01 16:30:17,Week 13,Sunday
Xavier Weaver,WR,"ARI 17 @ TB 20, Final",TGT,$10,0.8,0.00,199,2025-12-01 16:30:17,Week 13,Sunday
Kedon Slovis,QB,"ARI 17 @ TB 20, Final",,$20,-0.0,0.00,200,2025-12-01 16:30:17,Week 13,Sunday
Teddy Bridgewater,QB,"ARI 17 @ TB 20, Final",,$20,1.0,0.00,201,2025-12-01 16:30:17,Week 13,Sunday
Ryan Miller,WR,"ARI 17 @ TB 20, Final",,$10,1.3,0.00,202,2025-12-01 16:30:17,Week 13,Sunday
Sean Tucker,RB,"ARI 17 @ TB 20, Final",2 RUSH ATT,$17,5.4,0.00,203,2025-12-01 16:30:17,Week 13,Sunday
Devin Culp,TE,"ARI 17 @ TB 20, Final",,$10,—,0.00,204,2025-12-01 16:30:17,Week 13,Sunday
Kameron Johnson,WR,"ARI 17 @ TB 20, Final",,$10,1.3,0.00,205,2025-12-01 16:30:17,Week 13,Sunday
Josh WilliamsSUSP,RB,"ARI 17 @ TB 20, Final",,$10,0.6,0.00,206,2025-12-01 16:30:17,Week 13,Sunday
Andre BaccelliaQ,WR,"ARI 17 @ TB 20, Final",,$10,0.5,0.00,207,2025-12-01 16:30:17,Week 13,Sunday
Owen Wright,RB,"ARI 17 @ TB 20, Final",,$10,0.3,0.00,208,2025-12-01 16:30:17,Week 13,Sunday
Trey BensonIR,RB,"ARI 17 @ TB 20, Final",,$17,5.8,0.00,209,2025-12-01 16:30:17,Week 13,Sunday
Jermar Jefferson,RB,"ARI 17 @ TB 20, Final",,$10,1.8,0.00,210,2025-12-01 16:30:17,Week 13,Sunday
Pharaoh Brown,TE,"ARI 17 @ TB 20, Final",,$10,—,0.00,211,2025-12-01 16:30:17,Week 13,Sunday
Kendrick Bourne,WR,"SF 26 @ CLE 8, Final",TGT,$10,6.4,0.00,212,2025-12-01 16:30:17,Week 13,Sunday
Brandon AiyukPUP,WR,"SF 26 @ CLE 8, Final",,$10,7.1,0.00,213,2025-12-01 16:30:17,Week 13,Sunday
Luke Farrell,TE,"SF 26 @ CLE 8, Final",TGT,$10,2.0,0.00,214,2025-12-01 16:30:17,Week 13,Sunday
Skyy Moore,WR,"SF 26 @ CLE 8, Final",,$10,0.7,0.00,215,2025-12-01 16:30:17,Week 13,Sunday
Jake Tonges,TE,"SF 26 @ CLE 8, Final",,$10,7.5,0.00,216,2025-12-01 16:30:17,Week 13,Sunday
Isaac Guerendo,RB,"SF 26 @ CLE 8, Final",,$10,—,0.00,217,2025-12-01 16:30:17,Week 13,Sunday
Jordan WatkinsO,WR,"SF 26 @ CLE 8, Final",,$10,1.8,0.00,218,2025-12-01 16:30:17,Week 13,Sunday
Jordan JamesO,RB,"SF 26 @ CLE 8, Final",,$10,—,0.00,219,2025-12-01 16:30:17,Week 13,Sunday
Deshaun WatsonPUP,QB,"SF 26 @ CLE 8, Final",,$20,11.4,0.00,220,2025-12-01 16:30:17,Week 13,Sunday
Cedric Tillman,WR,"SF 26 @ CLE 8, Final",TGT,$13,4.7,0.00,221,2025-12-01 16:30:18,Week 13,Sunday
Blake Whiteheart,TE,"SF 26 @ CLE 8, Final",,$10,0.2,0.00,222,2025-12-01 16:30:18,Week 13,Sunday
Jamari ThrashO,WR,"SF 26 @ CLE 8, Final",,$10,2.0,0.00,223,2025-12-01 16:30:18,Week 13,Sunday
Brenden BatesO,TE,"SF 26 @ CLE 8, Final",,$10,3.3,0.00,224,2025-12-01 16:30:18,Week 13,Sunday
Dillon Gabriel,QB,"SF 26 @ CLE 8, Final",,$21,8.0,0.00,225,2025-12-01 16:30:18,Week 13,Sunday
Raheim Sanders,RB,"SF 26 @ CLE 8, Final",,$10,3.2,0.00,226,2025-12-01 16:30:18,Week 13,Sunday
Bailey Zappe,QB,"SF 26 @ CLE 8, Final",,$20,9.0,0.00,227,2025-12-01 16:30:18,Week 13,Sunday
DeAndre CarterIR,WR,"SF 26 @ CLE 8, Final",,$10,—,0.00,228,2025-12-01 16:30:18,Week 13,Sunday
Dare Ogunbowale,RB,"HOU 20 @ IND 16, Final",,$10,0.6,0.00,229,2025-12-01 16:30:18,Week 13,Sunday
Christian Kirk,WR,"HOU 20 @ IND 16, Final",,$13,4.5,0.00,230,2025-12-01 16:30:18,Week 13,Sunday
Braxton BerriosO,WR,"HOU 20 @ IND 16, Final",,$10,1.7,0.00,231,2025-12-01 16:30:18,Week 13,Sunday
Davis Mills,QB,"HOU 20 @ IND 16, Final",,$20,13.4,0.00,232,2025-12-01 16:30:18,Week 13,Sunday
Tank DellPUP,WR,"HOU 20 @ IND 16, Final",,$11,8.2,0.00,233,2025-12-01 16:30:18,Week 13,Sunday
British Brooks,RB,"HOU 20 @ IND 16, Final",,$10,0.4,0.00,234,2025-12-01 16:30:18,Week 13,Sunday
Jaylin Noel,WR,"HOU 20 @ IND 16, Final",TGT,$10,3.2,0.00,235,2025-12-01 16:30:18,Week 13,Sunday
Graham MertzO,QB,"HOU 20 @ IND 16, Final",,$20,—,0.00,236,2025-12-01 16:30:18,Week 13,Sunday
Ameer Abdullah,RB,"HOU 20 @ IND 16, Final",,$10,1.9,0.00,237,2025-12-01 16:30:18,Week 13,Sunday
Laquon Treadwell,WR,"HOU 20 @ IND 16, Final",,$10,—,0.00,238,2025-12-01 16:30:18,Week 13,Sunday
Mo Alie-Cox,TE,"HOU 20 @ IND 16, Final",,$10,1.2,0.00,239,2025-12-01 16:30:18,Week 13,Sunday
Ashton DulinIR,WR,"HOU 20 @ IND 16, Final",,$10,1.8,0.00,240,2025-12-01 16:30:18,Week 13,Sunday
Tyler Goodson,RB,"HOU 20 @ IND 16, Final",,$10,0.4,0.00,241,2025-12-01 16:30:18,Week 13,Sunday
Will MalloryO,TE,"HOU 20 @ IND 16, Final",,$10,0.7,0.00,242,2025-12-01 16:30:18,Week 13,Sunday
Anthony Gould,WR,"HOU 20 @ IND 16, Final",,$10,0.1,0.00,243,2025-12-01 16:30:18,Week 13,Sunday
DJ GiddensO,RB,"HOU 20 @ IND 16, Final",,$10,1.7,0.00,244,2025-12-01 16:30:18,Week 13,Sunday
Riley Leonard,QB,"HOU 20 @ IND 16, Final",,$20,0.1,0.00,245,2025-12-01 16:30:18,Week 13,Sunday
Jakob Johnson,RB,"HOU 20 @ IND 16, Final",,$10,—,0.00,246,2025-12-01 16:30:18,Week 13,Sunday
Justin WatsonIR,WR,"HOU 20 @ IND 16, Final",,$10,—,0.00,247,2025-12-01 16:30:19,Week 13,Sunday
Anthony Richardson Sr.IR,QB,"HOU 20 @ IND 16, Final",,$20,0.8,0.00,248,2025-12-01 16:30:19,Week 13,Sunday
Nick Mullens,QB,"JAC 25 @ TEN 3, Final","3 RUSH ATT,-3 RUSH YD",$20,-0.3,-0.30,249,2025-12-01 16:30:19,Week 13,Sunday
Chimere Dike,WR,"JAC 25 @ TEN 3, Final","RUSH ATT,RUSH YD,4 TGT,REC,8 REC YD,FUM LOST",$16,5.4,-0.60,250,2025-12-01 16:30:19,Week 13,Sunday
Seattle Seahawks,DEF,"MIN 0 @ SEA 26, Final","0 PTS ALLOWED,4 SACK,4 INT,FUM REC,TD",$19,11.0,30.00,1,2025-12-01 16:30:35,Week 13,Sunday
Brock Bowers,TE,"LV 14 @ LAC 31, Final","4 TGT,4 REC,63 REC YD,2 REC TD",$25,12.7,20.30,2,2025-12-01 16:30:35,Week 13,Sunday
Kimani Vidal,RB,"LV 14 @ LAC 31, Final","25 RUSH ATT,126 RUSH YD,RUSH TD,TGT,REC,11 REC YD",$18,10.1,20.20,3,2025-12-01 16:30:35,Week 13,Sunday
Josh Allen,QB,"BUF 26 @ PIT 7, Final","123 PASS YD,PASS TD,INT,8 RUSH ATT,38 RUSH YD,RUSH TD",$42,23.5,17.72,4,2025-12-01 16:30:35,Week 13,Sunday
James Cook III,RB,"BUF 26 @ PIT 7, Final","32 RUSH ATT,144 RUSH YD,3 TGT,3 REC,33 REC YD,FUM LOST",$37,17.5,17.20,5,2025-12-01 16:30:35,Week 13,Sunday
Buffalo Bills,DEF,"BUF 26 @ PIT 7, Final","7 PTS ALLOWED,SACK,INT,FUM REC,TD",$12,6.5,15.00,6,2025-12-01 16:30:35,Week 13,Sunday
Justin HerbertQ,QB,"LV 14 @ LAC 31, Final","151 PASS YD,2 PASS TD,INT,3 RUSH ATT,8 RUSH YD",$37,19.1,13.84,7,2025-12-01 16:30:35,Week 13,Sunday
Geno Smith,QB,"LV 14 @ LAC 31, Final","165 PASS YD,2 PASS TD,INT,2 RUSH ATT,-6 RUSH YD",$25,13.1,13.00,8,2025-12-01 16:30:35,Week 13,Sunday
Ladd McConkey,WR,"LV 14 @ LAC 31, Final","6 TGT,4 REC,39 REC YD,REC TD",$29,10.6,11.90,9,2025-12-01 16:30:35,Week 13,Sunday
Jaylen Warren,RB,"BUF 26 @ PIT 7, Final","10 RUSH ATT,35 RUSH YD,RUSH TD,4 TGT,2 REC,9 REC YD",$29,11.8,11.40,10,2025-12-01 16:30:35,Week 13,Sunday
Zach Charbonnet,RB,"MIN 0 @ SEA 26, Final","14 RUSH ATT,52 RUSH YD,RUSH TD",$22,9.4,11.20,11,2025-12-01 16:30:35,Week 13,Sunday
Quentin Johnston,WR,"LV 14 @ LAC 31, Final","3 TGT,3 REC,23 REC YD,REC TD",$21,11.3,9.80,12,2025-12-01 16:30:35,Week 13,Sunday
Ashton Jeanty,RB,"LV 14 @ LAC 31, Final","15 RUSH ATT,31 RUSH YD,8 TGT,6 REC,30 REC YD",$34,13.0,9.10,13,2025-12-01 16:30:35,Week 13,Sunday
Minnesota Vikings,DEF,"MIN 0 @ SEA 26, Final","20 PTS ALLOWED,4 SACK,2 FUM REC",$11,6.1,9.00,14,2025-12-01 16:30:35,Week 13,Sunday
T.J. Hockenson,TE,"MIN 0 @ SEA 26, Final","6 TGT,6 REC,59 REC YD",$12,5.8,8.90,15,2025-12-01 16:30:35,Week 13,Sunday
Kenneth Walker III,RB,"MIN 0 @ SEA 26, Final","13 RUSH ATT,56 RUSH YD,4 TGT,3 REC,18 REC YD",$24,10.4,8.90,16,2025-12-01 16:30:36,Week 13,Sunday
Los Angeles Chargers,DEF,"LV 14 @ LAC 31, Final","14 PTS ALLOWED,5 SACK,INT",$16,5.8,8.00,17,2025-12-01 16:30:36,Week 13,Sunday
Keon Coleman,WR,"BUF 26 @ PIT 7, Final","3 TGT,2 REC,9 REC YD,REC TD",$16,7.3,7.90,18,2025-12-01 16:30:36,Week 13,Sunday
Ray Davis,RB,"BUF 26 @ PIT 7, Final","9 RUSH ATT,62 RUSH YD",$10,2.2,6.20,19,2025-12-01 16:30:36,Week 13,Sunday
Jordan Addison,WR,"MIN 0 @ SEA 26, Final","10 TGT,5 REC,36 REC YD",$18,9.0,6.10,20,2025-12-01 16:30:36,Week 13,Sunday
AJ Barner,TE,"MIN 0 @ SEA 26, Final","RUSH ATT,2 RUSH YD,5 TGT,4 REC,35 REC YD",$13,7.1,5.70,21,2025-12-01 16:30:36,Week 13,Sunday
Kenneth Gainwell,RB,"BUF 26 @ PIT 7, Final","5 RUSH ATT,20 RUSH YD,3 TGT,2 REC,25 REC YD",$23,9.3,5.50,22,2025-12-01 16:30:36,Week 13,Sunday
Darnell Washington,TE,"BUF 26 @ PIT 7, Final","4 TGT,2 REC,45 REC YD",$10,4.2,5.50,23,2025-12-01 16:30:36,Week 13,Sunday
Jordan Mason,RB,"MIN 0 @ SEA 26, Final","6 RUSH ATT,47 RUSH YD,TGT,REC,REC YD",$14,8.1,5.30,24,2025-12-01 16:30:36,Week 13,Sunday
Pittsburgh Steelers,DEF,"BUF 26 @ PIT 7, Final","20 PTS ALLOWED,INT,FUM REC",$17,8.3,5.00,25,2025-12-01 16:30:36,Week 13,Sunday
Keenan Allen,WR,"LV 14 @ LAC 31, Final","5 TGT,4 REC,30 REC YD",$17,9.7,5.00,26,2025-12-01 16:30:36,Week 13,Sunday
DK Metcalf,WR,"BUF 26 @ PIT 7, Final","5 TGT,3 REC,32 REC YD",$24,10.0,4.70,27,2025-12-01 16:30:36,Week 13,Sunday
Tre' Harris,WR,"LV 14 @ LAC 31, Final","4 TGT,3 REC,30 REC YD",$10,2.9,4.50,28,2025-12-01 16:30:36,Week 13,Sunday
Dawson Knox,TE,"BUF 26 @ PIT 7, Final","4 TGT,3 REC,28 REC YD",$10,3.4,4.30,29,2025-12-01 16:30:36,Week 13,Sunday
Ty Johnson,RB,"BUF 26 @ PIT 7, Final","2 RUSH ATT,5 RUSH YD,5 TGT,3 REC,20 REC YD",$12,3.9,4.00,30,2025-12-01 16:30:36,Week 13,Sunday
Las Vegas Raiders,DEF,"LV 14 @ LAC 31, Final","31 PTS ALLOWED,3 SACK,INT",$10,4.3,4.00,31,2025-12-01 16:30:36,Week 13,Sunday
Cooper Kupp,WR,"MIN 0 @ SEA 26, Final","4 TGT,3 REC,24 REC YD",$15,6.0,3.90,32,2025-12-01 16:30:36,Week 13,Sunday
Tre Tucker,WR,"LV 14 @ LAC 31, Final","3 TGT,3 REC,20 REC YD",$17,9.2,3.50,33,2025-12-01 16:30:36,Week 13,Sunday
Jaxon Smith-Njigba,WR,"MIN 0 @ SEA 26, Final","4 TGT,2 REC,23 REC YD",$45,18.2,3.30,34,2025-12-01 16:30:36,Week 13,Sunday
Jack Bech,WR,"LV 14 @ LAC 31, Final","3 TGT,2 REC,22 REC YD",$10,1.5,3.20,35,2025-12-01 16:30:36,Week 13,Sunday
Oronde Gadsden,TE,"LV 14 @ LAC 31, Final","2 TGT,REC,27 REC YD",$16,8.2,3.20,36,2025-12-01 16:30:36,Week 13,Sunday
Sam Darnold,QB,"MIN 0 @ SEA 26, Final","128 PASS YD,FUM LOST",$33,14.8,3.12,37,2025-12-01 16:30:36,Week 13,Sunday
Aaron Rodgers,QB,"BUF 26 @ PIT 7, Final","117 PASS YD,RUSH ATT,FUM LOST",$30,14.1,2.68,38,2025-12-01 16:30:36,Week 13,Sunday
Zavier Scott,RB,"MIN 0 @ SEA 26, Final","3 RUSH ATT,17 RUSH YD,TGT,REC,4 REC YD",$10,3.7,2.60,39,2025-12-01 16:30:36,Week 13,Sunday
Cody White,WR,"MIN 0 @ SEA 26, Final","TGT,REC,21 REC YD",$10,2.5,2.60,40,2025-12-01 16:30:36,Week 13,Sunday
Aaron Jones Sr.Q,RB,"MIN 0 @ SEA 26, Final","6 RUSH ATT,3 RUSH YD,4 TGT,4 REC,22 REC YD,FUM LOST",$20,8.1,2.50,41,2025-12-01 16:30:37,Week 13,Sunday
Rashid Shaheed,WR,"MIN 0 @ SEA 26, Final","RUSH ATT,9 RUSH YD,3 TGT,REC,7 REC YD",$12,7.1,2.10,42,2025-12-01 16:30:37,Week 13,Sunday
Tyler Lockett,WR,"LV 14 @ LAC 31, Final","TGT,REC,11 REC YD",$10,2.8,1.60,43,2025-12-01 16:30:37,Week 13,Sunday
Dont'e Thornton Jr.Q,WR,"LV 14 @ LAC 31, Final","2 TGT,REC,11 REC YD",$10,1.8,1.60,44,2025-12-01 16:30:37,Week 13,Sunday
Jackson Hawes,TE,"BUF 26 @ PIT 7, Final","TGT,REC,10 REC YD",$10,3.6,1.50,45,2025-12-01 16:30:37,Week 13,Sunday
Justin Jefferson,WR,"MIN 0 @ SEA 26, Final","6 TGT,2 REC,4 REC YD",$27,10.3,1.40,46,2025-12-01 16:30:37,Week 13,Sunday
Ian Thomas,TE,"LV 14 @ LAC 31, Final","TGT,REC,8 REC YD",$10,2.2,1.30,47,2025-12-01 16:30:37,Week 13,Sunday
Jonnu Smith,TE,"BUF 26 @ PIT 7, Final","2 TGT,REC,6 REC YD",$10,4.0,1.10,48,2025-12-01 16:30:37,Week 13,Sunday
Khalil Shakir,WR,"BUF 26 @ PIT 7, Final","4 TGT,REC,5 REC YD",$21,8.4,1.00,49,2025-12-01 16:30:37,Week 13,Sunday
Gabe Davis,WR,"BUF 26 @ PIT 7, Final","2 TGT,REC,5 REC YD",$10,3.1,1.00,50,2025-12-01 16:30:37,Week 13,Sunday
Max Brosmer,QB,"MIN 0 @ SEA 26, Final","126 PASS YD,4 INT,RUSH ATT,-1 RUSH YD",$20,0.6,0.94,51,2025-12-01 16:30:37,Week 13,Sunday
Trey Lance,QB,"LV 14 @ LAC 31, Final","9 PASS YD,4 RUSH ATT,4 RUSH YD",$20,1.7,0.76,52,2025-12-01 16:30:37,Week 13,Sunday
Raheem Mostert,RB,"LV 14 @ LAC 31, Final","RUSH ATT,6 RUSH YD",$10,2.3,0.60,53,2025-12-01 16:30:37,Week 13,Sunday
Kaleb Johnson,RB,"BUF 26 @ PIT 7, Final","2 RUSH ATT,3 RUSH YD",$10,0.9,0.30,54,2025-12-01 16:30:37,Week 13,Sunday
Adam ThielenO,WR,"MIN 0 @ SEA 26, Final",,$10,1.4,0.00,55,2025-12-01 16:30:37,Week 13,Sunday
C.J. Ham,RB,"MIN 0 @ SEA 26, Final",,$10,0.3,0.00,56,2025-12-01 16:30:37,Week 13,Sunday
Josh Oliver,TE,"MIN 0 @ SEA 26, Final",,$10,3.1,0.00,57,2025-12-01 16:30:37,Week 13,Sunday
Jalen Nailor,WR,"MIN 0 @ SEA 26, Final",TGT,$13,4.8,0.00,58,2025-12-01 16:30:37,Week 13,Sunday
Ben Sims,TE,"MIN 0 @ SEA 26, Final",,$10,1.5,0.00,59,2025-12-01 16:30:37,Week 13,Sunday
J.J. McCarthyO,QB,"MIN 0 @ SEA 26, Final",,$23,12.5,0.00,60,2025-12-01 16:30:37,Week 13,Sunday
Tai Felton,WR,"MIN 0 @ SEA 26, Final",,$10,0.2,0.00,61,2025-12-01 16:30:37,Week 13,Sunday
Gavin BartholomewPUP,TE,"MIN 0 @ SEA 26, Final",,$10,—,0.00,62,2025-12-01 16:30:37,Week 13,Sunday
Myles Price,WR,"MIN 0 @ SEA 26, Final",,$10,—,0.00,63,2025-12-01 16:30:37,Week 13,Sunday
Ben YurosekO,TE,"MIN 0 @ SEA 26, Final",,$10,0.3,0.00,64,2025-12-01 16:30:37,Week 13,Sunday
Drew Lock,QB,"MIN 0 @ SEA 26, Final",,$20,0.0,0.00,65,2025-12-01 16:30:38,Week 13,Sunday
Jake BoboO,WR,"MIN 0 @ SEA 26, Final",,$10,1.0,0.00,66,2025-12-01 16:30:38,Week 13,Sunday
Brady Russell,RB,"MIN 0 @ SEA 26, Final",,$10,—,0.00,67,2025-12-01 16:30:38,Week 13,Sunday
George HolaniIR,RB,"MIN 0 @ SEA 26, Final",,$10,2.0,0.00,68,2025-12-01 16:30:38,Week 13,Sunday
Elijah Arroyo,TE,"MIN 0 @ SEA 26, Final",2 TGT,$10,2.5,0.00,69,2025-12-01 16:30:38,Week 13,Sunday
Jalen MilroeO,QB,"MIN 0 @ SEA 26, Final",,$20,-0.4,0.00,70,2025-12-01 16:30:38,Week 13,Sunday
Tory HortonIR,WR,"MIN 0 @ SEA 26, Final",,$10,7.3,0.00,71,2025-12-01 16:30:38,Week 13,Sunday
Robbie Ouzts,RB,"MIN 0 @ SEA 26, Final",,$10,—,0.00,72,2025-12-01 16:30:38,Week 13,Sunday
Nick Kallerup,TE,"MIN 0 @ SEA 26, Final",,$10,—,0.00,73,2025-12-01 16:30:38,Week 13,Sunday
Ty ChandlerIR,RB,"MIN 0 @ SEA 26, Final",,$10,—,0.00,74,2025-12-01 16:30:38,Week 13,Sunday
Mitchell Trubisky,QB,"BUF 26 @ PIT 7, Final",,$20,0.8,0.00,75,2025-12-01 16:30:38,Week 13,Sunday
Curtis SamuelIR,WR,"BUF 26 @ PIT 7, Final",,$10,2.9,0.00,76,2025-12-01 16:30:38,Week 13,Sunday
Reggie Gilliam,RB,"BUF 26 @ PIT 7, Final",,$10,0.1,0.00,77,2025-12-01 16:30:38,Week 13,Sunday
Elijah Moore,WR,"BUF 26 @ PIT 7, Final",,$10,2.7,0.00,78,2025-12-01 16:30:38,Week 13,Sunday
Joshua PalmerO,WR,"BUF 26 @ PIT 7, Final",,$12,4.5,0.00,79,2025-12-01 16:30:38,Week 13,Sunday
Dalton KincaidO,TE,"BUF 26 @ PIT 7, Final",,$17,10.4,0.00,80,2025-12-01 16:30:38,Week 13,Sunday
Tyrell Shavers,WR,"BUF 26 @ PIT 7, Final",,$10,3.6,0.00,81,2025-12-01 16:30:38,Week 13,Sunday
Scotty MillerO,WR,"BUF 26 @ PIT 7, Final",,$10,0.7,0.00,82,2025-12-01 16:30:38,Week 13,Sunday
Pat Freiermuth,TE,"BUF 26 @ PIT 7, Final",,$12,6.7,0.00,83,2025-12-01 16:30:38,Week 13,Sunday
Ben Skowronek,WR,"BUF 26 @ PIT 7, Final",TGT,$10,1.1,0.00,84,2025-12-01 16:30:38,Week 13,Sunday
Calvin Austin III,WR,"BUF 26 @ PIT 7, Final",2 TGT,$15,5.3,0.00,85,2025-12-01 16:30:38,Week 13,Sunday
Connor Heyward,TE,"BUF 26 @ PIT 7, Final",,$10,1.1,0.00,86,2025-12-01 16:30:38,Week 13,Sunday
Roman Wilson,WR,"BUF 26 @ PIT 7, Final",TGT,$10,3.6,0.00,87,2025-12-01 16:30:38,Week 13,Sunday
Ke'Shawn Williams,WR,"BUF 26 @ PIT 7, Final",,$10,—,0.00,88,2025-12-01 16:30:38,Week 13,Sunday
Will HowardO,QB,"BUF 26 @ PIT 7, Final",,$20,—,0.00,89,2025-12-01 16:30:38,Week 13,Sunday
Mecole Hardman Jr.IR,WR,"BUF 26 @ PIT 7, Final",,$10,-2.0,0.00,90,2025-12-01 16:30:39,Week 13,Sunday
Keleki Latu,TE,"BUF 26 @ PIT 7, Final",,$10,0.9,0.00,91,2025-12-01 16:30:39,Week 13,Sunday
Alex Bachman,WR,"LV 14 @ LAC 31, Final",,$10,0.2,0.00,92,2025-12-01 16:30:39,Week 13,Sunday
Kenny Pickett,QB,"LV 14 @ LAC 31, Final",,$20,-0.8,0.00,93,2025-12-01 16:30:39,Week 13,Sunday
Zamir WhiteO,RB,"LV 14 @ LAC 31, Final",,$10,2.0,0.00,94,2025-12-01 16:30:39,Week 13,Sunday
Michael MayerO,TE,"LV 14 @ LAC 31, Final",,$10,3.9,0.00,95,2025-12-01 16:30:39,Week 13,Sunday
Dylan Laube,RB,"LV 14 @ LAC 31, Final",,$10,0.3,0.00,96,2025-12-01 16:30:39,Week 13,Sunday
Carter Runyon,TE,"LV 14 @ LAC 31, Final",,$10,0.3,0.00,97,2025-12-01 16:30:39,Week 13,Sunday
Will DisslyO,TE,"LV 14 @ LAC 31, Final",,$10,1.6,0.00,98,2025-12-01 16:30:39,Week 13,Sunday
Tyler Conklin,TE,"LV 14 @ LAC 31, Final",,$10,2.5,0.00,99,2025-12-01 16:30:39,Week 13,Sunday
Tucker Fisk,TE,"LV 14 @ LAC 31, Final",,$10,0.7,0.00,100,2025-12-01 16:30:39,Week 13,Sunday
Derius Davis,WR,"LV 14 @ LAC 31, Final",,$10,-0.1,0.00,101,2025-12-01 16:30:39,Week 13,Sunday
Scott Matlock,RB,"LV 14 @ LAC 31, Final",,$10,3.7,0.00,102,2025-12-01 16:30:39,Week 13,Sunday
KeAndre Lambert-SmithO,WR,"LV 14 @ LAC 31, Final",,$10,0.1,0.00,103,2025-12-01 16:30:39,Week 13,Sunday
Aidan O'ConnellO,QB,"LV 14 @ LAC 31, Final",,$20,10.8,0.00,104,2025-12-01 16:30:39,Week 13,Sunday
Omarion HamptonIR,RB,"LV 14 @ LAC 31, Final",,$26,13.4,0.00,105,2025-12-01 16:30:39,Week 13,Sunday
Mason Rudolph,QB,"BUF 26 @ PIT 7, Final",INT,$20,3.4,-1.00,106,2025-12-01 16:30:39,Week 13,Sunday
Marcus Mariota,QB,"DEN 27 @ WAS 26, Final OT","294 PASS YD,2 PASS TD,INT,10 RUSH ATT,55 RUSH YD",$26,14.4,24.26,1,2025-12-01 16:30:55,Week 13,Sunday
RJ Harvey,RB,"DEN 27 @ WAS 26, Final OT","13 RUSH ATT,35 RUSH YD,2 RUSH TD,4 TGT,3 REC,27 REC YD",$25,9.5,19.70,2,2025-12-01 16:30:55,Week 13,Sunday
Terry McLaurin,WR,"DEN 27 @ WAS 26, Final OT","14 TGT,7 REC,96 REC YD,REC TD",$20,10.4,19.10,3,2025-12-01 16:30:55,Week 13,Sunday
Bo Nix,QB,"DEN 27 @ WAS 26, Final OT","321 PASS YD,PASS TD,INT,2 RUSH ATT,16 RUSH YD",$37,18.6,17.44,4,2025-12-01 16:30:55,Week 13,Sunday
Zach Ertz,TE,"DEN 27 @ WAS 26, Final OT","13 TGT,10 REC,106 REC YD",$14,8.3,15.60,5,2025-12-01 16:30:56,Week 13,Sunday
Courtland Sutton,WR,"DEN 27 @ WAS 26, Final OT","6 TGT,5 REC,62 REC YD,REC TD",$24,10.7,14.70,6,2025-12-01 16:30:56,Week 13,Sunday
Evan Engram,TE,"DEN 27 @ WAS 26, Final OT","9 TGT,6 REC,79 REC YD",$11,5.4,10.90,7,2025-12-01 16:30:56,Week 13,Sunday
Chris Rodriguez Jr.,RB,"DEN 27 @ WAS 26, Final OT","11 RUSH ATT,41 RUSH YD,RUSH TD,TGT",$13,6.3,10.10,8,2025-12-01 16:30:56,Week 13,Sunday
Deebo Samuel,WR,"DEN 27 @ WAS 26, Final OT","2 RUSH ATT,-3 RUSH YD,7 TGT,5 REC,64 REC YD",$26,11.2,8.60,9,2025-12-01 16:30:56,Week 13,Sunday
Treylon Burks,WR,"DEN 27 @ WAS 26, Final OT","4 TGT,REC,5 REC YD,REC TD",$10,5.4,7.00,10,2025-12-01 16:30:56,Week 13,Sunday
Adam Trautman,TE,"DEN 27 @ WAS 26, Final OT","4 TGT,3 REC,47 REC YD",$10,3.4,6.20,11,2025-12-01 16:30:56,Week 13,Sunday
Pat Bryant,WR,"DEN 27 @ WAS 26, Final OT","7 TGT,3 REC,42 REC YD",$13,4.7,5.70,12,2025-12-01 16:30:56,Week 13,Sunday
Jeremy McNichols,RB,"DEN 27 @ WAS 26, Final OT","6 RUSH ATT,30 RUSH YD,2 TGT,2 REC",$10,4.6,4.00,13,2025-12-01 16:30:56,Week 13,Sunday
Denver Broncos,DEF,"DEN 27 @ WAS 26, Final OT","26 PTS ALLOWED,2 SACK,INT",$18,7.9,4.00,14,2025-12-01 16:30:56,Week 13,Sunday
Jaleel McLaughlin,RB,"DEN 27 @ WAS 26, Final OT","6 RUSH ATT,24 RUSH YD,TGT,REC,6 REC YD",$10,3.8,3.50,15,2025-12-01 16:30:56,Week 13,Sunday
Tyler Badie,RB,"DEN 27 @ WAS 26, Final OT","5 TGT,3 REC,18 REC YD",$10,1.7,3.30,16,2025-12-01 16:30:56,Week 13,Sunday
Troy Franklin,WR,"DEN 27 @ WAS 26, Final OT","3 TGT,2 REC,21 REC YD",$23,9.3,3.10,17,2025-12-01 16:30:56,Week 13,Sunday
Washington Commanders,DEF,"DEN 27 @ WAS 26, Final OT","27 PTS ALLOWED,SACK,INT",$10,4.2,3.00,18,2025-12-01 16:30:56,Week 13,Sunday
Marvin Mims Jr.,WR,"DEN 27 @ WAS 26, Final OT","RUSH ATT,9 RUSH YD,2 TGT,2 REC,8 REC YD",$12,4.8,2.70,19,2025-12-01 16:30:56,Week 13,Sunday
Jacory Croskey-Merritt,RB,"DEN 27 @ WAS 26, Final OT","4 RUSH ATT,20 RUSH YD",$15,6.9,2.00,20,2025-12-01 16:30:56,Week 13,Sunday
Adam Prentice,RB,"DEN 27 @ WAS 26, Final OT","RUSH ATT,3 RUSH YD,TGT,REC,11 REC YD",$10,0.9,1.90,21,2025-12-01 16:30:56,Week 13,Sunday
John Bates,TE,"DEN 27 @ WAS 26, Final OT","2 TGT,2 REC,9 REC YD",$10,1.6,1.90,22,2025-12-01 16:30:56,Week 13,Sunday
Colson Yankoff,TE,"DEN 27 @ WAS 26, Final OT","TGT,REC,14 REC YD",$10,0.4,1.90,23,2025-12-01 16:30:56,Week 13,Sunday
Jarrett Stidham,QB,"DEN 27 @ WAS 26, Final OT",,$20,-0.1,0.00,24,2025-12-01 16:30:56,Week 13,Sunday
Nate AdkinsO,TE,"DEN 27 @ WAS 26, Final OT",,$10,2.3,0.00,25,2025-12-01 16:30:56,Week 13,Sunday
Josh Johnson,QB,"DEN 27 @ WAS 26, Final OT",,$20,0.2,0.00,26,2025-12-01 16:30:56,Week 13,Sunday
Chris Moore,WR,"DEN 27 @ WAS 26, Final OT",,$10,3.5,0.00,27,2025-12-01 16:30:56,Week 13,Sunday
Robbie Chosen,WR,"DEN 27 @ WAS 26, Final OT",,$10,2.6,0.00,28,2025-12-01 16:30:56,Week 13,Sunday
Jayden DanielsO,QB,"DEN 27 @ WAS 26, Final OT",,$20,18.9,0.00,29,2025-12-01 16:30:57,Week 13,Sunday
Ben Sinnott,TE,"DEN 27 @ WAS 26, Final OT",,$10,3.6,0.00,30,2025-12-01 16:30:57,Week 13,Sunday
Jaylin Lane,WR,"DEN 27 @ WAS 26, Final OT",TGT,$10,2.9,0.00,31,2025-12-01 16:30:57,Week 13,Sunday
Lil'Jordan Humphrey,WR,"DEN 27 @ WAS 26, Final OT",TGT,$10,2.5,0.00,32,2025-12-01 16:30:57,Week 13,Sunday
