player_name,position,game_info,stats,salary,fppg,points,row_number,scrape_date,week,day
De'Von Achane,RB,"WAS 13 @ MIA 16, Final OT","21 RUSH ATT,120 RUSH YD,5 TGT,5 REC,45 REC YD",$44,18.9,19.00,1,2025-11-17 16:28:12,Week 11,Sunday
Deebo Samuel,WR,"WAS 13 @ MIA 16, Final OT","RUSH ATT,3 RUSH YD,8 TGT,7 REC,74 REC YD,REC TD",$26,11.5,17.20,2,2025-11-17 16:28:12,Week 11,Sunday
Marcus Mariota,QB,"WAS 13 @ MIA 16, Final OT","213 PASS YD,PASS TD,INT,4 RUSH ATT,49 RUSH YD",$27,13.0,16.42,3,2025-11-17 16:28:12,Week 11,Sunday
Ollie Gordon II,RB,"WAS 13 @ MIA 16, Final OT","9 RUSH ATT,45 RUSH YD,RUSH TD",$11,3.7,10.50,4,2025-11-17 16:28:12,Week 11,Sunday
Chris Rodriguez Jr.,RB,"WAS 13 @ MIA 16, Final OT","15 RUSH ATT,79 RUSH YD,TGT,REC,6 REC YD",$11,5.9,9.00,5,2025-11-17 16:28:12,Week 11,Sunday
Miami Dolphins,DEF,"WAS 13 @ MIA 16, Final OT","13 PTS ALLOWED,SACK,INT,FUM REC",$11,5.3,9.00,6,2025-11-17 16:28:12,Week 11,Sunday
Tua Tagovailoa,QB,"WAS 13 @ MIA 16, Final OT",171 PASS YD,$29,13.1,6.84,7,2025-11-17 16:28:12,Week 11,Sunday
Jaylen Waddle,WR,"WAS 13 @ MIA 16, Final OT","7 TGT,3 REC,52 REC YD",$32,11.5,6.70,8,2025-11-17 16:28:12,Week 11,Sunday
Zach Ertz,TE,"WAS 13 @ MIA 16, Final OT","8 TGT,4 REC,42 REC YD",$16,7.7,6.20,9,2025-11-17 16:28:12,Week 11,Sunday
Malik Washington,WR,"WAS 13 @ MIA 16, Final OT","3 TGT,3 REC,42 REC YD",$15,5.8,5.70,10,2025-11-17 16:28:12,Week 11,Sunday
Washington Commanders,DEF,"WAS 13 @ MIA 16, Final OT","16 PTS ALLOWED,3 SACK",$10,4.3,4.00,11,2025-11-17 16:28:12,Week 11,Sunday
Jeremy McNichols,RB,"WAS 13 @ MIA 16, Final OT","4 RUSH ATT,13 RUSH YD,2 TGT,2 REC,16 REC YD",$10,4.7,3.90,12,2025-11-17 16:28:12,Week 11,Sunday
Chris Moore,WR,"WAS 13 @ MIA 16, Final OT","5 TGT,2 REC,28 REC YD",$10,3.5,3.80,13,2025-11-17 16:28:12,Week 11,Sunday
Jacory Croskey-Merritt,RB,"WAS 13 @ MIA 16, Final OT","9 RUSH ATT,28 RUSH YD,TGT,REC,5 REC YD",$16,7.4,3.80,14,2025-11-17 16:28:12,Week 11,Sunday
Greg Dulcich,TE,"WAS 13 @ MIA 16, Final OT","4 TGT,2 REC,18 REC YD",$10,4.3,2.80,15,2025-11-17 16:28:12,Week 11,Sunday
Julian Hill,TE,"WAS 13 @ MIA 16, Final OT","TGT,REC,14 REC YD",$10,2.1,1.90,16,2025-11-17 16:28:12,Week 11,Sunday
Jaylin LaneQ,WR,"WAS 13 @ MIA 16, Final OT","TGT,REC,13 REC YD",$10,3.2,1.80,17,2025-11-17 16:28:12,Week 11,Sunday
Colson Yankoff,TE,"WAS 13 @ MIA 16, Final OT","TGT,REC,4 REC YD",$10,0.1,0.90,18,2025-11-17 16:28:12,Week 11,Sunday
Jaylen Wright,RB,"WAS 13 @ MIA 16, Final OT","RUSH ATT,4 RUSH YD",$10,1.4,0.40,19,2025-11-17 16:28:13,Week 11,Sunday
Josh Johnson,QB,"WAS 13 @ MIA 16, Final OT",,$20,0.2,0.00,20,2025-11-17 16:28:13,Week 11,Sunday
Terry McLaurinO,WR,"WAS 13 @ MIA 16, Final OT",,$20,8.2,0.00,21,2025-11-17 16:28:13,Week 11,Sunday
John Bates,TE,"WAS 13 @ MIA 16, Final OT",,$10,1.5,0.00,22,2025-11-17 16:28:13,Week 11,Sunday
Jayden DanielsO,QB,"WAS 13 @ MIA 16, Final OT",,$20,18.9,0.00,23,2025-11-17 16:28:13,Week 11,Sunday
Ben SinnottO,TE,"WAS 13 @ MIA 16, Final OT",,$10,3.6,0.00,24,2025-11-17 16:28:13,Week 11,Sunday
Cedrick Wilson Jr.,WR,"WAS 13 @ MIA 16, Final OT",,$10,1.0,0.00,25,2025-11-17 16:28:13,Week 11,Sunday
Alec Ingold,RB,"WAS 13 @ MIA 16, Final OT",,$10,1.2,0.00,26,2025-11-17 16:28:13,Week 11,Sunday
Nick Westbrook-Ikhine,WR,"WAS 13 @ MIA 16, Final OT",,$12,1.6,0.00,27,2025-11-17 16:28:13,Week 11,Sunday
Zach Wilson,QB,"WAS 13 @ MIA 16, Final OT",,$20,0.8,0.00,28,2025-11-17 16:28:13,Week 11,Sunday
Dee EskridgeO,WR,"WAS 13 @ MIA 16, Final OT",,$10,0.8,0.00,29,2025-11-17 16:28:13,Week 11,Sunday
Tahj Washington,WR,"WAS 13 @ MIA 16, Final OT",,$10,-0.4,0.00,30,2025-11-17 16:28:13,Week 11,Sunday
Quinn Ewers,QB,"WAS 13 @ MIA 16, Final OT",,$20,2.1,0.00,31,2025-11-17 16:28:13,Week 11,Sunday
Treylon BurksO,WR,"WAS 13 @ MIA 16, Final OT",,$10,4.6,0.00,32,2025-11-17 16:28:13,Week 11,Sunday
Robbie Chosen,WR,"WAS 13 @ MIA 16, Final OT",TGT,$10,2.6,0.00,33,2025-11-17 16:28:13,Week 11,Sunday
Hayden Rucci,TE,"WAS 13 @ MIA 16, Final OT",,$10,—,0.00,34,2025-11-17 16:28:13,Week 11,Sunday
Noah BrownIR,WR,"WAS 13 @ MIA 16, Final OT",,$11,2.6,0.00,35,2025-11-17 16:28:13,Week 11,Sunday
Josh Allen,QB,"TB 32 @ BUF 44, Final","317 PASS YD,3 PASS TD,2 INT,6 RUSH ATT,40 RUSH YD,3 RUSH TD",$42,25.4,44.68,1,2025-11-17 16:28:30,Week 11,Sunday
Sean Tucker,RB,"TB 32 @ BUF 44, Final","19 RUSH ATT,106 RUSH YD,2 RUSH TD,2 TGT,2 REC,34 REC YD,REC TD",$10,6.0,33.00,2,2025-11-17 16:28:30,Week 11,Sunday
Christian McCaffrey,RB,"SF 41 @ ARI 22, Final","13 RUSH ATT,81 RUSH YD,2 RUSH TD,6 TGT,5 REC,40 REC YD,REC TD",$45,22.4,32.60,3,2025-11-17 16:28:30,Week 11,Sunday
Bryce Young,QB,"CAR 30 @ ATL 27, Final OT","448 PASS YD,3 PASS TD,RUSH ATT,-1 RUSH YD,2PT",$22,13.6,31.82,4,2025-11-17 16:28:30,Week 11,Sunday
Tetairoa McMillan,WR,"CAR 30 @ ATL 27, Final OT","12 TGT,8 REC,130 REC YD,2 REC TD",$25,11.4,29.00,5,2025-11-17 16:28:30,Week 11,Sunday
Bijan Robinson,RB,"CAR 30 @ ATL 27, Final OT","23 RUSH ATT,104 RUSH YD,2 RUSH TD,5 TGT,4 REC,39 REC YD",$39,18.6,28.30,6,2025-11-17 16:28:30,Week 11,Sunday
Kenneth Gainwell,RB,"CIN 12 @ PIT 34, Final","9 RUSH ATT,24 RUSH YD,8 TGT,7 REC,81 REC YD,2 REC TD",$14,9.1,26.00,7,2025-11-17 16:28:30,Week 11,Sunday
Michael Wilson,WR,"SF 41 @ ARI 22, Final","18 TGT,15 REC,185 REC YD",$14,6.6,26.00,8,2025-11-17 16:28:30,Week 11,Sunday
Jacoby Brissett,QB,"SF 41 @ ARI 22, Final","452 PASS YD,2 PASS TD,2 INT,2 RUSH ATT,-2 RUSH YD",$32,15.7,23.88,9,2025-11-17 16:28:30,Week 11,Sunday
Trey McBride,TE,"SF 41 @ ARI 22, Final","11 TGT,10 REC,115 REC YD,REC TD",$29,14.9,22.50,10,2025-11-17 16:28:30,Week 11,Sunday
George Kittle,TE,"SF 41 @ ARI 22, Final","6 TGT,6 REC,67 REC YD,2 REC TD",$20,11.4,21.70,11,2025-11-17 16:28:30,Week 11,Sunday
Pittsburgh Steelers,DEF,"CIN 12 @ PIT 34, Final","12 PTS ALLOWED,SACK,INT,FUM REC,2 TD",$14,8.4,21.00,12,2025-11-17 16:28:30,Week 11,Sunday
Nico Collins,WR,"HOU 16 @ TEN 13, Final","10 TGT,9 REC,92 REC YD,REC TD",$32,12.6,19.70,13,2025-11-17 16:28:30,Week 11,Sunday
Travis Kelce,TE,"KC 19 @ DEN 22, Final","13 TGT,9 REC,91 REC YD,REC TD",$20,11.4,19.60,14,2025-11-17 16:28:30,Week 11,Sunday
Travis Etienne Jr.,RB,"LAC 6 @ JAC 35, Final","19 RUSH ATT,73 RUSH YD,2 RUSH TD,2 TGT",$26,13.2,19.30,15,2025-11-17 16:28:30,Week 11,Sunday
Brock Purdy,QB,"SF 41 @ ARI 22, Final","200 PASS YD,3 PASS TD,RUSH ATT,-7 RUSH YD",$30,19.2,19.30,16,2025-11-17 16:28:30,Week 11,Sunday
Derrick Henry,RB,"BAL 23 @ CLE 16, Final","18 RUSH ATT,103 RUSH YD,RUSH TD,2 TGT,2 REC,19 REC YD",$31,13.2,19.20,17,2025-11-17 16:28:30,Week 11,Sunday
James Cook III,RB,"TB 32 @ BUF 44, Final","16 RUSH ATT,48 RUSH YD,3 TGT,3 REC,66 REC YD,REC TD",$37,17.2,18.90,18,2025-11-17 16:28:30,Week 11,Sunday
Christian Watson,WR,"GB 27 @ NYG 20, Final","5 TGT,4 REC,46 REC YD,2 REC TD",$14,10.4,18.60,19,2025-11-17 16:28:30,Week 11,Sunday
Kenneth Walker III,RB,"SEA 19 @ LA 21, Final","16 RUSH ATT,67 RUSH YD,RUSH TD,3 TGT,3 REC,44 REC YD",$19,10.4,18.60,20,2025-11-17 16:28:30,Week 11,Sunday
Baker Mayfield,QB,"TB 32 @ BUF 44, Final","173 PASS YD,PASS TD,INT,5 RUSH ATT,39 RUSH YD,RUSH TD,FUM LOST",$34,18.3,17.82,21,2025-11-17 16:28:30,Week 11,Sunday
Jordan Love,QB,"GB 27 @ NYG 20, Final","174 PASS YD,2 PASS TD,2 RUSH ATT,7 RUSH YD,2PT",$33,16.8,17.66,22,2025-11-17 16:28:30,Week 11,Sunday
Devin Singletary,RB,"GB 27 @ NYG 20, Final","16 RUSH ATT,44 RUSH YD,2 RUSH TD,TGT,REC,3 REC YD",$11,4.1,17.20,23,2025-11-17 16:28:30,Week 11,Sunday
Tyrell Shavers,WR,"TB 32 @ BUF 44, Final","5 TGT,4 REC,90 REC YD,REC TD",$10,3.6,17.00,24,2025-11-17 16:28:31,Week 11,Sunday
Cleveland Browns,DEF,"BAL 23 @ CLE 16, Final","23 PTS ALLOWED,5 SACK,2 INT,FUM REC,TD",$15,8.0,17.00,25,2025-11-17 16:28:31,Week 11,Sunday
Davis Mills,QB,"HOU 16 @ TEN 13, Final","274 PASS YD,PASS TD,2 RUSH ATT,14 RUSH YD",$23,13.1,16.36,26,2025-11-17 16:28:31,Week 11,Sunday
Xavier LegetteQ,WR,"CAR 30 @ ATL 27, Final OT","8 TGT,4 REC,83 REC YD,REC TD",$14,6.3,16.30,27,2025-11-17 16:28:31,Week 11,Sunday
Jaxon Smith-Njigba,WR,"SEA 19 @ LA 21, Final","RUSH ATT,11 RUSH YD,12 TGT,9 REC,105 REC YD",$44,18.2,16.10,28,2025-11-17 16:28:31,Week 11,Sunday
Kyren Williams,RB,"SEA 19 @ LA 21, Final","12 RUSH ATT,91 RUSH YD,RUSH TD,2 TGT,REC,5 REC YD",$36,15.5,16.10,29,2025-11-17 16:28:31,Week 11,Sunday
Trevor Lawrence,QB,"LAC 6 @ JAC 35, Final","153 PASS YD,PASS TD,INT,5 RUSH ATT,9 RUSH YD,RUSH TD",$33,16.6,16.02,30,2025-11-17 16:28:31,Week 11,Sunday
Tyrone Tracy Jr.,RB,"GB 27 @ NYG 20, Final","19 RUSH ATT,88 RUSH YD,4 TGT,4 REC,51 REC YD",$17,6.9,15.90,31,2025-11-17 16:28:31,Week 11,Sunday
Chase Brown,RB,"CIN 12 @ PIT 34, Final","18 RUSH ATT,99 RUSH YD,8 TGT,6 REC,28 REC YD",$28,11.4,15.70,32,2025-11-17 16:28:31,Week 11,Sunday
Greg Dortch,WR,"SF 41 @ ARI 22, Final","6 TGT,6 REC,66 REC YD,REC TD",$10,4.4,15.60,33,2025-11-17 16:28:31,Week 11,Sunday
Drake LondonQ,WR,"CAR 30 @ ATL 27, Final OT","9 TGT,7 REC,119 REC YD",$43,16.3,15.40,34,2025-11-17 16:28:31,Week 11,Sunday
Patrick Mahomes,QB,"KC 19 @ DEN 22, Final","276 PASS YD,PASS TD,INT,RUSH ATT,3 RUSH YD",$41,22.6,14.34,35,2025-11-17 16:28:31,Week 11,Sunday
Mark Andrews,TE,"BAL 23 @ CLE 16, Final","RUSH ATT,35 RUSH YD,RUSH TD,5 TGT,3 REC,32 REC YD",$17,8.4,14.20,36,2025-11-17 16:28:31,Week 11,Sunday
Ty Johnson,RB,"TB 32 @ BUF 44, Final","RUSH ATT,9 RUSH YD,2 TGT,2 REC,61 REC YD,REC TD",$10,3.6,14.00,37,2025-11-17 16:28:31,Week 11,Sunday
Tee Higgins,WR,"CIN 12 @ PIT 34, Final","8 TGT,3 REC,63 REC YD,REC TD",$31,11.6,13.80,38,2025-11-17 16:28:31,Week 11,Sunday
Bhayshul TutenQ,RB,"LAC 6 @ JAC 35, Final","15 RUSH ATT,74 RUSH YD,RUSH TD",$12,5.8,13.40,39,2025-11-17 16:28:31,Week 11,Sunday
Emanuel Wilson,RB,"GB 27 @ NYG 20, Final","11 RUSH ATT,40 RUSH YD,RUSH TD,TGT,REC,9 REC YD,2PT",$11,4.2,13.40,40,2025-11-17 16:28:31,Week 11,Sunday
Matthew Stafford,QB,"SEA 19 @ LA 21, Final","130 PASS YD,2 PASS TD",$40,20.3,13.20,41,2025-11-17 16:28:31,Week 11,Sunday
Cam Ward,QB,"HOU 16 @ TEN 13, Final","194 PASS YD,PASS TD,3 RUSH ATT,33 RUSH YD,FUM LOST",$20,9.2,13.06,42,2025-11-17 16:28:31,Week 11,Sunday
Kareem Hunt,RB,"KC 19 @ DEN 22, Final","13 RUSH ATT,59 RUSH YD,RUSH TD,2 TGT,REC,3 REC YD",$19,8.9,12.70,43,2025-11-17 16:28:31,Week 11,Sunday
Bo Nix,QB,"KC 19 @ DEN 22, Final","295 PASS YD,3 RUSH ATT,8 RUSH YD,TGT",$37,18.7,12.60,44,2025-11-17 16:28:31,Week 11,Sunday
Rico Dowdle,RB,"CAR 30 @ ATL 27, Final OT","19 RUSH ATT,45 RUSH YD,7 TGT,5 REC,55 REC YD",$32,13.7,12.50,45,2025-11-17 16:28:31,Week 11,Sunday
Bam Knight,RB,"SF 41 @ ARI 22, Final","5 RUSH ATT,24 RUSH YD,RUSH TD,4 TGT,4 REC,21 REC YD",$11,6.3,12.50,46,2025-11-17 16:28:31,Week 11,Sunday
AJ Barner,TE,"SEA 19 @ LA 21, Final","2 RUSH ATT,RUSH YD,11 TGT,10 REC,70 REC YD",$12,7.7,12.10,47,2025-11-17 16:28:31,Week 11,Sunday
Jameis Winston,QB,"GB 27 @ NYG 20, Final","201 PASS YD,INT,3 RUSH ATT,10 RUSH YD,RUSH TD,FUM LOST",$20,12.0,12.04,48,2025-11-17 16:28:31,Week 11,Sunday
Jacksonville Jaguars,DEF,"LAC 6 @ JAC 35, Final","6 PTS ALLOWED,3 SACK,INT",$11,7.7,12.00,49,2025-11-17 16:28:31,Week 11,Sunday
Joe Flacco,QB,"CIN 12 @ PIT 34, Final","199 PASS YD,PASS TD,INT,RUSH ATT,-1 RUSH YD",$36,16.1,10.86,50,2025-11-17 16:28:32,Week 11,Sunday
Puka Nacua,WR,"SEA 19 @ LA 21, Final","2 RUSH ATT,18 RUSH YD,8 TGT,7 REC,75 REC YD,FUM LOST",$41,17.4,10.80,51,2025-11-17 16:28:32,Week 11,Sunday
Pat Bryant,WR,"KC 19 @ DEN 22, Final","6 TGT,5 REC,82 REC YD",$11,4.6,10.70,52,2025-11-17 16:28:32,Week 11,Sunday
Jordan Mason,RB,"CHI 19 @ MIN 17, Final","6 RUSH ATT,45 RUSH YD,RUSH TD",$18,8.7,10.50,53,2025-11-17 16:28:32,Week 11,Sunday
Troy Franklin,WR,"KC 19 @ DEN 22, Final","8 TGT,4 REC,84 REC YD",$22,9.9,10.40,54,2025-11-17 16:28:32,Week 11,Sunday
Caleb Williams,QB,"CHI 19 @ MIN 17, Final","193 PASS YD,4 RUSH ATT,26 RUSH YD",$38,19.6,10.32,55,2025-11-17 16:28:32,Week 11,Sunday
Kyle Monangai,RB,"CHI 19 @ MIN 17, Final","12 RUSH ATT,23 RUSH YD,RUSH TD,TGT,REC,14 REC YD",$19,7.4,10.20,56,2025-11-17 16:28:32,Week 11,Sunday
Zay Flowers,WR,"BAL 23 @ CLE 16, Final","RUSH ATT,5 RUSH YD,5 TGT,3 REC,78 REC YD",$26,10.4,9.80,57,2025-11-17 16:28:32,Week 11,Sunday
Van Jefferson,WR,"HOU 16 @ TEN 13, Final","7 TGT,3 REC,22 REC YD,REC TD",$10,4.2,9.70,58,2025-11-17 16:28:32,Week 11,Sunday
Aaron Jones Sr.,RB,"CHI 19 @ MIN 17, Final","16 RUSH ATT,70 RUSH YD,6 TGT,3 REC,11 REC YD",$22,9.2,9.60,59,2025-11-17 16:28:32,Week 11,Sunday
Tim Patrick,WR,"LAC 6 @ JAC 35, Final","4 TGT,3 REC,20 REC YD,REC TD",$10,3.4,9.50,60,2025-11-17 16:28:32,Week 11,Sunday
Aaron RodgersQ,QB,"CIN 12 @ PIT 34, Final","116 PASS YD,PASS TD,RUSH ATT,8 RUSH YD",$33,15.2,9.44,61,2025-11-17 16:28:32,Week 11,Sunday
Jalen Coker,WR,"CAR 30 @ ATL 27, Final OT","4 TGT,4 REC,52 REC YD,2PT",$11,3.9,9.20,62,2025-11-17 16:28:32,Week 11,Sunday
D'Andre Swift,RB,"CHI 19 @ MIN 17, Final","21 RUSH ATT,90 RUSH YD,TGT",$32,13.8,9.00,63,2025-11-17 16:28:32,Week 11,Sunday
Jordan Addison,WR,"CHI 19 @ MIN 17, Final","7 TGT,2 REC,20 REC YD,REC TD",$24,10.7,9.00,64,2025-11-17 16:28:32,Week 11,Sunday
Houston Texans,DEF,"HOU 16 @ TEN 13, Final","13 PTS ALLOWED,3 SACK,FUM REC",$18,9.7,9.00,65,2025-11-17 16:28:32,Week 11,Sunday
Los Angeles Rams,DEF,"SEA 19 @ LA 21, Final","19 PTS ALLOWED,4 INT",$17,8.5,9.00,66,2025-11-17 16:28:32,Week 11,Sunday
Baltimore Ravens,DEF,"BAL 23 @ CLE 16, Final","10 PTS ALLOWED,3 SACK,INT",$13,4.4,9.00,67,2025-11-17 16:28:32,Week 11,Sunday
Mason Rudolph,QB,"CIN 12 @ PIT 34, Final","127 PASS YD,PASS TD,RUSH ATT,-1 RUSH YD",$20,3.2,8.98,68,2025-11-17 16:28:32,Week 11,Sunday
Jakobi Meyers,WR,"LAC 6 @ JAC 35, Final","6 TGT,5 REC,64 REC YD",$21,7.4,8.90,69,2025-11-17 16:28:32,Week 11,Sunday
Darnell Washington,TE,"CIN 12 @ PIT 34, Final","5 TGT,4 REC,67 REC YD",$10,4.2,8.70,70,2025-11-17 16:28:32,Week 11,Sunday
Justin Jefferson,WR,"CHI 19 @ MIN 17, Final","9 TGT,5 REC,61 REC YD",$31,11.5,8.60,71,2025-11-17 16:28:32,Week 11,Sunday
Tyler Allgeier,RB,"CAR 30 @ ATL 27, Final OT","3 RUSH ATT,10 RUSH YD,RUSH TD,2 TGT,2 REC,6 REC YD",$17,7.6,8.60,72,2025-11-17 16:28:32,Week 11,Sunday
Colby Parkinson,TE,"SEA 19 @ LA 21, Final","2 TGT,2 REC,14 REC YD,REC TD",$10,4.3,8.40,73,2025-11-17 16:28:32,Week 11,Sunday
Sam Darnold,QB,"SEA 19 @ LA 21, Final","279 PASS YD,4 INT,2 RUSH ATT,11 RUSH YD",$34,15.7,8.26,74,2025-11-17 16:28:33,Week 11,Sunday
Sterling Shepard,WR,"TB 32 @ BUF 44, Final","RUSH ATT,7 RUSH YD,5 TGT,4 REC,54 REC YD",$10,5.8,8.10,75,2025-11-17 16:28:33,Week 11,Sunday
Dalton Schultz,TE,"HOU 16 @ TEN 13, Final","9 TGT,6 REC,51 REC YD",$18,8.0,8.10,76,2025-11-17 16:28:33,Week 11,Sunday
J.J. McCarthy,QB,"CHI 19 @ MIN 17, Final","150 PASS YD,PASS TD,2 INT",$31,14.5,8.00,77,2025-11-17 16:28:33,Week 11,Sunday
Denver Broncos,DEF,"KC 19 @ DEN 22, Final","19 PTS ALLOWED,3 SACK,INT,BLK KICK",$16,8.3,8.00,78,2025-11-17 16:28:33,Week 11,Sunday
Michael Penix Jr.D,QB,"CAR 30 @ ATL 27, Final OT","175 PASS YD,RUSH ATT,9 RUSH YD",$28,13.7,7.90,79,2025-11-17 16:28:33,Week 11,Sunday
Courtland Sutton,WR,"KC 19 @ DEN 22, Final","8 TGT,4 REC,59 REC YD",$25,10.3,7.90,80,2025-11-17 16:28:33,Week 11,Sunday
Jaleel McLaughlin,RB,"KC 19 @ DEN 22, Final","6 RUSH ATT,19 RUSH YD,RUSH TD,TGT,REC,-5 REC YD",$10,4.0,7.90,81,2025-11-17 16:28:33,Week 11,Sunday
Jaylen WarrenQ,RB,"CIN 12 @ PIT 34, Final","10 RUSH ATT,62 RUSH YD,2 TGT,2 REC,5 REC YD",$30,11.8,7.70,82,2025-11-17 16:28:33,Week 11,Sunday
Jayden Higgins,WR,"HOU 16 @ TEN 13, Final","7 TGT,4 REC,55 REC YD",$13,5.5,7.50,83,2025-11-17 16:28:33,Week 11,Sunday
DK Metcalf,WR,"CIN 12 @ PIT 34, Final","8 TGT,5 REC,49 REC YD",$24,10.4,7.40,84,2025-11-17 16:28:33,Week 11,Sunday
Jauan Jennings,WR,"SF 41 @ ARI 22, Final","6 TGT,4 REC,54 REC YD",$23,8.0,7.40,85,2025-11-17 16:28:33,Week 11,Sunday
Keenan Allen,WR,"LAC 6 @ JAC 35, Final","6 TGT,4 REC,53 REC YD",$19,10.1,7.30,86,2025-11-17 16:28:33,Week 11,Sunday
Romeo Doubs,WR,"GB 27 @ NYG 20, Final","8 TGT,4 REC,53 REC YD",$22,9.5,7.30,87,2025-11-17 16:28:33,Week 11,Sunday
Rachaad White,RB,"TB 32 @ BUF 44, Final","10 RUSH ATT,51 RUSH YD,3 TGT,2 REC,11 REC YD",$18,9.0,7.20,88,2025-11-17 16:28:33,Week 11,Sunday
Chig Okonkwo,TE,"HOU 16 @ TEN 13, Final","3 TGT,3 REC,56 REC YD",$10,5.0,7.10,89,2025-11-17 16:28:33,Week 11,Sunday
Cole Kmet,TE,"CHI 19 @ MIN 17, Final","5 TGT,5 REC,45 REC YD",$10,3.7,7.00,90,2025-11-17 16:28:33,Week 11,Sunday
Green Bay Packers,DEF,"GB 27 @ NYG 20, Final","20 PTS ALLOWED,2 SACK,INT,FUM REC",$11,5.2,7.00,91,2025-11-17 16:28:33,Week 11,Sunday
Rashee Rice,WR,"KC 19 @ DEN 22, Final","9 TGT,6 REC,38 REC YD",$36,16.0,6.80,92,2025-11-17 16:28:33,Week 11,Sunday
Lamar Jackson,QB,"BAL 23 @ CLE 16, Final","193 PASS YD,2 INT,4 RUSH ATT,10 RUSH YD",$42,20.5,6.72,93,2025-11-17 16:28:33,Week 11,Sunday
Josh Whyle,TE,"GB 27 @ NYG 20, Final","TGT,REC,2 REC YD,REC TD",$10,6.7,6.70,94,2025-11-17 16:28:33,Week 11,Sunday
Cedric Tillman,WR,"BAL 23 @ CLE 16, Final","4 TGT,3 REC,52 REC YD",$16,6.1,6.70,95,2025-11-17 16:28:33,Week 11,Sunday
Davante Adams,WR,"SEA 19 @ LA 21, Final","8 TGT,REC,REC YD,REC TD",$34,13.8,6.60,96,2025-11-17 16:28:33,Week 11,Sunday
Tyquan Thornton,WR,"KC 19 @ DEN 22, Final","2 TGT,REC,61 REC YD",$10,7.8,6.60,97,2025-11-17 16:28:33,Week 11,Sunday
Emeka Egbuka,WR,"TB 32 @ BUF 44, Final","9 TGT,5 REC,40 REC YD",$34,13.3,6.50,98,2025-11-17 16:28:33,Week 11,Sunday
RJ Harvey,RB,"KC 19 @ DEN 22, Final","11 RUSH ATT,30 RUSH YD,3 TGT,3 REC,20 REC YD",$21,8.5,6.50,99,2025-11-17 16:28:33,Week 11,Sunday
Keaton Mitchell,RB,"BAL 23 @ CLE 16, Final","6 RUSH ATT,31 RUSH YD,3 TGT,2 REC,23 REC YD",$10,3.0,6.40,100,2025-11-17 16:28:34,Week 11,Sunday
San Francisco 49ers,DEF,"SF 41 @ ARI 22, Final","22 PTS ALLOWED,2 INT,FUM REC",$10,3.7,6.00,101,2025-11-17 16:28:34,Week 11,Sunday
Hollywood Brown,WR,"KC 19 @ DEN 22, Final","4 TGT,4 REC,40 REC YD",$15,8.6,6.00,102,2025-11-17 16:28:34,Week 11,Sunday
Tyjae Spears,RB,"HOU 16 @ TEN 13, Final","4 RUSH ATT,3 RUSH YD,5 TGT,5 REC,31 REC YD",$17,7.2,5.90,103,2025-11-17 16:28:34,Week 11,Sunday
Tommy Tremble,TE,"CAR 30 @ ATL 27, Final OT","2 TGT,REC,54 REC YD",$10,3.4,5.90,104,2025-11-17 16:28:34,Week 11,Sunday
Quinshon Judkins,RB,"BAL 23 @ CLE 16, Final","17 RUSH ATT,59 RUSH YD,2 TGT",$28,11.8,5.90,105,2025-11-17 16:28:34,Week 11,Sunday
Malik Willis,QB,"GB 27 @ NYG 20, Final","6 PASS YD,PASS TD,RUSH ATT,16 RUSH YD",$20,5.8,5.84,106,2025-11-17 16:28:34,Week 11,Sunday
Xavier Hutchinson,WR,"HOU 16 @ TEN 13, Final","5 TGT,3 REC,42 REC YD",$13,6.3,5.70,107,2025-11-17 16:28:34,Week 11,Sunday
Zach Charbonnet,RB,"SEA 19 @ LA 21, Final","11 RUSH ATT,37 RUSH YD,2 TGT,2 REC,10 REC YD",$20,9.1,5.70,108,2025-11-17 16:28:34,Week 11,Sunday
Wan'Dale Robinson,WR,"GB 27 @ NYG 20, Final","9 TGT,4 REC,36 REC YD",$24,9.5,5.60,109,2025-11-17 16:28:34,Week 11,Sunday
Woody Marks,RB,"HOU 16 @ TEN 13, Final","18 RUSH ATT,44 RUSH YD,TGT,REC,7 REC YD",$22,8.6,5.60,110,2025-11-17 16:28:34,Week 11,Sunday
Gabe Davis,WR,"TB 32 @ BUF 44, Final","4 TGT,3 REC,40 REC YD",$10,5.5,5.50,111,2025-11-17 16:28:34,Week 11,Sunday
Colston Loveland,TE,"CHI 19 @ MIN 17, Final","4 TGT,3 REC,40 REC YD",$14,6.3,5.50,112,2025-11-17 16:28:34,Week 11,Sunday
T.J. Hockenson,TE,"CHI 19 @ MIN 17, Final","6 TGT,3 REC,39 REC YD",$13,5.7,5.40,113,2025-11-17 16:28:34,Week 11,Sunday
Michael Carter,RB,"SF 41 @ ARI 22, Final","2 RUSH ATT,6 RUSH YD,7 TGT,5 REC,22 REC YD",$10,5.6,5.30,114,2025-11-17 16:28:34,Week 11,Sunday
Evan Engram,TE,"KC 19 @ DEN 22, Final","5 TGT,4 REC,33 REC YD",$11,4.9,5.30,115,2025-11-17 16:28:34,Week 11,Sunday
Oronde Gadsden,TE,"LAC 6 @ JAC 35, Final","5 TGT,2 REC,41 REC YD",$20,8.8,5.10,116,2025-11-17 16:28:34,Week 11,Sunday
Rome Odunze,WR,"CHI 19 @ MIN 17, Final","6 TGT,2 REC,41 REC YD",$27,11.6,5.10,117,2025-11-17 16:28:34,Week 11,Sunday
Theo Johnson,TE,"GB 27 @ NYG 20, Final","4 TGT,3 REC,36 REC YD",$17,7.5,5.10,118,2025-11-17 16:28:34,Week 11,Sunday
Chicago Bears,DEF,"CHI 19 @ MIN 17, Final","17 PTS ALLOWED,2 INT",$15,6.8,5.00,119,2025-11-17 16:28:34,Week 11,Sunday
Tennessee Titans,DEF,"HOU 16 @ TEN 13, Final","16 PTS ALLOWED,4 SACK",$13,6.0,5.00,120,2025-11-17 16:28:34,Week 11,Sunday
Gunnar Helm,TE,"HOU 16 @ TEN 13, Final","5 TGT,4 REC,29 REC YD",$10,4.0,4.90,121,2025-11-17 16:28:34,Week 11,Sunday
Darnell Mooney,WR,"CAR 30 @ ATL 27, Final OT","7 TGT,3 REC,34 REC YD",$15,3.8,4.90,122,2025-11-17 16:28:34,Week 11,Sunday
Ja'Marr Chase,WR,"CIN 12 @ PIT 34, Final","10 TGT,3 REC,30 REC YD",$41,15.4,4.50,123,2025-11-17 16:28:34,Week 11,Sunday
Justin Herbert,QB,"LAC 6 @ JAC 35, Final","81 PASS YD,INT,3 RUSH ATT,21 RUSH YD",$41,19.6,4.34,124,2025-11-17 16:28:35,Week 11,Sunday
Luther Burden III,WR,"CHI 19 @ MIN 17, Final","5 TGT,3 REC,27 REC YD",$10,4.6,4.20,125,2025-11-17 16:28:35,Week 11,Sunday
Ja'Tavion Sanders,TE,"CAR 30 @ ATL 27, Final OT","4 TGT,4 REC,22 REC YD",$10,3.6,4.20,126,2025-11-17 16:28:35,Week 11,Sunday
Tony Pollard,RB,"HOU 16 @ TEN 13, Final","10 RUSH ATT,22 RUSH YD,3 TGT,3 REC,4 REC YD",$20,8.4,4.10,127,2025-11-17 16:28:35,Week 11,Sunday
Noah Fant,TE,"CIN 12 @ PIT 34, Final","6 TGT,5 REC,36 REC YD,FUM LOST",$12,6.8,4.10,128,2025-11-17 16:28:35,Week 11,Sunday
Buffalo Bills,DEF,"TB 32 @ BUF 44, Final","32 PTS ALLOWED,SACK,INT,FUM REC",$13,5.7,4.00,129,2025-11-17 16:28:35,Week 11,Sunday
Josh JacobsQ,RB,"GB 27 @ NYG 20, Final","7 RUSH ATT,40 RUSH YD,TGT",$43,16.7,4.00,130,2025-11-17 16:28:35,Week 11,Sunday
Atlanta Falcons,DEF,"CAR 30 @ ATL 27, Final OT","30 PTS ALLOWED,5 SACK",$14,6.6,4.00,131,2025-11-17 16:28:35,Week 11,Sunday
Xavier Worthy,WR,"KC 19 @ DEN 22, Final","5 TGT,3 REC,25 REC YD",$22,6.9,4.00,132,2025-11-17 16:28:35,Week 11,Sunday
Rashid Shaheed,WR,"SEA 19 @ LA 21, Final","RUSH ATT,2 RUSH YD,5 TGT,2 REC,27 REC YD",$20,8.1,3.90,133,2025-11-17 16:28:35,Week 11,Sunday
Cade Otton,TE,"TB 32 @ BUF 44, Final","5 TGT,2 REC,28 REC YD",$14,6.3,3.80,134,2025-11-17 16:28:35,Week 11,Sunday
Savion Williams,WR,"GB 27 @ NYG 20, Final","TGT,REC,33 REC YD",$10,2.0,3.80,135,2025-11-17 16:28:35,Week 11,Sunday
Mitchell Evans,TE,"CAR 30 @ ATL 27, Final OT","2 TGT,2 REC,28 REC YD",$10,3.7,3.80,136,2025-11-17 16:28:35,Week 11,Sunday
Cooper Kupp,WR,"SEA 19 @ LA 21, Final","7 TGT,3 REC,23 REC YD",$15,6.5,3.80,137,2025-11-17 16:28:35,Week 11,Sunday
Tanner Hudson,TE,"CIN 12 @ PIT 34, Final","3 TGT,3 REC,22 REC YD",$10,4.8,3.70,138,2025-11-17 16:28:35,Week 11,Sunday
LeQuint Allen Jr.,RB,"LAC 6 @ JAC 35, Final","8 RUSH ATT,36 RUSH YD",$10,1.4,3.60,139,2025-11-17 16:28:35,Week 11,Sunday
Kyle Juszczyk,RB,"SF 41 @ ARI 22, Final","2 TGT,2 REC,26 REC YD",$10,2.8,3.60,140,2025-11-17 16:28:35,Week 11,Sunday
Jerry Jeudy,WR,"BAL 23 @ CLE 16, Final","7 TGT,3 REC,21 REC YD",$18,5.7,3.60,141,2025-11-17 16:28:35,Week 11,Sunday
Harold Fannin Jr.,TE,"BAL 23 @ CLE 16, Final","5 TGT,2 REC,26 REC YD",$15,7.7,3.60,142,2025-11-17 16:28:35,Week 11,Sunday
Johnny Mundt,TE,"LAC 6 @ JAC 35, Final","3 TGT,2 REC,25 REC YD",$10,1.5,3.50,143,2025-11-17 16:28:35,Week 11,Sunday
Andrei Iosivas,WR,"CIN 12 @ PIT 34, Final","4 TGT,3 REC,20 REC YD",$12,5.3,3.50,144,2025-11-17 16:28:35,Week 11,Sunday
Chuba Hubbard,RB,"CAR 30 @ ATL 27, Final OT","4 RUSH ATT,21 RUSH YD,3 TGT,REC,7 REC YD",$16,8.1,3.30,145,2025-11-17 16:28:35,Week 11,Sunday
Parker Washington,WR,"LAC 6 @ JAC 35, Final","2 TGT,2 REC,20 REC YD",$18,7.4,3.00,146,2025-11-17 16:28:35,Week 11,Sunday
Minnesota Vikings,DEF,"CHI 19 @ MIN 17, Final","19 PTS ALLOWED,2 SACK",$12,6.3,3.00,147,2025-11-17 16:28:35,Week 11,Sunday
Emari DemercadoQ,RB,"SF 41 @ ARI 22, Final","5 RUSH ATT,8 RUSH YD,3 TGT,2 REC,12 REC YD",$13,4.8,3.00,148,2025-11-17 16:28:35,Week 11,Sunday
Dillon GabrielQ,QB,"BAL 23 @ CLE 16, Final","68 PASS YD,2 RUSH ATT,2 RUSH YD",$22,9.0,2.92,149,2025-11-17 16:28:36,Week 11,Sunday
Curtis Samuel,WR,"TB 32 @ BUF 44, Final","3 TGT,2 REC,19 REC YD",$10,2.9,2.90,150,2025-11-17 16:28:36,Week 11,Sunday
Matthew Golden,WR,"GB 27 @ NYG 20, Final","3 TGT,REC,24 REC YD",$21,5.0,2.90,151,2025-11-17 16:28:36,Week 11,Sunday
Ladd McConkey,WR,"LAC 6 @ JAC 35, Final","4 TGT,3 REC,13 REC YD",$29,10.5,2.80,152,2025-11-17 16:28:36,Week 11,Sunday
Dawson Knox,TE,"TB 32 @ BUF 44, Final","3 TGT,REC,23 REC YD",$10,3.4,2.80,153,2025-11-17 16:28:36,Week 11,Sunday
Jalin Hyatt,WR,"GB 27 @ NYG 20, Final","4 TGT,2 REC,18 REC YD",$10,1.2,2.80,154,2025-11-17 16:28:36,Week 11,Sunday
Tyler HigbeeQ,TE,"SEA 19 @ LA 21, Final","2 TGT,REC,23 REC YD",$12,5.1,2.80,155,2025-11-17 16:28:36,Week 11,Sunday
Joshua Palmer,WR,"TB 32 @ BUF 44, Final","5 TGT,2 REC,17 REC YD",$12,4.7,2.70,156,2025-11-17 16:28:36,Week 11,Sunday
Brycen Tremayne,WR,"CAR 30 @ ATL 27, Final OT","2 TGT,2 REC,17 REC YD",$10,2.1,2.70,157,2025-11-17 16:28:36,Week 11,Sunday
DJ Moore,WR,"CHI 19 @ MIN 17, Final","RUSH ATT,3 RUSH YD,3 TGT,REC,18 REC YD",$22,7.7,2.60,158,2025-11-17 16:28:36,Week 11,Sunday
Xavier Weaver,WR,"SF 41 @ ARI 22, Final","3 TGT,2 REC,15 REC YD",$10,0.8,2.50,159,2025-11-17 16:28:36,Week 11,Sunday
Isaiah Likely,TE,"BAL 23 @ CLE 16, Final","3 TGT,2 REC,15 REC YD",$10,3.0,2.50,160,2025-11-17 16:28:36,Week 11,Sunday
Shedeur Sanders,QB,"BAL 23 @ CLE 16, Final","47 PASS YD,INT,3 RUSH ATT,16 RUSH YD",$20,2.5,2.48,161,2025-11-17 16:28:36,Week 11,Sunday
Chimere DikeQ,WR,"HOU 16 @ TEN 13, Final","3 TGT,2 REC,14 REC YD",$13,4.6,2.40,162,2025-11-17 16:28:36,Week 11,Sunday
Kyle Pitts Sr.,TE,"CAR 30 @ ATL 27, Final OT","3 TGT,2 REC,14 REC YD",$16,7.3,2.40,163,2025-11-17 16:28:36,Week 11,Sunday
Pat Freiermuth,TE,"CIN 12 @ PIT 34, Final","TGT,REC,19 REC YD",$16,6.4,2.40,164,2025-11-17 16:28:36,Week 11,Sunday
Brian Robinson Jr.,RB,"SF 41 @ ARI 22, Final","8 RUSH ATT,24 RUSH YD,TGT",$10,3.9,2.40,165,2025-11-17 16:28:36,Week 11,Sunday
Kimani Vidal,RB,"LAC 6 @ JAC 35, Final","5 RUSH ATT,13 RUSH YD,2 TGT,2 REC,-1 REC YD",$25,8.9,2.20,166,2025-11-17 16:28:36,Week 11,Sunday
Roman Wilson,WR,"CIN 12 @ PIT 34, Final","2 TGT,REC,17 REC YD",$11,4.7,2.20,167,2025-11-17 16:28:36,Week 11,Sunday
Kirk Cousins,QB,"CAR 30 @ ATL 27, Final OT","48 PASS YD,RUSH ATT,2 RUSH YD",$20,3.5,2.12,168,2025-11-17 16:28:36,Week 11,Sunday
Jalen Nailor,WR,"CHI 19 @ MIN 17, Final","TGT,REC,16 REC YD",$14,5.7,2.10,169,2025-11-17 16:28:36,Week 11,Sunday
Elic AyomanorQ,WR,"HOU 16 @ TEN 13, Final","6 TGT,2 REC,11 REC YD",$14,5.9,2.10,170,2025-11-17 16:28:36,Week 11,Sunday
Tampa Bay Buccaneers,DEF,"TB 32 @ BUF 44, Final","44 PTS ALLOWED,2 INT,FUM REC",$16,7.2,2.00,171,2025-11-17 16:28:36,Week 11,Sunday
New York Giants,DEF,"GB 27 @ NYG 20, Final","27 PTS ALLOWED,2 SACK",$10,2.5,2.00,172,2025-11-17 16:28:36,Week 11,Sunday
Carolina Panthers,DEF,"CAR 30 @ ATL 27, Final OT","27 PTS ALLOWED,FUM REC",$11,5.3,2.00,173,2025-11-17 16:28:36,Week 11,Sunday
Seattle Seahawks,DEF,"SEA 19 @ LA 21, Final","21 PTS ALLOWED,FUM REC",$19,9.8,2.00,174,2025-11-17 16:28:37,Week 11,Sunday
Kansas City Chiefs,DEF,"KC 19 @ DEN 22, Final","22 PTS ALLOWED,2 SACK",$12,6.2,2.00,175,2025-11-17 16:28:37,Week 11,Sunday
Rasheen Ali,RB,"BAL 23 @ CLE 16, Final","TGT,REC,15 REC YD",$10,0.3,2.00,176,2025-11-17 16:28:37,Week 11,Sunday
Mason Kinsey,WR,"HOU 16 @ TEN 13, Final","3 TGT,REC,14 REC YD",$10,0.6,1.90,177,2025-11-17 16:28:37,Week 11,Sunday
Noah Gray,TE,"KC 19 @ DEN 22, Final","3 TGT,2 REC,9 REC YD",$10,1.9,1.90,178,2025-11-17 16:28:37,Week 11,Sunday
Adam Prentice,RB,"KC 19 @ DEN 22, Final","2 TGT,REC,14 REC YD",$10,0.8,1.90,179,2025-11-17 16:28:37,Week 11,Sunday
Malachi Corley,WR,"BAL 23 @ CLE 16, Final","2 TGT,2 REC,9 REC YD",$10,2.4,1.90,180,2025-11-17 16:28:37,Week 11,Sunday
Dylan Sampson,RB,"BAL 23 @ CLE 16, Final","RUSH ATT,19 RUSH YD,TGT",$10,3.7,1.90,181,2025-11-17 16:28:37,Week 11,Sunday
Austin Trammell,WR,"LAC 6 @ JAC 35, Final","TGT,REC,13 REC YD",$10,2.0,1.80,182,2025-11-17 16:28:37,Week 11,Sunday
Calvin RidleyO,WR,"HOU 16 @ TEN 13, Final","TGT,REC,13 REC YD",$19,5.5,1.80,183,2025-11-17 16:28:37,Week 11,Sunday
Demarcus Robinson,WR,"SF 41 @ ARI 22, Final","2 TGT,REC,13 REC YD",$10,2.9,1.80,184,2025-11-17 16:28:37,Week 11,Sunday
Brashard Smith,RB,"KC 19 @ DEN 22, Final","3 TGT,2 REC,8 REC YD",$10,2.9,1.80,185,2025-11-17 16:28:37,Week 11,Sunday
Tre' Harris,WR,"LAC 6 @ JAC 35, Final","TGT,REC,12 REC YD",$10,2.8,1.70,186,2025-11-17 16:28:37,Week 11,Sunday
Nick Chubb,RB,"HOU 16 @ TEN 13, Final","3 RUSH ATT,17 RUSH YD,2 TGT",$15,6.5,1.70,187,2025-11-17 16:28:37,Week 11,Sunday
Jaylin Noel,WR,"HOU 16 @ TEN 13, Final","TGT,REC,12 REC YD",$10,3.7,1.70,188,2025-11-17 16:28:37,Week 11,Sunday
Quintin Morris,TE,"LAC 6 @ JAC 35, Final","3 TGT,REC,11 REC YD",$10,0.4,1.60,189,2025-11-17 16:28:37,Week 11,Sunday
David Sills V,WR,"CAR 30 @ ATL 27, Final OT","2 TGT,REC,11 REC YD",$10,1.1,1.60,190,2025-11-17 16:28:37,Week 11,Sunday
DeAndre Hopkins,WR,"BAL 23 @ CLE 16, Final","4 TGT,REC,11 REC YD",$10,4.0,1.60,191,2025-11-17 16:28:37,Week 11,Sunday
Trey Lance,QB,"LAC 6 @ JAC 35, Final","37 PASS YD,3 RUSH ATT,RUSH YD",$20,2.2,1.58,192,2025-11-17 16:28:37,Week 11,Sunday
Kaleb Johnson,RB,"CIN 12 @ PIT 34, Final","5 RUSH ATT,15 RUSH YD",$10,1.0,1.50,193,2025-11-17 16:28:37,Week 11,Sunday
Dontayvion Wicks,WR,"GB 27 @ NYG 20, Final","2 TGT,REC,9 REC YD",$10,3.4,1.40,194,2025-11-17 16:28:37,Week 11,Sunday
Dare Ogunbowale,RB,"HOU 16 @ TEN 13, Final","TGT,REC,9 REC YD",$10,0.7,1.40,195,2025-11-17 16:28:37,Week 11,Sunday
Jordan Whittington,WR,"SEA 19 @ LA 21, Final","TGT,REC,9 REC YD",$10,2.6,1.40,196,2025-11-17 16:28:37,Week 11,Sunday
Durham Smythe,TE,"CHI 19 @ MIN 17, Final","3 TGT,REC,8 REC YD",$10,1.3,1.30,197,2025-11-17 16:28:37,Week 11,Sunday
Xavier SmithQ,WR,"SEA 19 @ LA 21, Final","2 TGT,REC,8 REC YD",$10,1.2,1.30,198,2025-11-17 16:28:37,Week 11,Sunday
Adam Trautman,TE,"KC 19 @ DEN 22, Final","TGT,REC,8 REC YD",$10,3.0,1.30,199,2025-11-17 16:28:37,Week 11,Sunday
David Njoku,TE,"BAL 23 @ CLE 16, Final","2 TGT,REC,7 REC YD",$17,6.9,1.20,200,2025-11-17 16:28:38,Week 11,Sunday
Tez Johnson,WR,"TB 32 @ BUF 44, Final","3 RUSH ATT,3 TGT,REC,6 REC YD",$17,6.8,1.10,201,2025-11-17 16:28:38,Week 11,Sunday
Adam Thielen,WR,"CHI 19 @ MIN 17, Final","2 TGT,REC,6 REC YD",$10,1.6,1.10,202,2025-11-17 16:28:38,Week 11,Sunday
Christian Kirk,WR,"HOU 16 @ TEN 13, Final","4 TGT,REC,6 REC YD",$15,3.7,1.10,203,2025-11-17 16:28:38,Week 11,Sunday
John FitzPatrick,TE,"GB 27 @ NYG 20, Final","TGT,REC,5 REC YD",$10,2.0,1.00,204,2025-11-17 16:28:38,Week 11,Sunday
Calvin Austin III,WR,"CIN 12 @ PIT 34, Final","TGT,REC,5 REC YD",$15,5.9,1.00,205,2025-11-17 16:28:38,Week 11,Sunday
Cincinnati Bengals,DEF,"CIN 12 @ PIT 34, Final","22 PTS ALLOWED,SACK",$10,2.3,1.00,206,2025-11-17 16:28:38,Week 11,Sunday
Blake Corum,RB,"SEA 19 @ LA 21, Final","8 RUSH ATT,10 RUSH YD,2 TGT,REC,-5 REC YD",$10,4.1,1.00,207,2025-11-17 16:28:38,Week 11,Sunday
Chris Brooks,RB,"GB 27 @ NYG 20, Final","RUSH ATT,8 RUSH YD",$10,1.1,0.80,208,2025-11-17 16:28:38,Week 11,Sunday
Isaiah Bond,WR,"BAL 23 @ CLE 16, Final","RUSH ATT,8 RUSH YD,TGT",$10,2.4,0.80,209,2025-11-17 16:28:38,Week 11,Sunday
George Holani,RB,"SEA 19 @ LA 21, Final","2 RUSH ATT,6 RUSH YD",$10,2.0,0.60,210,2025-11-17 16:28:38,Week 11,Sunday
Robert Tonyan,TE,"KC 19 @ DEN 22, Final","TGT,REC,REC YD",$10,0.3,0.60,211,2025-11-17 16:28:38,Week 11,Sunday
Tahj Brooks,RB,"CIN 12 @ PIT 34, Final","RUSH ATT,5 RUSH YD",$10,0.3,0.50,212,2025-11-17 16:28:38,Week 11,Sunday
Ricky Pearsall,WR,"SF 41 @ ARI 22, Final","3 TGT,REC",$21,7.1,0.50,213,2025-11-17 16:28:38,Week 11,Sunday
Tyler Badie,RB,"KC 19 @ DEN 22, Final","TGT,REC",$10,1.5,0.50,214,2025-11-17 16:28:38,Week 11,Sunday
Trayveon Williams,RB,"LAC 6 @ JAC 35, Final","3 RUSH ATT,-1 RUSH YD,TGT,REC",$10,0.2,0.40,215,2025-11-17 16:28:38,Week 11,Sunday
Luke Musgrave,TE,"GB 27 @ NYG 20, Final","2 TGT,REC,-1 REC YD",$10,2.2,0.40,216,2025-11-17 16:28:38,Week 11,Sunday
Connor Heyward,TE,"CIN 12 @ PIT 34, Final","2 RUSH ATT,3 RUSH YD",$10,1.2,0.30,217,2025-11-17 16:28:38,Week 11,Sunday
Khalil Shakir,WR,"TB 32 @ BUF 44, Final","3 TGT,REC,-3 REC YD",$23,8.7,0.20,218,2025-11-17 16:28:38,Week 11,Sunday
Josh Oliver,TE,"CHI 19 @ MIN 17, Final","TGT,REC,-3 REC YD",$10,3.5,0.20,219,2025-11-17 16:28:38,Week 11,Sunday
Trevor Etienne,RB,"CAR 30 @ ATL 27, Final OT","RUSH ATT,2 RUSH YD",$10,1.0,0.20,220,2025-11-17 16:28:38,Week 11,Sunday
Marvin Mims Jr.,WR,"KC 19 @ DEN 22, Final","RUSH ATT,2 RUSH YD",$14,5.0,0.20,221,2025-11-17 16:28:38,Week 11,Sunday
Jerome Ford,RB,"BAL 23 @ CLE 16, Final","RUSH ATT,2 RUSH YD",$10,2.6,0.20,222,2025-11-17 16:28:38,Week 11,Sunday
Elijah Higgins,TE,"SF 41 @ ARI 22, Final","3 TGT,2 REC,11 REC YD,FUM LOST",$10,2.2,0.10,223,2025-11-17 16:28:38,Week 11,Sunday
Will Dissly,TE,"LAC 6 @ JAC 35, Final",,$10,1.6,0.00,224,2025-11-17 16:28:38,Week 11,Sunday
Tyler Conklin,TE,"LAC 6 @ JAC 35, Final",,$10,2.5,0.00,225,2025-11-17 16:28:39,Week 11,Sunday
Tucker Fisk,TE,"LAC 6 @ JAC 35, Final",,$10,0.7,0.00,226,2025-11-17 16:28:39,Week 11,Sunday
Quentin Johnston,WR,"LAC 6 @ JAC 35, Final",3 TGT,$21,11.5,0.00,227,2025-11-17 16:28:39,Week 11,Sunday
Derius Davis,WR,"LAC 6 @ JAC 35, Final",TGT,$10,-0.1,0.00,228,2025-11-17 16:28:39,Week 11,Sunday
Scott Matlock,RB,"LAC 6 @ JAC 35, Final",,$10,3.7,0.00,229,2025-11-17 16:28:39,Week 11,Sunday
KeAndre Lambert-Smith,WR,"LAC 6 @ JAC 35, Final",,$10,0.1,0.00,230,2025-11-17 16:28:39,Week 11,Sunday
Nick Mullens,QB,"LAC 6 @ JAC 35, Final",,$20,0.3,0.00,231,2025-11-17 16:28:39,Week 11,Sunday
Hunter LongO,TE,"LAC 6 @ JAC 35, Final",,$10,3.8,0.00,232,2025-11-17 16:28:39,Week 11,Sunday
Dyami Brown,WR,"LAC 6 @ JAC 35, Final",TGT,$15,4.4,0.00,233,2025-11-17 16:28:39,Week 11,Sunday
Brian Thomas Jr.O,WR,"LAC 6 @ JAC 35, Final",,$25,8.8,0.00,234,2025-11-17 16:28:39,Week 11,Sunday
Cody Schrader,RB,"LAC 6 @ JAC 35, Final",,$10,0.7,0.00,235,2025-11-17 16:28:39,Week 11,Sunday
Jaret Patterson,RB,"LAC 6 @ JAC 35, Final",,$10,2.5,0.00,236,2025-11-17 16:28:39,Week 11,Sunday
Tim Jones,WR,"LAC 6 @ JAC 35, Final",,$10,1.0,0.00,237,2025-11-17 16:28:39,Week 11,Sunday
Brenton StrangeIR,TE,"LAC 6 @ JAC 35, Final",,$12,6.1,0.00,238,2025-11-17 16:28:39,Week 11,Sunday
Chris Godwin Jr.O,WR,"TB 32 @ BUF 44, Final",,$28,4.1,0.00,239,2025-11-17 16:28:39,Week 11,Sunday
Payne Durham,TE,"TB 32 @ BUF 44, Final",,$10,—,0.00,240,2025-11-17 16:28:39,Week 11,Sunday
Ryan Miller,WR,"TB 32 @ BUF 44, Final",,$10,1.5,0.00,241,2025-11-17 16:28:39,Week 11,Sunday
Bucky IrvingO,RB,"TB 32 @ BUF 44, Final",,$30,15.6,0.00,242,2025-11-17 16:28:39,Week 11,Sunday
Devin Culp,TE,"TB 32 @ BUF 44, Final",,$10,5.7,0.00,243,2025-11-17 16:28:39,Week 11,Sunday
Kameron Johnson,WR,"TB 32 @ BUF 44, Final",,$10,1.6,0.00,244,2025-11-17 16:28:39,Week 11,Sunday
Josh WilliamsSUSP,RB,"TB 32 @ BUF 44, Final",,$10,0.6,0.00,245,2025-11-17 16:28:39,Week 11,Sunday
Mitchell Trubisky,QB,"TB 32 @ BUF 44, Final",,$20,0.8,0.00,246,2025-11-17 16:28:39,Week 11,Sunday
Reggie Gilliam,RB,"TB 32 @ BUF 44, Final",,$10,—,0.00,247,2025-11-17 16:28:39,Week 11,Sunday
Elijah Moore,WR,"TB 32 @ BUF 44, Final",,$10,3.0,0.00,248,2025-11-17 16:28:39,Week 11,Sunday
Dalton KincaidO,TE,"TB 32 @ BUF 44, Final",,$16,10.4,0.00,249,2025-11-17 16:28:39,Week 11,Sunday
Keon Coleman,WR,"TB 32 @ BUF 44, Final",,$16,7.2,0.00,250,2025-11-17 16:28:40,Week 11,Sunday
Ray Davis,RB,"TB 32 @ BUF 44, Final",,$10,1.4,0.00,251,2025-11-17 16:28:40,Week 11,Sunday
Jackson Hawes,TE,"TB 32 @ BUF 44, Final",,$10,3.9,0.00,252,2025-11-17 16:28:40,Week 11,Sunday
Jalen McMillanIR,WR,"TB 32 @ BUF 44, Final",,$14,—,0.00,253,2025-11-17 16:28:40,Week 11,Sunday
Case Keenum,QB,"CHI 19 @ MIN 17, Final",,$20,—,0.00,254,2025-11-17 16:28:40,Week 11,Sunday
Olamide Zaccheaus,WR,"CHI 19 @ MIN 17, Final",,$13,5.5,0.00,255,2025-11-17 16:28:40,Week 11,Sunday
Devin Duvernay,WR,"CHI 19 @ MIN 17, Final",,$10,0.1,0.00,256,2025-11-17 16:28:40,Week 11,Sunday
Roschon Johnson,RB,"CHI 19 @ MIN 17, Final",,$10,0.3,0.00,257,2025-11-17 16:28:40,Week 11,Sunday
Tyson Bagent,QB,"CHI 19 @ MIN 17, Final",,$20,1.3,0.00,258,2025-11-17 16:28:40,Week 11,Sunday
Jahdae WalkerO,WR,"CHI 19 @ MIN 17, Final",,$10,—,0.00,259,2025-11-17 16:28:40,Week 11,Sunday
C.J. Ham,RB,"CHI 19 @ MIN 17, Final",,$10,0.3,0.00,260,2025-11-17 16:28:40,Week 11,Sunday
Ben Sims,TE,"CHI 19 @ MIN 17, Final",,$10,1.5,0.00,261,2025-11-17 16:28:40,Week 11,Sunday
Zavier Scott,RB,"CHI 19 @ MIN 17, Final",,$10,3.9,0.00,262,2025-11-17 16:28:40,Week 11,Sunday
Tai Felton,WR,"CHI 19 @ MIN 17, Final",,$10,0.3,0.00,263,2025-11-17 16:28:40,Week 11,Sunday
Gavin BartholomewPUP,TE,"CHI 19 @ MIN 17, Final",,$10,—,0.00,264,2025-11-17 16:28:40,Week 11,Sunday
Max Brosmer,QB,"CHI 19 @ MIN 17, Final",,$20,0.5,0.00,265,2025-11-17 16:28:40,Week 11,Sunday
Myles Price,WR,"CHI 19 @ MIN 17, Final",,$10,—,0.00,266,2025-11-17 16:28:40,Week 11,Sunday
Ben Yurosek,TE,"CHI 19 @ MIN 17, Final",,$10,0.3,0.00,267,2025-11-17 16:28:40,Week 11,Sunday
Corey Kiner,RB,"CHI 19 @ MIN 17, Final",,$10,—,0.00,268,2025-11-17 16:28:40,Week 11,Sunday
Stephen Carlson,TE,"CHI 19 @ MIN 17, Final",,$10,—,0.00,269,2025-11-17 16:28:40,Week 11,Sunday
Ty ChandlerIR,RB,"CHI 19 @ MIN 17, Final",,$10,—,0.00,270,2025-11-17 16:28:40,Week 11,Sunday
Malik Heath,WR,"GB 27 @ NYG 20, Final",,$10,2.9,0.00,271,2025-11-17 16:28:40,Week 11,Sunday
Russell Wilson,QB,"GB 27 @ NYG 20, Final",,$20,8.8,0.00,272,2025-11-17 16:28:40,Week 11,Sunday
Chris Manhertz,TE,"GB 27 @ NYG 20, Final",,$10,0.6,0.00,273,2025-11-17 16:28:40,Week 11,Sunday
Darius SlaytonO,WR,"GB 27 @ NYG 20, Final",,$20,5.5,0.00,274,2025-11-17 16:28:40,Week 11,Sunday
Gunner Olszewski,WR,"GB 27 @ NYG 20, Final",,$10,0.8,0.00,275,2025-11-17 16:28:40,Week 11,Sunday
Daniel Bellinger,TE,"GB 27 @ NYG 20, Final",TGT,$10,4.0,0.00,276,2025-11-17 16:28:41,Week 11,Sunday
Eric GrayPUP,RB,"GB 27 @ NYG 20, Final",,$10,—,0.00,277,2025-11-17 16:28:41,Week 11,Sunday
Jaxson DartO,QB,"GB 27 @ NYG 20, Final",,$36,18.2,0.00,278,2025-11-17 16:28:41,Week 11,Sunday
Thomas Fidone II,TE,"GB 27 @ NYG 20, Final",,$10,—,0.00,279,2025-11-17 16:28:41,Week 11,Sunday
Beaux CollinsIR,WR,"GB 27 @ NYG 20, Final",,$10,0.9,0.00,280,2025-11-17 16:28:41,Week 11,Sunday
Ray-Ray McCloud,WR,"GB 27 @ NYG 20, Final",,$10,2.1,0.00,281,2025-11-17 16:28:41,Week 11,Sunday
MarShawn LloydIR,RB,"GB 27 @ NYG 20, Final",,$10,—,0.00,282,2025-11-17 16:28:41,Week 11,Sunday
Jayden ReedIR,WR,"GB 27 @ NYG 20, Final",,$16,6.0,0.00,283,2025-11-17 16:28:41,Week 11,Sunday
Braxton Berrios,WR,"HOU 16 @ TEN 13, Final",,$10,1.7,0.00,284,2025-11-17 16:28:41,Week 11,Sunday
Harrison BryantIR,TE,"HOU 16 @ TEN 13, Final",,$10,0.3,0.00,285,2025-11-17 16:28:41,Week 11,Sunday
Dameon Pierce,RB,"HOU 16 @ TEN 13, Final",,$10,0.7,0.00,286,2025-11-17 16:28:41,Week 11,Sunday
C.J. StroudO,QB,"HOU 16 @ TEN 13, Final",,$28,15.7,0.00,287,2025-11-17 16:28:41,Week 11,Sunday
Tank DellPUP,WR,"HOU 16 @ TEN 13, Final",,$11,8.2,0.00,288,2025-11-17 16:28:41,Week 11,Sunday
British Brooks,RB,"HOU 16 @ TEN 13, Final",,$10,0.5,0.00,289,2025-11-17 16:28:41,Week 11,Sunday
Graham Mertz,QB,"HOU 16 @ TEN 13, Final",,$20,—,0.00,290,2025-11-17 16:28:41,Week 11,Sunday
Brandon Allen,QB,"HOU 16 @ TEN 13, Final",,$20,2.8,0.00,291,2025-11-17 16:28:41,Week 11,Sunday
Julius Chestnut,RB,"HOU 16 @ TEN 13, Final",,$10,0.4,0.00,292,2025-11-17 16:28:41,Week 11,Sunday
Bryce OliverIR,WR,"HOU 16 @ TEN 13, Final",,$10,0.7,0.00,293,2025-11-17 16:28:41,Week 11,Sunday
David Martin-Robinson,TE,"HOU 16 @ TEN 13, Final",,$10,1.3,0.00,294,2025-11-17 16:28:41,Week 11,Sunday
Jakob Johnson,RB,"HOU 16 @ TEN 13, Final",,$10,—,0.00,295,2025-11-17 16:28:41,Week 11,Sunday
Cade Stover,TE,"HOU 16 @ TEN 13, Final",,$10,4.2,0.00,296,2025-11-17 16:28:41,Week 11,Sunday
Kalel MullingsIR,RB,"HOU 16 @ TEN 13, Final",,$10,—,0.00,297,2025-11-17 16:28:41,Week 11,Sunday
Andy Dalton,QB,"CAR 30 @ ATL 27, Final OT",,$20,2.6,0.00,298,2025-11-17 16:28:41,Week 11,Sunday
Hunter Renfrow,WR,"CAR 30 @ ATL 27, Final OT",,$10,4.7,0.00,299,2025-11-17 16:28:41,Week 11,Sunday
James Mitchell,TE,"CAR 30 @ ATL 27, Final OT",,$10,2.2,0.00,300,2025-11-17 16:28:41,Week 11,Sunday
Jonathon BrooksPUP,RB,"CAR 30 @ ATL 27, Final OT",,$10,2.0,0.00,301,2025-11-17 16:28:42,Week 11,Sunday
Jimmy Horn Jr.,WR,"CAR 30 @ ATL 27, Final OT",,$10,2.8,0.00,302,2025-11-17 16:28:42,Week 11,Sunday
Jamal Agnew,WR,"CAR 30 @ ATL 27, Final OT",,$10,—,0.00,303,2025-11-17 16:28:42,Week 11,Sunday
KhaDarel Hodge,WR,"CAR 30 @ ATL 27, Final OT",TGT,$10,0.7,0.00,304,2025-11-17 16:28:42,Week 11,Sunday
Charlie Woerner,TE,"CAR 30 @ ATL 27, Final OT",,$10,0.6,0.00,305,2025-11-17 16:28:42,Week 11,Sunday
Feleipe Franks,TE,"CAR 30 @ ATL 27, Final OT",,$10,0.0,0.00,306,2025-11-17 16:28:42,Week 11,Sunday
Teagan Quitoriano,TE,"CAR 30 @ ATL 27, Final OT",,$10,—,0.00,307,2025-11-17 16:28:42,Week 11,Sunday
Casey Washington,WR,"CAR 30 @ ATL 27, Final OT",,$10,2.5,0.00,308,2025-11-17 16:28:42,Week 11,Sunday
Nathan Carter,RB,"CAR 30 @ ATL 27, Final OT",,$10,2.0,0.00,309,2025-11-17 16:28:42,Week 11,Sunday
Dan Chisena,WR,"CAR 30 @ ATL 27, Final OT",,$10,1.3,0.00,310,2025-11-17 16:28:42,Week 11,Sunday
Samaje PerineO,RB,"CIN 12 @ PIT 34, Final",,$12,3.4,0.00,311,2025-11-17 16:28:42,Week 11,Sunday
Drew Sample,TE,"CIN 12 @ PIT 34, Final",,$10,1.8,0.00,312,2025-11-17 16:28:42,Week 11,Sunday
Jake Browning,QB,"CIN 12 @ PIT 34, Final",,$20,14.0,0.00,313,2025-11-17 16:28:42,Week 11,Sunday
Charlie Jones,WR,"CIN 12 @ PIT 34, Final",,$10,0.7,0.00,314,2025-11-17 16:28:42,Week 11,Sunday
Mitch Tinsley,WR,"CIN 12 @ PIT 34, Final",,$10,3.1,0.00,315,2025-11-17 16:28:42,Week 11,Sunday
Jermaine BurtonO,WR,"CIN 12 @ PIT 34, Final",,$10,1.6,0.00,316,2025-11-17 16:28:42,Week 11,Sunday
Erick All Jr.PUP,TE,"CIN 12 @ PIT 34, Final",,$10,3.2,0.00,317,2025-11-17 16:28:42,Week 11,Sunday
Cam Grandy,TE,"CIN 12 @ PIT 34, Final",,$10,1.1,0.00,318,2025-11-17 16:28:42,Week 11,Sunday
Jonnu Smith,TE,"CIN 12 @ PIT 34, Final",2 TGT,$11,4.2,0.00,319,2025-11-17 16:28:42,Week 11,Sunday
Scotty Miller,WR,"CIN 12 @ PIT 34, Final",,$10,0.7,0.00,320,2025-11-17 16:28:42,Week 11,Sunday
Ben Skowronek,WR,"CIN 12 @ PIT 34, Final",,$10,1.1,0.00,321,2025-11-17 16:28:42,Week 11,Sunday
Ke'Shawn WilliamsQ,WR,"CIN 12 @ PIT 34, Final",,$10,—,0.00,322,2025-11-17 16:28:42,Week 11,Sunday
Sean Clifford,QB,"CIN 12 @ PIT 34, Final",,$20,—,0.00,323,2025-11-17 16:28:42,Week 11,Sunday
Will HowardO,QB,"CIN 12 @ PIT 34, Final",,$20,—,0.00,324,2025-11-17 16:28:42,Week 11,Sunday
Trey Sermon,RB,"CIN 12 @ PIT 34, Final",,$10,—,0.00,325,2025-11-17 16:28:42,Week 11,Sunday
Kendrick Bourne,WR,"SF 41 @ ARI 22, Final",,$11,7.1,0.00,326,2025-11-17 16:28:42,Week 11,Sunday
Brandon AiyukPUP,WR,"SF 41 @ ARI 22, Final",,$17,7.1,0.00,327,2025-11-17 16:28:43,Week 11,Sunday
Luke Farrell,TE,"SF 41 @ ARI 22, Final",,$10,2.3,0.00,328,2025-11-17 16:28:43,Week 11,Sunday
Skyy Moore,WR,"SF 41 @ ARI 22, Final",,$10,0.8,0.00,329,2025-11-17 16:28:43,Week 11,Sunday
Jake Tonges,TE,"SF 41 @ ARI 22, Final",,$10,7.5,0.00,330,2025-11-17 16:28:43,Week 11,Sunday
Adrian Martinez,QB,"SF 41 @ ARI 22, Final",,$20,-0.1,0.00,331,2025-11-17 16:28:43,Week 11,Sunday
Isaac Guerendo,RB,"SF 41 @ ARI 22, Final",,$10,—,0.00,332,2025-11-17 16:28:43,Week 11,Sunday
Jordan WatkinsO,WR,"SF 41 @ ARI 22, Final",,$10,1.8,0.00,333,2025-11-17 16:28:43,Week 11,Sunday
Jordan JamesO,RB,"SF 41 @ ARI 22, Final",,$10,—,0.00,334,2025-11-17 16:28:43,Week 11,Sunday
Zay JonesIR,WR,"SF 41 @ ARI 22, Final",,$10,3.5,0.00,335,2025-11-17 16:28:43,Week 11,Sunday
Simi FehokoIR,WR,"SF 41 @ ARI 22, Final",,$10,—,0.00,336,2025-11-17 16:28:43,Week 11,Sunday
Marvin Harrison Jr.O,WR,"SF 41 @ ARI 22, Final",,$28,10.6,0.00,337,2025-11-17 16:28:43,Week 11,Sunday
Kedon Slovis,QB,"SF 41 @ ARI 22, Final",,$20,—,0.00,338,2025-11-17 16:28:43,Week 11,Sunday
Josiah Deguara,TE,"SF 41 @ ARI 22, Final",,$10,—,0.00,339,2025-11-17 16:28:43,Week 11,Sunday
Trey BensonIR,RB,"SF 41 @ ARI 22, Final",,$17,7.2,0.00,340,2025-11-17 16:28:43,Week 11,Sunday
Drew Lock,QB,"SEA 19 @ LA 21, Final",,$20,0.0,0.00,341,2025-11-17 16:28:43,Week 11,Sunday
Dareke YoungIR,WR,"SEA 19 @ LA 21, Final",,$10,1.0,0.00,342,2025-11-17 16:28:43,Week 11,Sunday
Jake BoboO,WR,"SEA 19 @ LA 21, Final",,$10,1.5,0.00,343,2025-11-17 16:28:43,Week 11,Sunday
Brady Russell,RB,"SEA 19 @ LA 21, Final",,$10,—,0.00,344,2025-11-17 16:28:43,Week 11,Sunday
Elijah Arroyo,TE,"SEA 19 @ LA 21, Final",2 TGT,$10,2.8,0.00,345,2025-11-17 16:28:43,Week 11,Sunday
Jalen MilroeO,QB,"SEA 19 @ LA 21, Final",,$20,-0.5,0.00,346,2025-11-17 16:28:43,Week 11,Sunday
Tory HortonO,WR,"SEA 19 @ LA 21, Final",,$14,7.3,0.00,347,2025-11-17 16:28:43,Week 11,Sunday
Nick Kallerup,TE,"SEA 19 @ LA 21, Final",,$10,—,0.00,348,2025-11-17 16:28:43,Week 11,Sunday
Jimmy Garoppolo,QB,"SEA 19 @ LA 21, Final",,$20,-0.1,0.00,349,2025-11-17 16:28:43,Week 11,Sunday
Stetson Bennett IV,QB,"SEA 19 @ LA 21, Final",,$20,—,0.00,350,2025-11-17 16:28:43,Week 11,Sunday
Davis Allen,TE,"SEA 19 @ LA 21, Final",,$10,3.9,0.00,351,2025-11-17 16:28:43,Week 11,Sunday
Terrance Ferguson,TE,"SEA 19 @ LA 21, Final",,$10,4.5,0.00,352,2025-11-17 16:28:44,Week 11,Sunday
Jarquez Hunter,RB,"SEA 19 @ LA 21, Final",,$10,—,0.00,353,2025-11-17 16:28:44,Week 11,Sunday
Konata Mumpfield,WR,"SEA 19 @ LA 21, Final",,$10,1.6,0.00,354,2025-11-17 16:28:44,Week 11,Sunday
Robbie Ouzts,RB,"SEA 19 @ LA 21, Final",,$10,—,0.00,355,2025-11-17 16:28:44,Week 11,Sunday
Ronnie Rivers,RB,"SEA 19 @ LA 21, Final",,$10,2.4,0.00,356,2025-11-17 16:28:44,Week 11,Sunday
Cody White,WR,"SEA 19 @ LA 21, Final",,$10,3.1,0.00,357,2025-11-17 16:28:44,Week 11,Sunday
Ricky White III,WR,"SEA 19 @ LA 21, Final",,$10,—,0.00,358,2025-11-17 16:28:44,Week 11,Sunday
JuJu Smith-Schuster,WR,"KC 19 @ DEN 22, Final",,$10,5.3,0.00,359,2025-11-17 16:28:44,Week 11,Sunday
Gardner Minshew,QB,"KC 19 @ DEN 22, Final",,$20,-0.3,0.00,360,2025-11-17 16:28:44,Week 11,Sunday
Elijah Mitchell,RB,"KC 19 @ DEN 22, Final",TGT,$10,—,0.00,361,2025-11-17 16:28:44,Week 11,Sunday
Isiah PachecoO,RB,"KC 19 @ DEN 22, Final",,$17,6.8,0.00,362,2025-11-17 16:28:44,Week 11,Sunday
Nikko Remigio,WR,"KC 19 @ DEN 22, Final",,$10,0.4,0.00,363,2025-11-17 16:28:44,Week 11,Sunday
Jared Wiley,TE,"KC 19 @ DEN 22, Final",,$10,1.2,0.00,364,2025-11-17 16:28:44,Week 11,Sunday
Jalen Royals,WR,"KC 19 @ DEN 22, Final",,$10,—,0.00,365,2025-11-17 16:28:44,Week 11,Sunday
Trent Sherfield Sr.,WR,"KC 19 @ DEN 22, Final",,$10,0.9,0.00,366,2025-11-17 16:28:44,Week 11,Sunday
Jarrett Stidham,QB,"KC 19 @ DEN 22, Final",,$20,-0.1,0.00,367,2025-11-17 16:28:44,Week 11,Sunday
J.K. DobbinsIR,RB,"KC 19 @ DEN 22, Final",,$24,11.0,0.00,368,2025-11-17 16:28:44,Week 11,Sunday
Nate AdkinsO,TE,"KC 19 @ DEN 22, Final",,$10,2.3,0.00,369,2025-11-17 16:28:44,Week 11,Sunday
Michael Bandy,WR,"KC 19 @ DEN 22, Final",,$10,0.1,0.00,370,2025-11-17 16:28:44,Week 11,Sunday
Marcedes Lewis,TE,"KC 19 @ DEN 22, Final",,$10,0.2,0.00,371,2025-11-17 16:28:44,Week 11,Sunday
Patrick Ricard,RB,"BAL 23 @ CLE 16, Final",,$10,0.1,0.00,372,2025-11-17 16:28:44,Week 11,Sunday
Cooper Rush,QB,"BAL 23 @ CLE 16, Final",,$20,1.4,0.00,373,2025-11-17 16:28:44,Week 11,Sunday
Justice HillO,RB,"BAL 23 @ CLE 16, Final",,$10,6.1,0.00,374,2025-11-17 16:28:44,Week 11,Sunday
Tyler Huntley,QB,"BAL 23 @ CLE 16, Final",,$20,11.7,0.00,375,2025-11-17 16:28:44,Week 11,Sunday
Rashod BatemanO,WR,"BAL 23 @ CLE 16, Final",,$15,4.6,0.00,376,2025-11-17 16:28:44,Week 11,Sunday
Tylan Wallace,WR,"BAL 23 @ CLE 16, Final",TGT,$10,1.4,0.00,377,2025-11-17 16:28:44,Week 11,Sunday
Charlie Kolar,TE,"BAL 23 @ CLE 16, Final",TGT,$10,3.0,0.00,378,2025-11-17 16:28:45,Week 11,Sunday
Devontez Walker,WR,"BAL 23 @ CLE 16, Final",,$10,6.5,0.00,379,2025-11-17 16:28:45,Week 11,Sunday
LaJohntay Wester,WR,"BAL 23 @ CLE 16, Final",,$10,—,0.00,380,2025-11-17 16:28:45,Week 11,Sunday
Deshaun WatsonPUP,QB,"BAL 23 @ CLE 16, Final",,$20,11.4,0.00,381,2025-11-17 16:28:45,Week 11,Sunday
Blake Whiteheart,TE,"BAL 23 @ CLE 16, Final",,$10,0.3,0.00,382,2025-11-17 16:28:45,Week 11,Sunday
Jamari Thrash,WR,"BAL 23 @ CLE 16, Final",,$10,2.0,0.00,383,2025-11-17 16:28:45,Week 11,Sunday
Brenden Bates,TE,"BAL 23 @ CLE 16, Final",,$10,3.3,0.00,384,2025-11-17 16:28:45,Week 11,Sunday
Raheim Sanders,RB,"BAL 23 @ CLE 16, Final",,$10,6.3,0.00,385,2025-11-17 16:28:45,Week 11,Sunday
Gage Larvadain,WR,"BAL 23 @ CLE 16, Final",TGT,$10,0.6,0.00,386,2025-11-17 16:28:45,Week 11,Sunday
Teddy Bridgewater,QB,"TB 32 @ BUF 44, Final","RUSH ATT,-1 RUSH YD",$20,-0.1,-0.10,387,2025-11-17 16:28:45,Week 11,Sunday
Travis Homer,RB,"CHI 19 @ MIN 17, Final","RUSH ATT,-2 RUSH YD",$10,-0.1,-0.20,388,2025-11-17 16:28:45,Week 11,Sunday
Mac Jones,QB,"SF 41 @ ARI 22, Final","3 RUSH ATT,-3 RUSH YD",$25,15.1,-0.30,389,2025-11-17 16:28:45,Week 11,Sunday
Arizona Cardinals,DEF,"SF 41 @ ARI 22, Final","41 PTS ALLOWED,SACK,BLK KICK",$12,5.6,-1.00,390,2025-11-17 16:28:45,Week 11,Sunday
Los Angeles Chargers,DEF,"LAC 6 @ JAC 35, Final","35 PTS ALLOWED,INT",$15,5.5,-2.00,391,2025-11-17 16:28:45,Week 11,Sunday
Mecole HardmanQ,WR,"TB 32 @ BUF 44, Final","TGT,FUM LOST",$10,-2.0,-2.00,392,2025-11-17 16:28:45,Week 11,Sunday
Josh Allen,QB,"TB 32 @ BUF 44, Final","317 PASS YD,3 PASS TD,2 INT,6 RUSH ATT,40 RUSH YD,3 RUSH TD",$42,25.4,44.68,1,2025-11-17 16:29:02,Week 11,Sunday
Sean Tucker,RB,"TB 32 @ BUF 44, Final","19 RUSH ATT,106 RUSH YD,2 RUSH TD,2 TGT,2 REC,34 REC YD,REC TD",$10,6.0,33.00,2,2025-11-17 16:29:02,Week 11,Sunday
Bryce Young,QB,"CAR 30 @ ATL 27, Final OT","448 PASS YD,3 PASS TD,RUSH ATT,-1 RUSH YD,2PT",$22,13.6,31.82,3,2025-11-17 16:29:02,Week 11,Sunday
Tetairoa McMillan,WR,"CAR 30 @ ATL 27, Final OT","12 TGT,8 REC,130 REC YD,2 REC TD",$25,11.4,29.00,4,2025-11-17 16:29:02,Week 11,Sunday
Bijan Robinson,RB,"CAR 30 @ ATL 27, Final OT","23 RUSH ATT,104 RUSH YD,2 RUSH TD,5 TGT,4 REC,39 REC YD",$39,18.6,28.30,5,2025-11-17 16:29:02,Week 11,Sunday
Kenneth Gainwell,RB,"CIN 12 @ PIT 34, Final","9 RUSH ATT,24 RUSH YD,8 TGT,7 REC,81 REC YD,2 REC TD",$14,9.1,26.00,6,2025-11-17 16:29:02,Week 11,Sunday
Pittsburgh Steelers,DEF,"CIN 12 @ PIT 34, Final","12 PTS ALLOWED,SACK,INT,FUM REC,2 TD",$14,8.4,21.00,7,2025-11-17 16:29:02,Week 11,Sunday
Nico Collins,WR,"HOU 16 @ TEN 13, Final","10 TGT,9 REC,92 REC YD,REC TD",$32,12.6,19.70,8,2025-11-17 16:29:02,Week 11,Sunday
Travis Etienne Jr.,RB,"LAC 6 @ JAC 35, Final","19 RUSH ATT,73 RUSH YD,2 RUSH TD,2 TGT",$26,13.2,19.30,9,2025-11-17 16:29:02,Week 11,Sunday
James Cook III,RB,"TB 32 @ BUF 44, Final","16 RUSH ATT,48 RUSH YD,3 TGT,3 REC,66 REC YD,REC TD",$37,17.2,18.90,10,2025-11-17 16:29:02,Week 11,Sunday
Christian Watson,WR,"GB 27 @ NYG 20, Final","5 TGT,4 REC,46 REC YD,2 REC TD",$14,10.4,18.60,11,2025-11-17 16:29:02,Week 11,Sunday
Baker Mayfield,QB,"TB 32 @ BUF 44, Final","173 PASS YD,PASS TD,INT,5 RUSH ATT,39 RUSH YD,RUSH TD,FUM LOST",$34,18.3,17.82,12,2025-11-17 16:29:02,Week 11,Sunday
Jordan Love,QB,"GB 27 @ NYG 20, Final","174 PASS YD,2 PASS TD,2 RUSH ATT,7 RUSH YD,2PT",$33,16.8,17.66,13,2025-11-17 16:29:02,Week 11,Sunday
Devin Singletary,RB,"GB 27 @ NYG 20, Final","16 RUSH ATT,44 RUSH YD,2 RUSH TD,TGT,REC,3 REC YD",$11,4.1,17.20,14,2025-11-17 16:29:02,Week 11,Sunday
Tyrell Shavers,WR,"TB 32 @ BUF 44, Final","5 TGT,4 REC,90 REC YD,REC TD",$10,3.6,17.00,15,2025-11-17 16:29:02,Week 11,Sunday
Davis Mills,QB,"HOU 16 @ TEN 13, Final","274 PASS YD,PASS TD,2 RUSH ATT,14 RUSH YD",$23,13.1,16.36,16,2025-11-17 16:29:02,Week 11,Sunday
Xavier LegetteQ,WR,"CAR 30 @ ATL 27, Final OT","8 TGT,4 REC,83 REC YD,REC TD",$14,6.3,16.30,17,2025-11-17 16:29:02,Week 11,Sunday
Trevor Lawrence,QB,"LAC 6 @ JAC 35, Final","153 PASS YD,PASS TD,INT,5 RUSH ATT,9 RUSH YD,RUSH TD",$33,16.6,16.02,18,2025-11-17 16:29:02,Week 11,Sunday
Tyrone Tracy Jr.,RB,"GB 27 @ NYG 20, Final","19 RUSH ATT,88 RUSH YD,4 TGT,4 REC,51 REC YD",$17,6.9,15.90,19,2025-11-17 16:29:02,Week 11,Sunday
Chase Brown,RB,"CIN 12 @ PIT 34, Final","18 RUSH ATT,99 RUSH YD,8 TGT,6 REC,28 REC YD",$28,11.4,15.70,20,2025-11-17 16:29:02,Week 11,Sunday
Drake LondonQ,WR,"CAR 30 @ ATL 27, Final OT","9 TGT,7 REC,119 REC YD",$43,16.3,15.40,21,2025-11-17 16:29:02,Week 11,Sunday
Ty Johnson,RB,"TB 32 @ BUF 44, Final","RUSH ATT,9 RUSH YD,2 TGT,2 REC,61 REC YD,REC TD",$10,3.6,14.00,22,2025-11-17 16:29:02,Week 11,Sunday
Tee Higgins,WR,"CIN 12 @ PIT 34, Final","8 TGT,3 REC,63 REC YD,REC TD",$31,11.6,13.80,23,2025-11-17 16:29:02,Week 11,Sunday
Bhayshul TutenQ,RB,"LAC 6 @ JAC 35, Final","15 RUSH ATT,74 RUSH YD,RUSH TD",$12,5.8,13.40,24,2025-11-17 16:29:02,Week 11,Sunday
Emanuel Wilson,RB,"GB 27 @ NYG 20, Final","11 RUSH ATT,40 RUSH YD,RUSH TD,TGT,REC,9 REC YD,2PT",$11,4.2,13.40,25,2025-11-17 16:29:03,Week 11,Sunday
Cam Ward,QB,"HOU 16 @ TEN 13, Final","194 PASS YD,PASS TD,3 RUSH ATT,33 RUSH YD,FUM LOST",$20,9.2,13.06,26,2025-11-17 16:29:03,Week 11,Sunday
Rico Dowdle,RB,"CAR 30 @ ATL 27, Final OT","19 RUSH ATT,45 RUSH YD,7 TGT,5 REC,55 REC YD",$32,13.7,12.50,27,2025-11-17 16:29:03,Week 11,Sunday
Jameis Winston,QB,"GB 27 @ NYG 20, Final","201 PASS YD,INT,3 RUSH ATT,10 RUSH YD,RUSH TD,FUM LOST",$20,12.0,12.04,28,2025-11-17 16:29:03,Week 11,Sunday
Jacksonville Jaguars,DEF,"LAC 6 @ JAC 35, Final","6 PTS ALLOWED,3 SACK,INT",$11,7.7,12.00,29,2025-11-17 16:29:03,Week 11,Sunday
Joe Flacco,QB,"CIN 12 @ PIT 34, Final","199 PASS YD,PASS TD,INT,RUSH ATT,-1 RUSH YD",$36,16.1,10.86,30,2025-11-17 16:29:03,Week 11,Sunday
Jordan Mason,RB,"CHI 19 @ MIN 17, Final","6 RUSH ATT,45 RUSH YD,RUSH TD",$18,8.7,10.50,31,2025-11-17 16:29:03,Week 11,Sunday
Caleb Williams,QB,"CHI 19 @ MIN 17, Final","193 PASS YD,4 RUSH ATT,26 RUSH YD",$38,19.6,10.32,32,2025-11-17 16:29:03,Week 11,Sunday
Kyle Monangai,RB,"CHI 19 @ MIN 17, Final","12 RUSH ATT,23 RUSH YD,RUSH TD,TGT,REC,14 REC YD",$19,7.4,10.20,33,2025-11-17 16:29:03,Week 11,Sunday
Van Jefferson,WR,"HOU 16 @ TEN 13, Final","7 TGT,3 REC,22 REC YD,REC TD",$10,4.2,9.70,34,2025-11-17 16:29:03,Week 11,Sunday
Aaron Jones Sr.,RB,"CHI 19 @ MIN 17, Final","16 RUSH ATT,70 RUSH YD,6 TGT,3 REC,11 REC YD",$22,9.2,9.60,35,2025-11-17 16:29:03,Week 11,Sunday
Tim Patrick,WR,"LAC 6 @ JAC 35, Final","4 TGT,3 REC,20 REC YD,REC TD",$10,3.4,9.50,36,2025-11-17 16:29:03,Week 11,Sunday
Aaron RodgersQ,QB,"CIN 12 @ PIT 34, Final","116 PASS YD,PASS TD,RUSH ATT,8 RUSH YD",$33,15.2,9.44,37,2025-11-17 16:29:03,Week 11,Sunday
Jalen Coker,WR,"CAR 30 @ ATL 27, Final OT","4 TGT,4 REC,52 REC YD,2PT",$11,3.9,9.20,38,2025-11-17 16:29:03,Week 11,Sunday
D'Andre Swift,RB,"CHI 19 @ MIN 17, Final","21 RUSH ATT,90 RUSH YD,TGT",$32,13.8,9.00,39,2025-11-17 16:29:03,Week 11,Sunday
Jordan Addison,WR,"CHI 19 @ MIN 17, Final","7 TGT,2 REC,20 REC YD,REC TD",$24,10.7,9.00,40,2025-11-17 16:29:03,Week 11,Sunday
Houston Texans,DEF,"HOU 16 @ TEN 13, Final","13 PTS ALLOWED,3 SACK,FUM REC",$18,9.7,9.00,41,2025-11-17 16:29:03,Week 11,Sunday
Mason Rudolph,QB,"CIN 12 @ PIT 34, Final","127 PASS YD,PASS TD,RUSH ATT,-1 RUSH YD",$20,3.2,8.98,42,2025-11-17 16:29:03,Week 11,Sunday
Jakobi Meyers,WR,"LAC 6 @ JAC 35, Final","6 TGT,5 REC,64 REC YD",$21,7.4,8.90,43,2025-11-17 16:29:03,Week 11,Sunday
Darnell Washington,TE,"CIN 12 @ PIT 34, Final","5 TGT,4 REC,67 REC YD",$10,4.2,8.70,44,2025-11-17 16:29:03,Week 11,Sunday
Justin Jefferson,WR,"CHI 19 @ MIN 17, Final","9 TGT,5 REC,61 REC YD",$31,11.5,8.60,45,2025-11-17 16:29:03,Week 11,Sunday
Tyler Allgeier,RB,"CAR 30 @ ATL 27, Final OT","3 RUSH ATT,10 RUSH YD,RUSH TD,2 TGT,2 REC,6 REC YD",$17,7.6,8.60,46,2025-11-17 16:29:03,Week 11,Sunday
Sterling Shepard,WR,"TB 32 @ BUF 44, Final","RUSH ATT,7 RUSH YD,5 TGT,4 REC,54 REC YD",$10,5.8,8.10,47,2025-11-17 16:29:03,Week 11,Sunday
Dalton Schultz,TE,"HOU 16 @ TEN 13, Final","9 TGT,6 REC,51 REC YD",$18,8.0,8.10,48,2025-11-17 16:29:03,Week 11,Sunday
J.J. McCarthy,QB,"CHI 19 @ MIN 17, Final","150 PASS YD,PASS TD,2 INT",$31,14.5,8.00,49,2025-11-17 16:29:04,Week 11,Sunday
Michael Penix Jr.D,QB,"CAR 30 @ ATL 27, Final OT","175 PASS YD,RUSH ATT,9 RUSH YD",$28,13.7,7.90,50,2025-11-17 16:29:04,Week 11,Sunday
Jaylen WarrenQ,RB,"CIN 12 @ PIT 34, Final","10 RUSH ATT,62 RUSH YD,2 TGT,2 REC,5 REC YD",$30,11.8,7.70,51,2025-11-17 16:29:04,Week 11,Sunday
Jayden Higgins,WR,"HOU 16 @ TEN 13, Final","7 TGT,4 REC,55 REC YD",$13,5.5,7.50,52,2025-11-17 16:29:04,Week 11,Sunday
DK Metcalf,WR,"CIN 12 @ PIT 34, Final","8 TGT,5 REC,49 REC YD",$24,10.4,7.40,53,2025-11-17 16:29:04,Week 11,Sunday
Keenan Allen,WR,"LAC 6 @ JAC 35, Final","6 TGT,4 REC,53 REC YD",$19,10.1,7.30,54,2025-11-17 16:29:04,Week 11,Sunday
Romeo Doubs,WR,"GB 27 @ NYG 20, Final","8 TGT,4 REC,53 REC YD",$22,9.5,7.30,55,2025-11-17 16:29:04,Week 11,Sunday
Rachaad White,RB,"TB 32 @ BUF 44, Final","10 RUSH ATT,51 RUSH YD,3 TGT,2 REC,11 REC YD",$18,9.0,7.20,56,2025-11-17 16:29:04,Week 11,Sunday
Chig Okonkwo,TE,"HOU 16 @ TEN 13, Final","3 TGT,3 REC,56 REC YD",$10,5.0,7.10,57,2025-11-17 16:29:04,Week 11,Sunday
Cole Kmet,TE,"CHI 19 @ MIN 17, Final","5 TGT,5 REC,45 REC YD",$10,3.7,7.00,58,2025-11-17 16:29:04,Week 11,Sunday
Green Bay Packers,DEF,"GB 27 @ NYG 20, Final","20 PTS ALLOWED,2 SACK,INT,FUM REC",$11,5.2,7.00,59,2025-11-17 16:29:04,Week 11,Sunday
Josh Whyle,TE,"GB 27 @ NYG 20, Final","TGT,REC,2 REC YD,REC TD",$10,6.7,6.70,60,2025-11-17 16:29:04,Week 11,Sunday
Emeka Egbuka,WR,"TB 32 @ BUF 44, Final","9 TGT,5 REC,40 REC YD",$34,13.3,6.50,61,2025-11-17 16:29:04,Week 11,Sunday
Tyjae Spears,RB,"HOU 16 @ TEN 13, Final","4 RUSH ATT,3 RUSH YD,5 TGT,5 REC,31 REC YD",$17,7.2,5.90,62,2025-11-17 16:29:04,Week 11,Sunday
Tommy Tremble,TE,"CAR 30 @ ATL 27, Final OT","2 TGT,REC,54 REC YD",$10,3.4,5.90,63,2025-11-17 16:29:04,Week 11,Sunday
Malik Willis,QB,"GB 27 @ NYG 20, Final","6 PASS YD,PASS TD,RUSH ATT,16 RUSH YD",$20,5.8,5.84,64,2025-11-17 16:29:04,Week 11,Sunday
Xavier Hutchinson,WR,"HOU 16 @ TEN 13, Final","5 TGT,3 REC,42 REC YD",$13,6.3,5.70,65,2025-11-17 16:29:04,Week 11,Sunday
Wan'Dale Robinson,WR,"GB 27 @ NYG 20, Final","9 TGT,4 REC,36 REC YD",$24,9.5,5.60,66,2025-11-17 16:29:04,Week 11,Sunday
Woody Marks,RB,"HOU 16 @ TEN 13, Final","18 RUSH ATT,44 RUSH YD,TGT,REC,7 REC YD",$22,8.6,5.60,67,2025-11-17 16:29:04,Week 11,Sunday
Gabe Davis,WR,"TB 32 @ BUF 44, Final","4 TGT,3 REC,40 REC YD",$10,5.5,5.50,68,2025-11-17 16:29:04,Week 11,Sunday
Colston Loveland,TE,"CHI 19 @ MIN 17, Final","4 TGT,3 REC,40 REC YD",$14,6.3,5.50,69,2025-11-17 16:29:04,Week 11,Sunday
T.J. Hockenson,TE,"CHI 19 @ MIN 17, Final","6 TGT,3 REC,39 REC YD",$13,5.7,5.40,70,2025-11-17 16:29:04,Week 11,Sunday
Oronde Gadsden,TE,"LAC 6 @ JAC 35, Final","5 TGT,2 REC,41 REC YD",$20,8.8,5.10,71,2025-11-17 16:29:04,Week 11,Sunday
Rome Odunze,WR,"CHI 19 @ MIN 17, Final","6 TGT,2 REC,41 REC YD",$27,11.6,5.10,72,2025-11-17 16:29:04,Week 11,Sunday
Theo Johnson,TE,"GB 27 @ NYG 20, Final","4 TGT,3 REC,36 REC YD",$17,7.5,5.10,73,2025-11-17 16:29:04,Week 11,Sunday
Chicago Bears,DEF,"CHI 19 @ MIN 17, Final","17 PTS ALLOWED,2 INT",$15,6.8,5.00,74,2025-11-17 16:29:04,Week 11,Sunday
Tennessee Titans,DEF,"HOU 16 @ TEN 13, Final","16 PTS ALLOWED,4 SACK",$13,6.0,5.00,75,2025-11-17 16:29:05,Week 11,Sunday
Gunnar Helm,TE,"HOU 16 @ TEN 13, Final","5 TGT,4 REC,29 REC YD",$10,4.0,4.90,76,2025-11-17 16:29:05,Week 11,Sunday
Darnell Mooney,WR,"CAR 30 @ ATL 27, Final OT","7 TGT,3 REC,34 REC YD",$15,3.8,4.90,77,2025-11-17 16:29:05,Week 11,Sunday
Ja'Marr Chase,WR,"CIN 12 @ PIT 34, Final","10 TGT,3 REC,30 REC YD",$41,15.4,4.50,78,2025-11-17 16:29:05,Week 11,Sunday
Justin Herbert,QB,"LAC 6 @ JAC 35, Final","81 PASS YD,INT,3 RUSH ATT,21 RUSH YD",$41,19.6,4.34,79,2025-11-17 16:29:05,Week 11,Sunday
Luther Burden III,WR,"CHI 19 @ MIN 17, Final","5 TGT,3 REC,27 REC YD",$10,4.6,4.20,80,2025-11-17 16:29:05,Week 11,Sunday
Ja'Tavion Sanders,TE,"CAR 30 @ ATL 27, Final OT","4 TGT,4 REC,22 REC YD",$10,3.6,4.20,81,2025-11-17 16:29:05,Week 11,Sunday
Tony Pollard,RB,"HOU 16 @ TEN 13, Final","10 RUSH ATT,22 RUSH YD,3 TGT,3 REC,4 REC YD",$20,8.4,4.10,82,2025-11-17 16:29:05,Week 11,Sunday
Noah Fant,TE,"CIN 12 @ PIT 34, Final","6 TGT,5 REC,36 REC YD,FUM LOST",$12,6.8,4.10,83,2025-11-17 16:29:05,Week 11,Sunday
Buffalo Bills,DEF,"TB 32 @ BUF 44, Final","32 PTS ALLOWED,SACK,INT,FUM REC",$13,5.7,4.00,84,2025-11-17 16:29:05,Week 11,Sunday
Josh JacobsQ,RB,"GB 27 @ NYG 20, Final","7 RUSH ATT,40 RUSH YD,TGT",$43,16.7,4.00,85,2025-11-17 16:29:05,Week 11,Sunday
Atlanta Falcons,DEF,"CAR 30 @ ATL 27, Final OT","30 PTS ALLOWED,5 SACK",$14,6.6,4.00,86,2025-11-17 16:29:05,Week 11,Sunday
Cade Otton,TE,"TB 32 @ BUF 44, Final","5 TGT,2 REC,28 REC YD",$14,6.3,3.80,87,2025-11-17 16:29:05,Week 11,Sunday
Savion Williams,WR,"GB 27 @ NYG 20, Final","TGT,REC,33 REC YD",$10,2.0,3.80,88,2025-11-17 16:29:05,Week 11,Sunday
Mitchell Evans,TE,"CAR 30 @ ATL 27, Final OT","2 TGT,2 REC,28 REC YD",$10,3.7,3.80,89,2025-11-17 16:29:05,Week 11,Sunday
Tanner Hudson,TE,"CIN 12 @ PIT 34, Final","3 TGT,3 REC,22 REC YD",$10,4.8,3.70,90,2025-11-17 16:29:05,Week 11,Sunday
LeQuint Allen Jr.,RB,"LAC 6 @ JAC 35, Final","8 RUSH ATT,36 RUSH YD",$10,1.4,3.60,91,2025-11-17 16:29:05,Week 11,Sunday
Johnny Mundt,TE,"LAC 6 @ JAC 35, Final","3 TGT,2 REC,25 REC YD",$10,1.5,3.50,92,2025-11-17 16:29:05,Week 11,Sunday
Andrei Iosivas,WR,"CIN 12 @ PIT 34, Final","4 TGT,3 REC,20 REC YD",$12,5.3,3.50,93,2025-11-17 16:29:05,Week 11,Sunday
Chuba Hubbard,RB,"CAR 30 @ ATL 27, Final OT","4 RUSH ATT,21 RUSH YD,3 TGT,REC,7 REC YD",$16,8.1,3.30,94,2025-11-17 16:29:05,Week 11,Sunday
Parker Washington,WR,"LAC 6 @ JAC 35, Final","2 TGT,2 REC,20 REC YD",$18,7.4,3.00,95,2025-11-17 16:29:05,Week 11,Sunday
Minnesota Vikings,DEF,"CHI 19 @ MIN 17, Final","19 PTS ALLOWED,2 SACK",$12,6.3,3.00,96,2025-11-17 16:29:05,Week 11,Sunday
Curtis Samuel,WR,"TB 32 @ BUF 44, Final","3 TGT,2 REC,19 REC YD",$10,2.9,2.90,97,2025-11-17 16:29:05,Week 11,Sunday
Matthew Golden,WR,"GB 27 @ NYG 20, Final","3 TGT,REC,24 REC YD",$21,5.0,2.90,98,2025-11-17 16:29:05,Week 11,Sunday
Ladd McConkey,WR,"LAC 6 @ JAC 35, Final","4 TGT,3 REC,13 REC YD",$29,10.5,2.80,99,2025-11-17 16:29:06,Week 11,Sunday
Dawson Knox,TE,"TB 32 @ BUF 44, Final","3 TGT,REC,23 REC YD",$10,3.4,2.80,100,2025-11-17 16:29:06,Week 11,Sunday
Jalin Hyatt,WR,"GB 27 @ NYG 20, Final","4 TGT,2 REC,18 REC YD",$10,1.2,2.80,101,2025-11-17 16:29:06,Week 11,Sunday
Joshua Palmer,WR,"TB 32 @ BUF 44, Final","5 TGT,2 REC,17 REC YD",$12,4.7,2.70,102,2025-11-17 16:29:06,Week 11,Sunday
Brycen Tremayne,WR,"CAR 30 @ ATL 27, Final OT","2 TGT,2 REC,17 REC YD",$10,2.1,2.70,103,2025-11-17 16:29:06,Week 11,Sunday
DJ Moore,WR,"CHI 19 @ MIN 17, Final","RUSH ATT,3 RUSH YD,3 TGT,REC,18 REC YD",$22,7.7,2.60,104,2025-11-17 16:29:06,Week 11,Sunday
Chimere DikeQ,WR,"HOU 16 @ TEN 13, Final","3 TGT,2 REC,14 REC YD",$13,4.6,2.40,105,2025-11-17 16:29:06,Week 11,Sunday
Kyle Pitts Sr.,TE,"CAR 30 @ ATL 27, Final OT","3 TGT,2 REC,14 REC YD",$16,7.3,2.40,106,2025-11-17 16:29:06,Week 11,Sunday
Pat Freiermuth,TE,"CIN 12 @ PIT 34, Final","TGT,REC,19 REC YD",$16,6.4,2.40,107,2025-11-17 16:29:06,Week 11,Sunday
Kimani Vidal,RB,"LAC 6 @ JAC 35, Final","5 RUSH ATT,13 RUSH YD,2 TGT,2 REC,-1 REC YD",$25,8.9,2.20,108,2025-11-17 16:29:06,Week 11,Sunday
Roman Wilson,WR,"CIN 12 @ PIT 34, Final","2 TGT,REC,17 REC YD",$11,4.7,2.20,109,2025-11-17 16:29:06,Week 11,Sunday
Kirk Cousins,QB,"CAR 30 @ ATL 27, Final OT","48 PASS YD,RUSH ATT,2 RUSH YD",$20,3.5,2.12,110,2025-11-17 16:29:06,Week 11,Sunday
Jalen Nailor,WR,"CHI 19 @ MIN 17, Final","TGT,REC,16 REC YD",$14,5.7,2.10,111,2025-11-17 16:29:06,Week 11,Sunday
Elic AyomanorQ,WR,"HOU 16 @ TEN 13, Final","6 TGT,2 REC,11 REC YD",$14,5.9,2.10,112,2025-11-17 16:29:06,Week 11,Sunday
Tampa Bay Buccaneers,DEF,"TB 32 @ BUF 44, Final","44 PTS ALLOWED,2 INT,FUM REC",$16,7.2,2.00,113,2025-11-17 16:29:06,Week 11,Sunday
New York Giants,DEF,"GB 27 @ NYG 20, Final","27 PTS ALLOWED,2 SACK",$10,2.5,2.00,114,2025-11-17 16:29:06,Week 11,Sunday
Carolina Panthers,DEF,"CAR 30 @ ATL 27, Final OT","27 PTS ALLOWED,FUM REC",$11,5.3,2.00,115,2025-11-17 16:29:06,Week 11,Sunday
Mason Kinsey,WR,"HOU 16 @ TEN 13, Final","3 TGT,REC,14 REC YD",$10,0.6,1.90,116,2025-11-17 16:29:06,Week 11,Sunday
Austin Trammell,WR,"LAC 6 @ JAC 35, Final","TGT,REC,13 REC YD",$10,2.0,1.80,117,2025-11-17 16:29:06,Week 11,Sunday
Calvin RidleyO,WR,"HOU 16 @ TEN 13, Final","TGT,REC,13 REC YD",$19,5.5,1.80,118,2025-11-17 16:29:06,Week 11,Sunday
Tre' Harris,WR,"LAC 6 @ JAC 35, Final","TGT,REC,12 REC YD",$10,2.8,1.70,119,2025-11-17 16:29:06,Week 11,Sunday
Nick Chubb,RB,"HOU 16 @ TEN 13, Final","3 RUSH ATT,17 RUSH YD,2 TGT",$15,6.5,1.70,120,2025-11-17 16:29:06,Week 11,Sunday
Jaylin Noel,WR,"HOU 16 @ TEN 13, Final","TGT,REC,12 REC YD",$10,3.7,1.70,121,2025-11-17 16:29:06,Week 11,Sunday
Quintin Morris,TE,"LAC 6 @ JAC 35, Final","3 TGT,REC,11 REC YD",$10,0.4,1.60,122,2025-11-17 16:29:06,Week 11,Sunday
David Sills V,WR,"CAR 30 @ ATL 27, Final OT","2 TGT,REC,11 REC YD",$10,1.1,1.60,123,2025-11-17 16:29:07,Week 11,Sunday
Trey Lance,QB,"LAC 6 @ JAC 35, Final","37 PASS YD,3 RUSH ATT,RUSH YD",$20,2.2,1.58,124,2025-11-17 16:29:07,Week 11,Sunday
Kaleb Johnson,RB,"CIN 12 @ PIT 34, Final","5 RUSH ATT,15 RUSH YD",$10,1.0,1.50,125,2025-11-17 16:29:07,Week 11,Sunday
Dontayvion Wicks,WR,"GB 27 @ NYG 20, Final","2 TGT,REC,9 REC YD",$10,3.4,1.40,126,2025-11-17 16:29:07,Week 11,Sunday
Dare Ogunbowale,RB,"HOU 16 @ TEN 13, Final","TGT,REC,9 REC YD",$10,0.7,1.40,127,2025-11-17 16:29:07,Week 11,Sunday
Durham Smythe,TE,"CHI 19 @ MIN 17, Final","3 TGT,REC,8 REC YD",$10,1.3,1.30,128,2025-11-17 16:29:07,Week 11,Sunday
Tez Johnson,WR,"TB 32 @ BUF 44, Final","3 RUSH ATT,3 TGT,REC,6 REC YD",$17,6.8,1.10,129,2025-11-17 16:29:07,Week 11,Sunday
Adam Thielen,WR,"CHI 19 @ MIN 17, Final","2 TGT,REC,6 REC YD",$10,1.6,1.10,130,2025-11-17 16:29:07,Week 11,Sunday
Christian Kirk,WR,"HOU 16 @ TEN 13, Final","4 TGT,REC,6 REC YD",$15,3.7,1.10,131,2025-11-17 16:29:07,Week 11,Sunday
John FitzPatrick,TE,"GB 27 @ NYG 20, Final","TGT,REC,5 REC YD",$10,2.0,1.00,132,2025-11-17 16:29:07,Week 11,Sunday
Calvin Austin III,WR,"CIN 12 @ PIT 34, Final","TGT,REC,5 REC YD",$15,5.9,1.00,133,2025-11-17 16:29:07,Week 11,Sunday
Cincinnati Bengals,DEF,"CIN 12 @ PIT 34, Final","22 PTS ALLOWED,SACK",$10,2.3,1.00,134,2025-11-17 16:29:07,Week 11,Sunday
Chris Brooks,RB,"GB 27 @ NYG 20, Final","RUSH ATT,8 RUSH YD",$10,1.1,0.80,135,2025-11-17 16:29:07,Week 11,Sunday
Tahj Brooks,RB,"CIN 12 @ PIT 34, Final","RUSH ATT,5 RUSH YD",$10,0.3,0.50,136,2025-11-17 16:29:07,Week 11,Sunday
Trayveon Williams,RB,"LAC 6 @ JAC 35, Final","3 RUSH ATT,-1 RUSH YD,TGT,REC",$10,0.2,0.40,137,2025-11-17 16:29:07,Week 11,Sunday
Luke Musgrave,TE,"GB 27 @ NYG 20, Final","2 TGT,REC,-1 REC YD",$10,2.2,0.40,138,2025-11-17 16:29:07,Week 11,Sunday
Connor Heyward,TE,"CIN 12 @ PIT 34, Final","2 RUSH ATT,3 RUSH YD",$10,1.2,0.30,139,2025-11-17 16:29:07,Week 11,Sunday
Khalil Shakir,WR,"TB 32 @ BUF 44, Final","3 TGT,REC,-3 REC YD",$23,8.7,0.20,140,2025-11-17 16:29:07,Week 11,Sunday
Josh Oliver,TE,"CHI 19 @ MIN 17, Final","TGT,REC,-3 REC YD",$10,3.5,0.20,141,2025-11-17 16:29:07,Week 11,Sunday
Trevor Etienne,RB,"CAR 30 @ ATL 27, Final OT","RUSH ATT,2 RUSH YD",$10,1.0,0.20,142,2025-11-17 16:29:07,Week 11,Sunday
Will Dissly,TE,"LAC 6 @ JAC 35, Final",,$10,1.6,0.00,143,2025-11-17 16:29:07,Week 11,Sunday
Tyler Conklin,TE,"LAC 6 @ JAC 35, Final",,$10,2.5,0.00,144,2025-11-17 16:29:07,Week 11,Sunday
Tucker Fisk,TE,"LAC 6 @ JAC 35, Final",,$10,0.7,0.00,145,2025-11-17 16:29:07,Week 11,Sunday
Quentin Johnston,WR,"LAC 6 @ JAC 35, Final",3 TGT,$21,11.5,0.00,146,2025-11-17 16:29:07,Week 11,Sunday
Derius Davis,WR,"LAC 6 @ JAC 35, Final",TGT,$10,-0.1,0.00,147,2025-11-17 16:29:07,Week 11,Sunday
Scott Matlock,RB,"LAC 6 @ JAC 35, Final",,$10,3.7,0.00,148,2025-11-17 16:29:08,Week 11,Sunday
KeAndre Lambert-Smith,WR,"LAC 6 @ JAC 35, Final",,$10,0.1,0.00,149,2025-11-17 16:29:08,Week 11,Sunday
Nick Mullens,QB,"LAC 6 @ JAC 35, Final",,$20,0.3,0.00,150,2025-11-17 16:29:08,Week 11,Sunday
Hunter LongO,TE,"LAC 6 @ JAC 35, Final",,$10,3.8,0.00,151,2025-11-17 16:29:08,Week 11,Sunday
Dyami Brown,WR,"LAC 6 @ JAC 35, Final",TGT,$15,4.4,0.00,152,2025-11-17 16:29:08,Week 11,Sunday
Brian Thomas Jr.O,WR,"LAC 6 @ JAC 35, Final",,$25,8.8,0.00,153,2025-11-17 16:29:08,Week 11,Sunday
Cody Schrader,RB,"LAC 6 @ JAC 35, Final",,$10,0.7,0.00,154,2025-11-17 16:29:08,Week 11,Sunday
Jaret Patterson,RB,"LAC 6 @ JAC 35, Final",,$10,2.5,0.00,155,2025-11-17 16:29:08,Week 11,Sunday
Tim Jones,WR,"LAC 6 @ JAC 35, Final",,$10,1.0,0.00,156,2025-11-17 16:29:08,Week 11,Sunday
Brenton StrangeIR,TE,"LAC 6 @ JAC 35, Final",,$12,6.1,0.00,157,2025-11-17 16:29:08,Week 11,Sunday
Chris Godwin Jr.O,WR,"TB 32 @ BUF 44, Final",,$28,4.1,0.00,158,2025-11-17 16:29:08,Week 11,Sunday
Payne Durham,TE,"TB 32 @ BUF 44, Final",,$10,—,0.00,159,2025-11-17 16:29:08,Week 11,Sunday
Ryan Miller,WR,"TB 32 @ BUF 44, Final",,$10,1.5,0.00,160,2025-11-17 16:29:08,Week 11,Sunday
Bucky IrvingO,RB,"TB 32 @ BUF 44, Final",,$30,15.6,0.00,161,2025-11-17 16:29:08,Week 11,Sunday
Devin Culp,TE,"TB 32 @ BUF 44, Final",,$10,5.7,0.00,162,2025-11-17 16:29:08,Week 11,Sunday
Kameron Johnson,WR,"TB 32 @ BUF 44, Final",,$10,1.6,0.00,163,2025-11-17 16:29:08,Week 11,Sunday
Josh WilliamsSUSP,RB,"TB 32 @ BUF 44, Final",,$10,0.6,0.00,164,2025-11-17 16:29:08,Week 11,Sunday
Mitchell Trubisky,QB,"TB 32 @ BUF 44, Final",,$20,0.8,0.00,165,2025-11-17 16:29:08,Week 11,Sunday
Reggie Gilliam,RB,"TB 32 @ BUF 44, Final",,$10,—,0.00,166,2025-11-17 16:29:08,Week 11,Sunday
Elijah Moore,WR,"TB 32 @ BUF 44, Final",,$10,3.0,0.00,167,2025-11-17 16:29:08,Week 11,Sunday
Dalton KincaidO,TE,"TB 32 @ BUF 44, Final",,$16,10.4,0.00,168,2025-11-17 16:29:08,Week 11,Sunday
Keon Coleman,WR,"TB 32 @ BUF 44, Final",,$16,7.2,0.00,169,2025-11-17 16:29:08,Week 11,Sunday
Ray Davis,RB,"TB 32 @ BUF 44, Final",,$10,1.4,0.00,170,2025-11-17 16:29:08,Week 11,Sunday
Jackson Hawes,TE,"TB 32 @ BUF 44, Final",,$10,3.9,0.00,171,2025-11-17 16:29:08,Week 11,Sunday
Jalen McMillanIR,WR,"TB 32 @ BUF 44, Final",,$14,—,0.00,172,2025-11-17 16:29:08,Week 11,Sunday
Case Keenum,QB,"CHI 19 @ MIN 17, Final",,$20,—,0.00,173,2025-11-17 16:29:09,Week 11,Sunday
Olamide Zaccheaus,WR,"CHI 19 @ MIN 17, Final",,$13,5.5,0.00,174,2025-11-17 16:29:09,Week 11,Sunday
Devin Duvernay,WR,"CHI 19 @ MIN 17, Final",,$10,0.1,0.00,175,2025-11-17 16:29:09,Week 11,Sunday
Roschon Johnson,RB,"CHI 19 @ MIN 17, Final",,$10,0.3,0.00,176,2025-11-17 16:29:09,Week 11,Sunday
Tyson Bagent,QB,"CHI 19 @ MIN 17, Final",,$20,1.3,0.00,177,2025-11-17 16:29:09,Week 11,Sunday
Jahdae WalkerO,WR,"CHI 19 @ MIN 17, Final",,$10,—,0.00,178,2025-11-17 16:29:09,Week 11,Sunday
C.J. Ham,RB,"CHI 19 @ MIN 17, Final",,$10,0.3,0.00,179,2025-11-17 16:29:09,Week 11,Sunday
Ben Sims,TE,"CHI 19 @ MIN 17, Final",,$10,1.5,0.00,180,2025-11-17 16:29:09,Week 11,Sunday
Zavier Scott,RB,"CHI 19 @ MIN 17, Final",,$10,3.9,0.00,181,2025-11-17 16:29:09,Week 11,Sunday
Tai Felton,WR,"CHI 19 @ MIN 17, Final",,$10,0.3,0.00,182,2025-11-17 16:29:09,Week 11,Sunday
Gavin BartholomewPUP,TE,"CHI 19 @ MIN 17, Final",,$10,—,0.00,183,2025-11-17 16:29:09,Week 11,Sunday
Max Brosmer,QB,"CHI 19 @ MIN 17, Final",,$20,0.5,0.00,184,2025-11-17 16:29:09,Week 11,Sunday
Myles Price,WR,"CHI 19 @ MIN 17, Final",,$10,—,0.00,185,2025-11-17 16:29:09,Week 11,Sunday
Ben Yurosek,TE,"CHI 19 @ MIN 17, Final",,$10,0.3,0.00,186,2025-11-17 16:29:09,Week 11,Sunday
Corey Kiner,RB,"CHI 19 @ MIN 17, Final",,$10,—,0.00,187,2025-11-17 16:29:09,Week 11,Sunday
Stephen Carlson,TE,"CHI 19 @ MIN 17, Final",,$10,—,0.00,188,2025-11-17 16:29:09,Week 11,Sunday
Ty ChandlerIR,RB,"CHI 19 @ MIN 17, Final",,$10,—,0.00,189,2025-11-17 16:29:09,Week 11,Sunday
Malik Heath,WR,"GB 27 @ NYG 20, Final",,$10,2.9,0.00,190,2025-11-17 16:29:09,Week 11,Sunday
Russell Wilson,QB,"GB 27 @ NYG 20, Final",,$20,8.8,0.00,191,2025-11-17 16:29:09,Week 11,Sunday
Chris Manhertz,TE,"GB 27 @ NYG 20, Final",,$10,0.6,0.00,192,2025-11-17 16:29:09,Week 11,Sunday
Darius SlaytonO,WR,"GB 27 @ NYG 20, Final",,$20,5.5,0.00,193,2025-11-17 16:29:09,Week 11,Sunday
Gunner Olszewski,WR,"GB 27 @ NYG 20, Final",,$10,0.8,0.00,194,2025-11-17 16:29:09,Week 11,Sunday
Daniel Bellinger,TE,"GB 27 @ NYG 20, Final",TGT,$10,4.0,0.00,195,2025-11-17 16:29:09,Week 11,Sunday
Eric GrayPUP,RB,"GB 27 @ NYG 20, Final",,$10,—,0.00,196,2025-11-17 16:29:09,Week 11,Sunday
Jaxson DartO,QB,"GB 27 @ NYG 20, Final",,$36,18.2,0.00,197,2025-11-17 16:29:09,Week 11,Sunday
Thomas Fidone II,TE,"GB 27 @ NYG 20, Final",,$10,—,0.00,198,2025-11-17 16:29:10,Week 11,Sunday
Beaux CollinsIR,WR,"GB 27 @ NYG 20, Final",,$10,0.9,0.00,199,2025-11-17 16:29:10,Week 11,Sunday
Ray-Ray McCloud,WR,"GB 27 @ NYG 20, Final",,$10,2.1,0.00,200,2025-11-17 16:29:10,Week 11,Sunday
MarShawn LloydIR,RB,"GB 27 @ NYG 20, Final",,$10,—,0.00,201,2025-11-17 16:29:10,Week 11,Sunday
Jayden ReedIR,WR,"GB 27 @ NYG 20, Final",,$16,6.0,0.00,202,2025-11-17 16:29:10,Week 11,Sunday
Braxton Berrios,WR,"HOU 16 @ TEN 13, Final",,$10,1.7,0.00,203,2025-11-17 16:29:10,Week 11,Sunday
Harrison BryantIR,TE,"HOU 16 @ TEN 13, Final",,$10,0.3,0.00,204,2025-11-17 16:29:10,Week 11,Sunday
Dameon Pierce,RB,"HOU 16 @ TEN 13, Final",,$10,0.7,0.00,205,2025-11-17 16:29:10,Week 11,Sunday
C.J. StroudO,QB,"HOU 16 @ TEN 13, Final",,$28,15.7,0.00,206,2025-11-17 16:29:10,Week 11,Sunday
Tank DellPUP,WR,"HOU 16 @ TEN 13, Final",,$11,8.2,0.00,207,2025-11-17 16:29:10,Week 11,Sunday
British Brooks,RB,"HOU 16 @ TEN 13, Final",,$10,0.5,0.00,208,2025-11-17 16:29:10,Week 11,Sunday
Graham Mertz,QB,"HOU 16 @ TEN 13, Final",,$20,—,0.00,209,2025-11-17 16:29:10,Week 11,Sunday
Brandon Allen,QB,"HOU 16 @ TEN 13, Final",,$20,2.8,0.00,210,2025-11-17 16:29:10,Week 11,Sunday
Julius Chestnut,RB,"HOU 16 @ TEN 13, Final",,$10,0.4,0.00,211,2025-11-17 16:29:10,Week 11,Sunday
Bryce OliverIR,WR,"HOU 16 @ TEN 13, Final",,$10,0.7,0.00,212,2025-11-17 16:29:10,Week 11,Sunday
David Martin-Robinson,TE,"HOU 16 @ TEN 13, Final",,$10,1.3,0.00,213,2025-11-17 16:29:10,Week 11,Sunday
Jakob Johnson,RB,"HOU 16 @ TEN 13, Final",,$10,—,0.00,214,2025-11-17 16:29:10,Week 11,Sunday
Cade Stover,TE,"HOU 16 @ TEN 13, Final",,$10,4.2,0.00,215,2025-11-17 16:29:10,Week 11,Sunday
Kalel MullingsIR,RB,"HOU 16 @ TEN 13, Final",,$10,—,0.00,216,2025-11-17 16:29:10,Week 11,Sunday
Andy Dalton,QB,"CAR 30 @ ATL 27, Final OT",,$20,2.6,0.00,217,2025-11-17 16:29:10,Week 11,Sunday
Hunter Renfrow,WR,"CAR 30 @ ATL 27, Final OT",,$10,4.7,0.00,218,2025-11-17 16:29:10,Week 11,Sunday
James Mitchell,TE,"CAR 30 @ ATL 27, Final OT",,$10,2.2,0.00,219,2025-11-17 16:29:10,Week 11,Sunday
Jonathon BrooksPUP,RB,"CAR 30 @ ATL 27, Final OT",,$10,2.0,0.00,220,2025-11-17 16:29:10,Week 11,Sunday
Jimmy Horn Jr.,WR,"CAR 30 @ ATL 27, Final OT",,$10,2.8,0.00,221,2025-11-17 16:29:10,Week 11,Sunday
Jamal Agnew,WR,"CAR 30 @ ATL 27, Final OT",,$10,—,0.00,222,2025-11-17 16:29:10,Week 11,Sunday
KhaDarel Hodge,WR,"CAR 30 @ ATL 27, Final OT",TGT,$10,0.7,0.00,223,2025-11-17 16:29:11,Week 11,Sunday
Charlie Woerner,TE,"CAR 30 @ ATL 27, Final OT",,$10,0.6,0.00,224,2025-11-17 16:29:11,Week 11,Sunday
Feleipe Franks,TE,"CAR 30 @ ATL 27, Final OT",,$10,0.0,0.00,225,2025-11-17 16:29:11,Week 11,Sunday
Teagan Quitoriano,TE,"CAR 30 @ ATL 27, Final OT",,$10,—,0.00,226,2025-11-17 16:29:11,Week 11,Sunday
Casey Washington,WR,"CAR 30 @ ATL 27, Final OT",,$10,2.5,0.00,227,2025-11-17 16:29:11,Week 11,Sunday
Nathan Carter,RB,"CAR 30 @ ATL 27, Final OT",,$10,2.0,0.00,228,2025-11-17 16:29:11,Week 11,Sunday
Dan Chisena,WR,"CAR 30 @ ATL 27, Final OT",,$10,1.3,0.00,229,2025-11-17 16:29:11,Week 11,Sunday
Samaje PerineO,RB,"CIN 12 @ PIT 34, Final",,$12,3.4,0.00,230,2025-11-17 16:29:11,Week 11,Sunday
Drew Sample,TE,"CIN 12 @ PIT 34, Final",,$10,1.8,0.00,231,2025-11-17 16:29:11,Week 11,Sunday
Jake Browning,QB,"CIN 12 @ PIT 34, Final",,$20,14.0,0.00,232,2025-11-17 16:29:11,Week 11,Sunday
Charlie Jones,WR,"CIN 12 @ PIT 34, Final",,$10,0.7,0.00,233,2025-11-17 16:29:11,Week 11,Sunday
Mitch Tinsley,WR,"CIN 12 @ PIT 34, Final",,$10,3.1,0.00,234,2025-11-17 16:29:11,Week 11,Sunday
Jermaine BurtonO,WR,"CIN 12 @ PIT 34, Final",,$10,1.6,0.00,235,2025-11-17 16:29:11,Week 11,Sunday
Erick All Jr.PUP,TE,"CIN 12 @ PIT 34, Final",,$10,3.2,0.00,236,2025-11-17 16:29:11,Week 11,Sunday
Cam Grandy,TE,"CIN 12 @ PIT 34, Final",,$10,1.1,0.00,237,2025-11-17 16:29:11,Week 11,Sunday
Jonnu Smith,TE,"CIN 12 @ PIT 34, Final",2 TGT,$11,4.2,0.00,238,2025-11-17 16:29:11,Week 11,Sunday
Scotty Miller,WR,"CIN 12 @ PIT 34, Final",,$10,0.7,0.00,239,2025-11-17 16:29:11,Week 11,Sunday
Ben Skowronek,WR,"CIN 12 @ PIT 34, Final",,$10,1.1,0.00,240,2025-11-17 16:29:11,Week 11,Sunday
Ke'Shawn WilliamsQ,WR,"CIN 12 @ PIT 34, Final",,$10,—,0.00,241,2025-11-17 16:29:11,Week 11,Sunday
Sean Clifford,QB,"CIN 12 @ PIT 34, Final",,$20,—,0.00,242,2025-11-17 16:29:11,Week 11,Sunday
Will HowardO,QB,"CIN 12 @ PIT 34, Final",,$20,—,0.00,243,2025-11-17 16:29:11,Week 11,Sunday
Trey Sermon,RB,"CIN 12 @ PIT 34, Final",,$10,—,0.00,244,2025-11-17 16:29:11,Week 11,Sunday
Teddy Bridgewater,QB,"TB 32 @ BUF 44, Final","RUSH ATT,-1 RUSH YD",$20,-0.1,-0.10,245,2025-11-17 16:29:11,Week 11,Sunday
Travis Homer,RB,"CHI 19 @ MIN 17, Final","RUSH ATT,-2 RUSH YD",$10,-0.1,-0.20,246,2025-11-17 16:29:11,Week 11,Sunday
Los Angeles Chargers,DEF,"LAC 6 @ JAC 35, Final","35 PTS ALLOWED,INT",$15,5.5,-2.00,247,2025-11-17 16:29:11,Week 11,Sunday
Mecole HardmanQ,WR,"TB 32 @ BUF 44, Final","TGT,FUM LOST",$10,-2.0,-2.00,248,2025-11-17 16:29:12,Week 11,Sunday
Christian McCaffrey,RB,"SF 41 @ ARI 22, Final","13 RUSH ATT,81 RUSH YD,2 RUSH TD,6 TGT,5 REC,40 REC YD,REC TD",$45,22.4,32.60,1,2025-11-17 16:29:28,Week 11,Sunday
Michael Wilson,WR,"SF 41 @ ARI 22, Final","18 TGT,15 REC,185 REC YD",$14,6.6,26.00,2,2025-11-17 16:29:28,Week 11,Sunday
Jacoby Brissett,QB,"SF 41 @ ARI 22, Final","452 PASS YD,2 PASS TD,2 INT,2 RUSH ATT,-2 RUSH YD",$32,15.7,23.88,3,2025-11-17 16:29:28,Week 11,Sunday
Trey McBride,TE,"SF 41 @ ARI 22, Final","11 TGT,10 REC,115 REC YD,REC TD",$29,14.9,22.50,4,2025-11-17 16:29:28,Week 11,Sunday
George Kittle,TE,"SF 41 @ ARI 22, Final","6 TGT,6 REC,67 REC YD,2 REC TD",$20,11.4,21.70,5,2025-11-17 16:29:28,Week 11,Sunday
Travis Kelce,TE,"KC 19 @ DEN 22, Final","13 TGT,9 REC,91 REC YD,REC TD",$20,11.4,19.60,6,2025-11-17 16:29:28,Week 11,Sunday
Brock Purdy,QB,"SF 41 @ ARI 22, Final","200 PASS YD,3 PASS TD,RUSH ATT,-7 RUSH YD",$30,19.2,19.30,7,2025-11-17 16:29:28,Week 11,Sunday
Derrick Henry,RB,"BAL 23 @ CLE 16, Final","18 RUSH ATT,103 RUSH YD,RUSH TD,2 TGT,2 REC,19 REC YD",$31,13.2,19.20,8,2025-11-17 16:29:28,Week 11,Sunday
Kenneth Walker III,RB,"SEA 19 @ LA 21, Final","16 RUSH ATT,67 RUSH YD,RUSH TD,3 TGT,3 REC,44 REC YD",$19,10.4,18.60,9,2025-11-17 16:29:28,Week 11,Sunday
Cleveland Browns,DEF,"BAL 23 @ CLE 16, Final","23 PTS ALLOWED,5 SACK,2 INT,FUM REC,TD",$15,8.0,17.00,10,2025-11-17 16:29:28,Week 11,Sunday
Jaxon Smith-Njigba,WR,"SEA 19 @ LA 21, Final","RUSH ATT,11 RUSH YD,12 TGT,9 REC,105 REC YD",$44,18.2,16.10,11,2025-11-17 16:29:28,Week 11,Sunday
Kyren Williams,RB,"SEA 19 @ LA 21, Final","12 RUSH ATT,91 RUSH YD,RUSH TD,2 TGT,REC,5 REC YD",$36,15.5,16.10,12,2025-11-17 16:29:28,Week 11,Sunday
Greg Dortch,WR,"SF 41 @ ARI 22, Final","6 TGT,6 REC,66 REC YD,REC TD",$10,4.4,15.60,13,2025-11-17 16:29:28,Week 11,Sunday
Patrick Mahomes,QB,"KC 19 @ DEN 22, Final","276 PASS YD,PASS TD,INT,RUSH ATT,3 RUSH YD",$41,22.6,14.34,14,2025-11-17 16:29:28,Week 11,Sunday
Mark Andrews,TE,"BAL 23 @ CLE 16, Final","RUSH ATT,35 RUSH YD,RUSH TD,5 TGT,3 REC,32 REC YD",$17,8.4,14.20,15,2025-11-17 16:29:28,Week 11,Sunday
Matthew Stafford,QB,"SEA 19 @ LA 21, Final","130 PASS YD,2 PASS TD",$40,20.3,13.20,16,2025-11-17 16:29:28,Week 11,Sunday
Kareem Hunt,RB,"KC 19 @ DEN 22, Final","13 RUSH ATT,59 RUSH YD,RUSH TD,2 TGT,REC,3 REC YD",$19,8.9,12.70,17,2025-11-17 16:29:28,Week 11,Sunday
Bo Nix,QB,"KC 19 @ DEN 22, Final","295 PASS YD,3 RUSH ATT,8 RUSH YD,TGT",$37,18.7,12.60,18,2025-11-17 16:29:29,Week 11,Sunday
Bam Knight,RB,"SF 41 @ ARI 22, Final","5 RUSH ATT,24 RUSH YD,RUSH TD,4 TGT,4 REC,21 REC YD",$11,6.3,12.50,19,2025-11-17 16:29:29,Week 11,Sunday
AJ Barner,TE,"SEA 19 @ LA 21, Final","2 RUSH ATT,RUSH YD,11 TGT,10 REC,70 REC YD",$12,7.7,12.10,20,2025-11-17 16:29:29,Week 11,Sunday
Puka Nacua,WR,"SEA 19 @ LA 21, Final","2 RUSH ATT,18 RUSH YD,8 TGT,7 REC,75 REC YD,FUM LOST",$41,17.4,10.80,21,2025-11-17 16:29:29,Week 11,Sunday
Pat Bryant,WR,"KC 19 @ DEN 22, Final","6 TGT,5 REC,82 REC YD",$11,4.6,10.70,22,2025-11-17 16:29:29,Week 11,Sunday
Troy Franklin,WR,"KC 19 @ DEN 22, Final","8 TGT,4 REC,84 REC YD",$22,9.9,10.40,23,2025-11-17 16:29:29,Week 11,Sunday
Zay Flowers,WR,"BAL 23 @ CLE 16, Final","RUSH ATT,5 RUSH YD,5 TGT,3 REC,78 REC YD",$26,10.4,9.80,24,2025-11-17 16:29:29,Week 11,Sunday
Los Angeles Rams,DEF,"SEA 19 @ LA 21, Final","19 PTS ALLOWED,4 INT",$17,8.5,9.00,25,2025-11-17 16:29:29,Week 11,Sunday
Baltimore Ravens,DEF,"BAL 23 @ CLE 16, Final","10 PTS ALLOWED,3 SACK,INT",$13,4.4,9.00,26,2025-11-17 16:29:29,Week 11,Sunday
Colby Parkinson,TE,"SEA 19 @ LA 21, Final","2 TGT,2 REC,14 REC YD,REC TD",$10,4.3,8.40,27,2025-11-17 16:29:29,Week 11,Sunday
Sam Darnold,QB,"SEA 19 @ LA 21, Final","279 PASS YD,4 INT,2 RUSH ATT,11 RUSH YD",$34,15.7,8.26,28,2025-11-17 16:29:29,Week 11,Sunday
Denver Broncos,DEF,"KC 19 @ DEN 22, Final","19 PTS ALLOWED,3 SACK,INT,BLK KICK",$16,8.3,8.00,29,2025-11-17 16:29:29,Week 11,Sunday
Courtland Sutton,WR,"KC 19 @ DEN 22, Final","8 TGT,4 REC,59 REC YD",$25,10.3,7.90,30,2025-11-17 16:29:29,Week 11,Sunday
Jaleel McLaughlin,RB,"KC 19 @ DEN 22, Final","6 RUSH ATT,19 RUSH YD,RUSH TD,TGT,REC,-5 REC YD",$10,4.0,7.90,31,2025-11-17 16:29:29,Week 11,Sunday
Jauan Jennings,WR,"SF 41 @ ARI 22, Final","6 TGT,4 REC,54 REC YD",$23,8.0,7.40,32,2025-11-17 16:29:29,Week 11,Sunday
Rashee Rice,WR,"KC 19 @ DEN 22, Final","9 TGT,6 REC,38 REC YD",$36,16.0,6.80,33,2025-11-17 16:29:29,Week 11,Sunday
Lamar Jackson,QB,"BAL 23 @ CLE 16, Final","193 PASS YD,2 INT,4 RUSH ATT,10 RUSH YD",$42,20.5,6.72,34,2025-11-17 16:29:29,Week 11,Sunday
Cedric Tillman,WR,"BAL 23 @ CLE 16, Final","4 TGT,3 REC,52 REC YD",$16,6.1,6.70,35,2025-11-17 16:29:29,Week 11,Sunday
Davante Adams,WR,"SEA 19 @ LA 21, Final","8 TGT,REC,REC YD,REC TD",$34,13.8,6.60,36,2025-11-17 16:29:29,Week 11,Sunday
Tyquan Thornton,WR,"KC 19 @ DEN 22, Final","2 TGT,REC,61 REC YD",$10,7.8,6.60,37,2025-11-17 16:29:29,Week 11,Sunday
RJ Harvey,RB,"KC 19 @ DEN 22, Final","11 RUSH ATT,30 RUSH YD,3 TGT,3 REC,20 REC YD",$21,8.5,6.50,38,2025-11-17 16:29:29,Week 11,Sunday
Keaton Mitchell,RB,"BAL 23 @ CLE 16, Final","6 RUSH ATT,31 RUSH YD,3 TGT,2 REC,23 REC YD",$10,3.0,6.40,39,2025-11-17 16:29:29,Week 11,Sunday
San Francisco 49ers,DEF,"SF 41 @ ARI 22, Final","22 PTS ALLOWED,2 INT,FUM REC",$10,3.7,6.00,40,2025-11-17 16:29:29,Week 11,Sunday
Hollywood Brown,WR,"KC 19 @ DEN 22, Final","4 TGT,4 REC,40 REC YD",$15,8.6,6.00,41,2025-11-17 16:29:29,Week 11,Sunday
Quinshon Judkins,RB,"BAL 23 @ CLE 16, Final","17 RUSH ATT,59 RUSH YD,2 TGT",$28,11.8,5.90,42,2025-11-17 16:29:29,Week 11,Sunday
Zach Charbonnet,RB,"SEA 19 @ LA 21, Final","11 RUSH ATT,37 RUSH YD,2 TGT,2 REC,10 REC YD",$20,9.1,5.70,43,2025-11-17 16:29:30,Week 11,Sunday
Michael Carter,RB,"SF 41 @ ARI 22, Final","2 RUSH ATT,6 RUSH YD,7 TGT,5 REC,22 REC YD",$10,5.6,5.30,44,2025-11-17 16:29:30,Week 11,Sunday
Evan Engram,TE,"KC 19 @ DEN 22, Final","5 TGT,4 REC,33 REC YD",$11,4.9,5.30,45,2025-11-17 16:29:30,Week 11,Sunday
Xavier Worthy,WR,"KC 19 @ DEN 22, Final","5 TGT,3 REC,25 REC YD",$22,6.9,4.00,46,2025-11-17 16:29:30,Week 11,Sunday
Rashid Shaheed,WR,"SEA 19 @ LA 21, Final","RUSH ATT,2 RUSH YD,5 TGT,2 REC,27 REC YD",$20,8.1,3.90,47,2025-11-17 16:29:30,Week 11,Sunday
Cooper Kupp,WR,"SEA 19 @ LA 21, Final","7 TGT,3 REC,23 REC YD",$15,6.5,3.80,48,2025-11-17 16:29:30,Week 11,Sunday
Kyle Juszczyk,RB,"SF 41 @ ARI 22, Final","2 TGT,2 REC,26 REC YD",$10,2.8,3.60,49,2025-11-17 16:29:30,Week 11,Sunday
Jerry Jeudy,WR,"BAL 23 @ CLE 16, Final","7 TGT,3 REC,21 REC YD",$18,5.7,3.60,50,2025-11-17 16:29:30,Week 11,Sunday
Harold Fannin Jr.,TE,"BAL 23 @ CLE 16, Final","5 TGT,2 REC,26 REC YD",$15,7.7,3.60,51,2025-11-17 16:29:30,Week 11,Sunday
Emari DemercadoQ,RB,"SF 41 @ ARI 22, Final","5 RUSH ATT,8 RUSH YD,3 TGT,2 REC,12 REC YD",$13,4.8,3.00,52,2025-11-17 16:29:30,Week 11,Sunday
Dillon GabrielQ,QB,"BAL 23 @ CLE 16, Final","68 PASS YD,2 RUSH ATT,2 RUSH YD",$22,9.0,2.92,53,2025-11-17 16:29:30,Week 11,Sunday
Tyler HigbeeQ,TE,"SEA 19 @ LA 21, Final","2 TGT,REC,23 REC YD",$12,5.1,2.80,54,2025-11-17 16:29:30,Week 11,Sunday
Xavier Weaver,WR,"SF 41 @ ARI 22, Final","3 TGT,2 REC,15 REC YD",$10,0.8,2.50,55,2025-11-17 16:29:30,Week 11,Sunday
Isaiah Likely,TE,"BAL 23 @ CLE 16, Final","3 TGT,2 REC,15 REC YD",$10,3.0,2.50,56,2025-11-17 16:29:30,Week 11,Sunday
Shedeur Sanders,QB,"BAL 23 @ CLE 16, Final","47 PASS YD,INT,3 RUSH ATT,16 RUSH YD",$20,2.5,2.48,57,2025-11-17 16:29:30,Week 11,Sunday
Brian Robinson Jr.,RB,"SF 41 @ ARI 22, Final","8 RUSH ATT,24 RUSH YD,TGT",$10,3.9,2.40,58,2025-11-17 16:29:30,Week 11,Sunday
Seattle Seahawks,DEF,"SEA 19 @ LA 21, Final","21 PTS ALLOWED,FUM REC",$19,9.8,2.00,59,2025-11-17 16:29:30,Week 11,Sunday
Kansas City Chiefs,DEF,"KC 19 @ DEN 22, Final","22 PTS ALLOWED,2 SACK",$12,6.2,2.00,60,2025-11-17 16:29:30,Week 11,Sunday
Rasheen Ali,RB,"BAL 23 @ CLE 16, Final","TGT,REC,15 REC YD",$10,0.3,2.00,61,2025-11-17 16:29:30,Week 11,Sunday
Noah Gray,TE,"KC 19 @ DEN 22, Final","3 TGT,2 REC,9 REC YD",$10,1.9,1.90,62,2025-11-17 16:29:30,Week 11,Sunday
Adam Prentice,RB,"KC 19 @ DEN 22, Final","2 TGT,REC,14 REC YD",$10,0.8,1.90,63,2025-11-17 16:29:30,Week 11,Sunday
Malachi Corley,WR,"BAL 23 @ CLE 16, Final","2 TGT,2 REC,9 REC YD",$10,2.4,1.90,64,2025-11-17 16:29:30,Week 11,Sunday
Dylan Sampson,RB,"BAL 23 @ CLE 16, Final","RUSH ATT,19 RUSH YD,TGT",$10,3.7,1.90,65,2025-11-17 16:29:30,Week 11,Sunday
Demarcus Robinson,WR,"SF 41 @ ARI 22, Final","2 TGT,REC,13 REC YD",$10,2.9,1.80,66,2025-11-17 16:29:30,Week 11,Sunday
Brashard Smith,RB,"KC 19 @ DEN 22, Final","3 TGT,2 REC,8 REC YD",$10,2.9,1.80,67,2025-11-17 16:29:31,Week 11,Sunday
DeAndre Hopkins,WR,"BAL 23 @ CLE 16, Final","4 TGT,REC,11 REC YD",$10,4.0,1.60,68,2025-11-17 16:29:31,Week 11,Sunday
Jordan Whittington,WR,"SEA 19 @ LA 21, Final","TGT,REC,9 REC YD",$10,2.6,1.40,69,2025-11-17 16:29:31,Week 11,Sunday
Xavier SmithQ,WR,"SEA 19 @ LA 21, Final","2 TGT,REC,8 REC YD",$10,1.2,1.30,70,2025-11-17 16:29:31,Week 11,Sunday
Adam Trautman,TE,"KC 19 @ DEN 22, Final","TGT,REC,8 REC YD",$10,3.0,1.30,71,2025-11-17 16:29:31,Week 11,Sunday
David Njoku,TE,"BAL 23 @ CLE 16, Final","2 TGT,REC,7 REC YD",$17,6.9,1.20,72,2025-11-17 16:29:31,Week 11,Sunday
Blake Corum,RB,"SEA 19 @ LA 21, Final","8 RUSH ATT,10 RUSH YD,2 TGT,REC,-5 REC YD",$10,4.1,1.00,73,2025-11-17 16:29:31,Week 11,Sunday
Isaiah Bond,WR,"BAL 23 @ CLE 16, Final","RUSH ATT,8 RUSH YD,TGT",$10,2.4,0.80,74,2025-11-17 16:29:31,Week 11,Sunday
George Holani,RB,"SEA 19 @ LA 21, Final","2 RUSH ATT,6 RUSH YD",$10,2.0,0.60,75,2025-11-17 16:29:31,Week 11,Sunday
Robert Tonyan,TE,"KC 19 @ DEN 22, Final","TGT,REC,REC YD",$10,0.3,0.60,76,2025-11-17 16:29:31,Week 11,Sunday
Ricky Pearsall,WR,"SF 41 @ ARI 22, Final","3 TGT,REC",$21,7.1,0.50,77,2025-11-17 16:29:31,Week 11,Sunday
Tyler Badie,RB,"KC 19 @ DEN 22, Final","TGT,REC",$10,1.5,0.50,78,2025-11-17 16:29:31,Week 11,Sunday
Marvin Mims Jr.,WR,"KC 19 @ DEN 22, Final","RUSH ATT,2 RUSH YD",$14,5.0,0.20,79,2025-11-17 16:29:31,Week 11,Sunday
Jerome Ford,RB,"BAL 23 @ CLE 16, Final","RUSH ATT,2 RUSH YD",$10,2.6,0.20,80,2025-11-17 16:29:31,Week 11,Sunday
Elijah Higgins,TE,"SF 41 @ ARI 22, Final","3 TGT,2 REC,11 REC YD,FUM LOST",$10,2.2,0.10,81,2025-11-17 16:29:31,Week 11,Sunday
Kendrick Bourne,WR,"SF 41 @ ARI 22, Final",,$11,7.1,0.00,82,2025-11-17 16:29:31,Week 11,Sunday
Brandon AiyukPUP,WR,"SF 41 @ ARI 22, Final",,$17,7.1,0.00,83,2025-11-17 16:29:31,Week 11,Sunday
Luke Farrell,TE,"SF 41 @ ARI 22, Final",,$10,2.3,0.00,84,2025-11-17 16:29:31,Week 11,Sunday
Skyy Moore,WR,"SF 41 @ ARI 22, Final",,$10,0.8,0.00,85,2025-11-17 16:29:31,Week 11,Sunday
Jake Tonges,TE,"SF 41 @ ARI 22, Final",,$10,7.5,0.00,86,2025-11-17 16:29:31,Week 11,Sunday
Adrian Martinez,QB,"SF 41 @ ARI 22, Final",,$20,-0.1,0.00,87,2025-11-17 16:29:31,Week 11,Sunday
Isaac Guerendo,RB,"SF 41 @ ARI 22, Final",,$10,—,0.00,88,2025-11-17 16:29:31,Week 11,Sunday
Jordan WatkinsO,WR,"SF 41 @ ARI 22, Final",,$10,1.8,0.00,89,2025-11-17 16:29:31,Week 11,Sunday
Jordan JamesO,RB,"SF 41 @ ARI 22, Final",,$10,—,0.00,90,2025-11-17 16:29:31,Week 11,Sunday
Zay JonesIR,WR,"SF 41 @ ARI 22, Final",,$10,3.5,0.00,91,2025-11-17 16:29:31,Week 11,Sunday
Simi FehokoIR,WR,"SF 41 @ ARI 22, Final",,$10,—,0.00,92,2025-11-17 16:29:32,Week 11,Sunday
Marvin Harrison Jr.O,WR,"SF 41 @ ARI 22, Final",,$28,10.6,0.00,93,2025-11-17 16:29:32,Week 11,Sunday
Kedon Slovis,QB,"SF 41 @ ARI 22, Final",,$20,—,0.00,94,2025-11-17 16:29:32,Week 11,Sunday
Josiah Deguara,TE,"SF 41 @ ARI 22, Final",,$10,—,0.00,95,2025-11-17 16:29:32,Week 11,Sunday
Trey BensonIR,RB,"SF 41 @ ARI 22, Final",,$17,7.2,0.00,96,2025-11-17 16:29:32,Week 11,Sunday
Drew Lock,QB,"SEA 19 @ LA 21, Final",,$20,0.0,0.00,97,2025-11-17 16:29:32,Week 11,Sunday
Dareke YoungIR,WR,"SEA 19 @ LA 21, Final",,$10,1.0,0.00,98,2025-11-17 16:29:32,Week 11,Sunday
Jake BoboO,WR,"SEA 19 @ LA 21, Final",,$10,1.5,0.00,99,2025-11-17 16:29:32,Week 11,Sunday
Brady Russell,RB,"SEA 19 @ LA 21, Final",,$10,—,0.00,100,2025-11-17 16:29:32,Week 11,Sunday
Elijah Arroyo,TE,"SEA 19 @ LA 21, Final",2 TGT,$10,2.8,0.00,101,2025-11-17 16:29:32,Week 11,Sunday
Jalen MilroeO,QB,"SEA 19 @ LA 21, Final",,$20,-0.5,0.00,102,2025-11-17 16:29:32,Week 11,Sunday
Tory HortonO,WR,"SEA 19 @ LA 21, Final",,$14,7.3,0.00,103,2025-11-17 16:29:32,Week 11,Sunday
Nick Kallerup,TE,"SEA 19 @ LA 21, Final",,$10,—,0.00,104,2025-11-17 16:29:32,Week 11,Sunday
Jimmy Garoppolo,QB,"SEA 19 @ LA 21, Final",,$20,-0.1,0.00,105,2025-11-17 16:29:32,Week 11,Sunday
Stetson Bennett IV,QB,"SEA 19 @ LA 21, Final",,$20,—,0.00,106,2025-11-17 16:29:32,Week 11,Sunday
Davis Allen,TE,"SEA 19 @ LA 21, Final",,$10,3.9,0.00,107,2025-11-17 16:29:32,Week 11,Sunday
Terrance Ferguson,TE,"SEA 19 @ LA 21, Final",,$10,4.5,0.00,108,2025-11-17 16:29:32,Week 11,Sunday
Jarquez Hunter,RB,"SEA 19 @ LA 21, Final",,$10,—,0.00,109,2025-11-17 16:29:32,Week 11,Sunday
Konata Mumpfield,WR,"SEA 19 @ LA 21, Final",,$10,1.6,0.00,110,2025-11-17 16:29:32,Week 11,Sunday
Robbie Ouzts,RB,"SEA 19 @ LA 21, Final",,$10,—,0.00,111,2025-11-17 16:29:32,Week 11,Sunday
Ronnie Rivers,RB,"SEA 19 @ LA 21, Final",,$10,2.4,0.00,112,2025-11-17 16:29:32,Week 11,Sunday
Cody White,WR,"SEA 19 @ LA 21, Final",,$10,3.1,0.00,113,2025-11-17 16:29:32,Week 11,Sunday
Ricky White III,WR,"SEA 19 @ LA 21, Final",,$10,—,0.00,114,2025-11-17 16:29:32,Week 11,Sunday
JuJu Smith-Schuster,WR,"KC 19 @ DEN 22, Final",,$10,5.3,0.00,115,2025-11-17 16:29:32,Week 11,Sunday
Gardner Minshew,QB,"KC 19 @ DEN 22, Final",,$20,-0.3,0.00,116,2025-11-17 16:29:32,Week 11,Sunday
Elijah Mitchell,RB,"KC 19 @ DEN 22, Final",TGT,$10,—,0.00,117,2025-11-17 16:29:33,Week 11,Sunday
Isiah PachecoO,RB,"KC 19 @ DEN 22, Final",,$17,6.8,0.00,118,2025-11-17 16:29:33,Week 11,Sunday
Nikko Remigio,WR,"KC 19 @ DEN 22, Final",,$10,0.4,0.00,119,2025-11-17 16:29:33,Week 11,Sunday
Jared Wiley,TE,"KC 19 @ DEN 22, Final",,$10,1.2,0.00,120,2025-11-17 16:29:33,Week 11,Sunday
Jalen Royals,WR,"KC 19 @ DEN 22, Final",,$10,—,0.00,121,2025-11-17 16:29:33,Week 11,Sunday
Trent Sherfield Sr.,WR,"KC 19 @ DEN 22, Final",,$10,0.9,0.00,122,2025-11-17 16:29:33,Week 11,Sunday
Jarrett Stidham,QB,"KC 19 @ DEN 22, Final",,$20,-0.1,0.00,123,2025-11-17 16:29:33,Week 11,Sunday
J.K. DobbinsIR,RB,"KC 19 @ DEN 22, Final",,$24,11.0,0.00,124,2025-11-17 16:29:33,Week 11,Sunday
Nate AdkinsO,TE,"KC 19 @ DEN 22, Final",,$10,2.3,0.00,125,2025-11-17 16:29:33,Week 11,Sunday
Michael Bandy,WR,"KC 19 @ DEN 22, Final",,$10,0.1,0.00,126,2025-11-17 16:29:33,Week 11,Sunday
Marcedes Lewis,TE,"KC 19 @ DEN 22, Final",,$10,0.2,0.00,127,2025-11-17 16:29:33,Week 11,Sunday
Patrick Ricard,RB,"BAL 23 @ CLE 16, Final",,$10,0.1,0.00,128,2025-11-17 16:29:33,Week 11,Sunday
Cooper Rush,QB,"BAL 23 @ CLE 16, Final",,$20,1.4,0.00,129,2025-11-17 16:29:33,Week 11,Sunday
Justice HillO,RB,"BAL 23 @ CLE 16, Final",,$10,6.1,0.00,130,2025-11-17 16:29:33,Week 11,Sunday
Tyler Huntley,QB,"BAL 23 @ CLE 16, Final",,$20,11.7,0.00,131,2025-11-17 16:29:33,Week 11,Sunday
Rashod BatemanO,WR,"BAL 23 @ CLE 16, Final",,$15,4.6,0.00,132,2025-11-17 16:29:33,Week 11,Sunday
Tylan Wallace,WR,"BAL 23 @ CLE 16, Final",TGT,$10,1.4,0.00,133,2025-11-17 16:29:33,Week 11,Sunday
Charlie Kolar,TE,"BAL 23 @ CLE 16, Final",TGT,$10,3.0,0.00,134,2025-11-17 16:29:33,Week 11,Sunday
Devontez Walker,WR,"BAL 23 @ CLE 16, Final",,$10,6.5,0.00,135,2025-11-17 16:29:33,Week 11,Sunday
LaJohntay Wester,WR,"BAL 23 @ CLE 16, Final",,$10,—,0.00,136,2025-11-17 16:29:33,Week 11,Sunday
Deshaun WatsonPUP,QB,"BAL 23 @ CLE 16, Final",,$20,11.4,0.00,137,2025-11-17 16:29:33,Week 11,Sunday
Blake Whiteheart,TE,"BAL 23 @ CLE 16, Final",,$10,0.3,0.00,138,2025-11-17 16:29:33,Week 11,Sunday
Jamari Thrash,WR,"BAL 23 @ CLE 16, Final",,$10,2.0,0.00,139,2025-11-17 16:29:33,Week 11,Sunday
Brenden Bates,TE,"BAL 23 @ CLE 16, Final",,$10,3.3,0.00,140,2025-11-17 16:29:33,Week 11,Sunday
Raheim Sanders,RB,"BAL 23 @ CLE 16, Final",,$10,6.3,0.00,141,2025-11-17 16:29:33,Week 11,Sunday
Gage Larvadain,WR,"BAL 23 @ CLE 16, Final",TGT,$10,0.6,0.00,142,2025-11-17 16:29:34,Week 11,Sunday
Mac Jones,QB,"SF 41 @ ARI 22, Final","3 RUSH ATT,-3 RUSH YD",$25,15.1,-0.30,143,2025-11-17 16:29:34,Week 11,Sunday
Arizona Cardinals,DEF,"SF 41 @ ARI 22, Final","41 PTS ALLOWED,SACK,BLK KICK",$12,5.6,-1.00,144,2025-11-17 16:29:34,Week 11,Sunday
Jameson Williams,WR,"DET 9 @ PHI 16, Final","RUSH ATT,9 RUSH YD,7 TGT,4 REC,88 REC YD,REC TD",$24,10.3,17.70,1,2025-11-17 16:29:50,Week 11,Sunday
Jahmyr Gibbs,RB,"DET 9 @ PHI 16, Final","12 RUSH ATT,39 RUSH YD,8 TGT,5 REC,107 REC YD",$44,18.5,17.10,2,2025-11-17 16:29:50,Week 11,Sunday
Jalen Hurts,QB,"DET 9 @ PHI 16, Final","135 PASS YD,10 RUSH ATT,31 RUSH YD,RUSH TD",$43,20.1,14.50,3,2025-11-17 16:29:50,Week 11,Sunday
Jared Goff,QB,"DET 9 @ PHI 16, Final","255 PASS YD,PASS TD,INT,RUSH ATT,-1 RUSH YD",$35,17.8,13.10,4,2025-11-17 16:29:50,Week 11,Sunday
Saquon Barkley,RB,"DET 9 @ PHI 16, Final","26 RUSH ATT,83 RUSH YD,2 TGT,REC,7 REC YD",$35,13.7,9.50,5,2025-11-17 16:29:50,Week 11,Sunday
A.J. Brown,WR,"DET 9 @ PHI 16, Final","11 TGT,7 REC,49 REC YD",$27,9.2,8.40,6,2025-11-17 16:29:50,Week 11,Sunday
Philadelphia Eagles,DEF,"DET 9 @ PHI 16, Final","9 PTS ALLOWED,2 SACK,INT",$12,7.5,8.00,7,2025-11-17 16:29:50,Week 11,Sunday
Jahan Dotson,WR,"DET 9 @ PHI 16, Final","2 TGT,2 REC,43 REC YD",$10,3.4,5.30,8,2025-11-17 16:29:50,Week 11,Sunday
Amon-Ra St. Brown,WR,"DET 9 @ PHI 16, Final","12 TGT,2 REC,42 REC YD",$35,15.5,5.20,9,2025-11-17 16:29:50,Week 11,Sunday
David Montgomery,RB,"DET 9 @ PHI 16, Final","6 RUSH ATT,27 RUSH YD,TGT,REC,10 REC YD",$24,10.3,4.20,10,2025-11-17 16:29:50,Week 11,Sunday
Dallas Goedert,TE,"DET 9 @ PHI 16, Final","5 TGT,2 REC,24 REC YD",$21,10.6,3.40,11,2025-11-17 16:29:50,Week 11,Sunday
Tank Bigsby,RB,"DET 9 @ PHI 16, Final","4 RUSH ATT,34 RUSH YD",$10,1.9,3.40,12,2025-11-17 16:29:50,Week 11,Sunday
Detroit Lions,DEF,"DET 9 @ PHI 16, Final","16 PTS ALLOWED,SACK",$13,7.0,2.00,13,2025-11-17 16:29:50,Week 11,Sunday
Brock Wright,TE,"DET 9 @ PHI 16, Final","7 TGT,2 REC,8 REC YD",$10,4.2,1.80,14,2025-11-17 16:29:50,Week 11,Sunday
DeVonta Smith,WR,"DET 9 @ PHI 16, Final","5 TGT,REC,8 REC YD",$30,10.9,1.30,15,2025-11-17 16:29:50,Week 11,Sunday
Kylen Granson,TE,"DET 9 @ PHI 16, Final","2 TGT,REC,4 REC YD",$10,0.4,0.90,16,2025-11-17 16:29:50,Week 11,Sunday
Kalif RaymondQ,WR,"DET 9 @ PHI 16, Final",,$10,2.9,0.00,17,2025-11-17 16:29:50,Week 11,Sunday
Kyle Allen,QB,"DET 9 @ PHI 16, Final",,$20,-0.2,0.00,18,2025-11-17 16:29:51,Week 11,Sunday
Ross Dwelley,TE,"DET 9 @ PHI 16, Final",,$10,—,0.00,19,2025-11-17 16:29:51,Week 11,Sunday
Craig Reynolds,RB,"DET 9 @ PHI 16, Final",,$10,0.1,0.00,20,2025-11-17 16:29:51,Week 11,Sunday
Sam LaPortaIR,TE,"DET 9 @ PHI 16, Final",,$19,9.7,0.00,21,2025-11-17 16:29:51,Week 11,Sunday
Jacob Saylors,RB,"DET 9 @ PHI 16, Final",,$10,0.1,0.00,22,2025-11-17 16:29:51,Week 11,Sunday
Sione Vaki,RB,"DET 9 @ PHI 16, Final",,$10,0.1,0.00,23,2025-11-17 16:29:51,Week 11,Sunday
Isaac TeSlaa,WR,"DET 9 @ PHI 16, Final",TGT,$10,2.9,0.00,24,2025-11-17 16:29:51,Week 11,Sunday
Dominic Lovett,WR,"DET 9 @ PHI 16, Final",,$10,—,0.00,25,2025-11-17 16:29:51,Week 11,Sunday
A.J. DillonO,RB,"DET 9 @ PHI 16, Final",,$10,1.4,0.00,26,2025-11-17 16:29:51,Week 11,Sunday
Sam HowellO,QB,"DET 9 @ PHI 16, Final",,$20,0.2,0.00,27,2025-11-17 16:29:51,Week 11,Sunday
Grant Calcaterra,TE,"DET 9 @ PHI 16, Final",,$10,1.2,0.00,28,2025-11-17 16:29:51,Week 11,Sunday
Cameron Latu,TE,"DET 9 @ PHI 16, Final",,$10,—,0.00,29,2025-11-17 16:29:51,Week 11,Sunday
Tanner McKee,QB,"DET 9 @ PHI 16, Final",,$20,-0.2,0.00,30,2025-11-17 16:29:51,Week 11,Sunday
Xavier Gipson,WR,"DET 9 @ PHI 16, Final",,$10,0.2,0.00,31,2025-11-17 16:29:51,Week 11,Sunday
Will Shipley,RB,"DET 9 @ PHI 16, Final",,$10,1.3,0.00,32,2025-11-17 16:29:51,Week 11,Sunday
Darius Cooper,WR,"DET 9 @ PHI 16, Final",,$10,—,0.00,33,2025-11-17 16:29:51,Week 11,Sunday
